planet_name,planet_status,orbital_period,semi_major_axis,star_name,mag_v,star_teff,star_distance,referenced_planet,harmonic_ratio,luminosity,habitable_zone_status,HZ_distance_recent_venus,HZ_distance_runaway_greenhouse,HZ_distance_maximum_greenhouse,HZ_distance_early_mars,stellar_flux_recent_venus,stellar_flux_runaway_greenhouse,stellar_flux_maximum_greenhouse,stellar_flux_early_mars
Barnard's star c,Candidate,4.1243,0.0274,Barnard's star,9.5,3195.0,1.82823,,,0.013551894,Not in HZ,0.09585584276773378,0.12100457807442011,0.23856585101144265,0.25160303500719056,1.4749008173409142,0.9255425570348432,0.2381131831167766,0.21407612990089186
Barnard's Star c,Candidate,103229.8144,5.5,Barnard's star,9.5,3195.0,1.82823,,,0.013551894,Not in HZ,0.09585584276773378,0.12100457807442011,0.23856585101144265,0.25160303500719056,1.4749008173409142,0.9255425570348432,0.2381131831167766,0.21407612990089186
Barnard's star d,Candidate,2.3407,0.0188,Barnard's star,9.5,3195.0,1.82823,,,0.013551894,Not in HZ,0.09585584276773378,0.12100457807442011,0.23856585101144265,0.25160303500719056,1.4749008173409142,0.9255425570348432,0.2381131831167766,0.21407612990089186
Barnard's star e,Candidate,6.7377,0.0381,Barnard's star,9.5,3195.0,1.82823,,,0.013551894,Not in HZ,0.09585584276773378,0.12100457807442011,0.23856585101144265,0.25160303500719056,1.4749008173409142,0.9255425570348432,0.2381131831167766,0.21407612990089186
EPIC 211939692.01,Candidate,26.8549,43.87739057,EPIC 211939692,12.0,6417.0,24949.97293,,,0.001355189,Not in HZ,0.02664811754724976,0.03366446459177012,0.05856787799244032,0.061774229136676566,1.9083885273812649,1.1957942049037682,0.3950762197327473,0.355128231412468
EPIC 211939692.02,Candidate,39.553,43.87739057,EPIC 211939692,12.0,6417.0,24949.97293,,,0.001355189,Not in HZ,0.02664811754724976,0.03366446459177012,0.05856787799244032,0.061774229136676566,1.9083885273812649,1.1957942049037682,0.3950762197327473,0.355128231412468
EPIC 211939692.03,Candidate,230.0,43.87739057,EPIC 211939692,12.0,6417.0,24949.97293,,,0.001355189,Not in HZ,0.02664811754724976,0.03366446459177012,0.05856787799244032,0.061774229136676566,1.9083885273812649,1.1957942049037682,0.3950762197327473,0.355128231412468
EPIC 211939692.04,Candidate,293.0,43.87739057,EPIC 211939692,12.0,6417.0,24949.97293,,,0.001355189,Not in HZ,0.02664811754724976,0.03366446459177012,0.05856787799244032,0.061774229136676566,1.9083885273812649,1.1957942049037682,0.3950762197327473,0.355128231412468
eps Crv b,Candidate,31.50675256,0.305,eps Crv,2.98,4314.0,24949.97293,,,5.495408739,Not in HZ,1.8921304997820714,2.38891064719504,4.45680653007962,4.700685160807179,1.5349627035170157,0.9629421295880473,0.27666386291768064,0.2487010801294724
eps Crv c,Candidate,2.29170595,0.053,eps Crv,2.98,4314.0,24949.97293,,,5.495408739,Not in HZ,1.8921304997820714,2.38891064719504,4.45680653007962,4.700685160807179,1.5349627035170157,0.9629421295880473,0.27666386291768064,0.2487010801294724
Exocomet KIC 3542116 1,Candidate,103229.8144,1.0,KIC 3542116,11.57451405,6925.0,227.7,,,0.002005369,Not in HZ,0.03152004556421165,0.039824322759410266,0.0688444176829638,0.07261262554701414,2.0184622146177147,1.2644378830942433,0.4231134543702765,0.3803382609112319
Exocomet KIC 3542116 2,Candidate,103229.8144,1.0,KIC 3542116,11.57451405,6925.0,227.7,,,0.002005369,Not in HZ,0.03152004556421165,0.039824322759410266,0.0688444176829638,0.07261262554701414,2.0184622146177147,1.2644378830942433,0.4231134543702765,0.3803382609112319
Exocomet KIC 3542116 3,Candidate,103229.8144,1.0,KIC 3542116,11.57451405,6925.0,227.7,,,0.002005369,Not in HZ,0.03152004556421165,0.039824322759410266,0.0688444176829638,0.07261262554701414,2.0184622146177147,1.2644378830942433,0.4231134543702765,0.3803382609112319
Exocomet KIC 3542116 4,Candidate,103229.8144,0.6,KIC 3542116,11.57451405,6925.0,227.7,,,0.002005369,Not in HZ,0.03152004556421165,0.039824322759410266,0.0688444176829638,0.07261262554701414,2.0184622146177147,1.2644378830942433,0.4231134543702765,0.3803382609112319
Exocomet KIC 3542116 5,Candidate,103229.8144,0.6,KIC 3542116,11.57451405,6925.0,227.7,,,0.002005369,Not in HZ,0.03152004556421165,0.039824322759410266,0.0688444176829638,0.07261262554701414,2.0184622146177147,1.2644378830942433,0.4231134543702765,0.3803382609112319
Exocomet KIC 3542116 6,Candidate,103229.8144,5.5,KIC 3542116,11.57451405,6925.0,227.7,,,0.002005369,Not in HZ,0.03152004556421165,0.039824322759410266,0.0688444176829638,0.07261262554701414,2.0184622146177147,1.2644378830942433,0.4231134543702765,0.3803382609112319
Exocomet KIC 3542116 7,Candidate,103229.8144,5.5,KIC 3542116,11.57451405,6925.0,227.7,,,0.002005369,Not in HZ,0.03152004556421165,0.039824322759410266,0.0688444176829638,0.07261262554701414,2.0184622146177147,1.2644378830942433,0.4231134543702765,0.3803382609112319
Exocomet KIC 3542116 8,Candidate,103229.8144,0.6,KIC 3542116,11.57451405,6925.0,227.7,,,0.002005369,Not in HZ,0.03152004556421165,0.039824322759410266,0.0688444176829638,0.07261262554701414,2.0184622146177147,1.2644378830942433,0.4231134543702765,0.3803382609112319
GJ 620 b,Candidate,7.652,0.063,GJ 620,10.0,5988.457018,16.54,,,0.008550667,Not in HZ,0.06870379931898768,0.08678216803428586,0.15224442499609525,0.16057988278213564,1.811500611831698,1.1353741500670544,0.3689072555916748,0.3316024421512944
GJ 620 c,Candidate,27.219,0.148,GJ 620,10.0,5988.457018,16.54,,,0.008550667,Conservative HZ,0.06870379931898768,0.08678216803428586,0.15224442499609525,0.16057988278213564,1.811500611831698,1.1353741500670544,0.3689072555916748,0.3316024421512944
GJ 667 Cd,Candidate,91.61,0.276,GJ 667 C,10.22,3600.0,6.84,,,0.006982324,Not in HZ,0.06848326539762592,0.08645427218330641,0.1671073294897777,0.1762446632739761,1.4887818903012806,0.9341725020334398,0.2500397175748,0.22478537245166405
GJ 667 Ch,Candidate,16.946,0.0893,GJ 667 C,10.22,3600.0,6.84,,,0.006982324,Conservative HZ,0.06848326539762592,0.08645427218330641,0.1671073294897777,0.1762446632739761,1.4887818903012806,0.9341725020334398,0.2500397175748,0.22478537245166405
GJ 739 b,Candidate,45.323,0.21,GJ 739,11.0,5988.457018,14.15,,,0.003404082,Not in HZ,0.043349167756376136,0.05475584753200969,0.09605974028433106,0.10131905871322315,1.8115006118316985,1.1353741500670544,0.36890725559167475,0.3316024421512945
GJ 739 c,Candidate,266.489,0.687,GJ 739,11.0,5988.457018,14.15,,,0.003404082,Not in HZ,0.043349167756376136,0.05475584753200969,0.09605974028433106,0.10131905871322315,1.8115006118316985,1.1353741500670544,0.36890725559167475,0.3316024421512945
GJ 739 d,Candidate,138.73,43.87739057,GJ 739,11.0,5988.457018,14.15,,,0.003404082,Not in HZ,0.043349167756376136,0.05475584753200969,0.09605974028433106,0.10131905871322315,1.8115006118316985,1.1353741500670544,0.36890725559167475,0.3316024421512945
HD 10180 b,Candidate,1.17768,0.02225,HD 10180,7.33,5911.0,39.4,,,0.1,Not in HZ,0.23607072440832347,0.29818201172277153,0.5240663756916891,0.5527594638624235,1.7943854314916245,1.1247010979806245,0.36410564135027607,0.3272861490985556
HD 10180 i,Candidate,9.655,0.0904,HD 10180,7.33,5911.0,39.4,,,0.1,Not in HZ,0.23607072440832347,0.29818201172277153,0.5240663756916891,0.5527594638624235,1.7943854314916245,1.1247010979806245,0.36410564135027607,0.3272861490985556
HD 10180 j,Candidate,67.55,0.33,HD 10180,7.33,5911.0,39.4,,,0.1,Conservative HZ,0.23607072440832347,0.29818201172277153,0.5240663756916891,0.5527594638624235,1.7943854314916245,1.1247010979806245,0.36410564135027607,0.3272861490985556
HD 30177 Ad,Candidate,20.427938,0.1493,HD 30177 A,8.41,5580.0,54.7,,,0.036982818,Not in HZ,0.14644739377813765,0.18495923906835063,0.32800350724622535,0.3459619440928017,1.7243948048,1.0810553744,0.343750252,0.30898923024
HD 30177 Ae,Candidate,59.992133,0.30618,HD 30177 A,8.41,5580.0,54.7,,,0.036982818,Conservative HZ,0.14644739377813765,0.18495923906835063,0.32800350724622535,0.3459619440928017,1.7243948048,1.0810553744,0.343750252,0.30898923024
HD 4917 c,Candidate,821.0,43.87739057,HD 4917,8.04,4802.0,134.4,,,0.0519996,Not in HZ,0.18078867925384742,0.22827998138051409,0.41650891118288413,0.4393078888026939,1.590953692022573,0.9978478961212196,0.2997446275541383,0.26943995586071356
HD 4917 d,Candidate,1093.0,43.87739057,HD 4917,8.04,4802.0,134.4,,,0.0519996,Not in HZ,0.18078867925384742,0.22827998138051409,0.41650891118288413,0.4393078888026939,1.590953692022573,0.9978478961212196,0.2997446275541383,0.26943995586071356
HIP 14342 b,Candidate,103229.8144,43.87739057,HIP 14342,8.66,5988.457018,88.9,,,0.029376497,Not in HZ,0.12734466668715724,0.1608534953271612,0.28218986065225554,0.2976398954970508,1.8115006118316983,1.1353741500670542,0.3689072555916747,0.33160244215129453
HIP 14342 c,Candidate,103229.8144,43.87739057,HIP 14342,8.66,5988.457018,88.9,,,0.029376497,Not in HZ,0.12734466668715724,0.1608534953271612,0.28218986065225554,0.2976398954970508,1.8115006118316983,1.1353741500670542,0.3689072555916747,0.33160244215129453
HIP 96516  b,Candidate,100.7901318,0.424,HIP 96516,5.66,4890.0,177.583,,,0.465586094,Not in HZ,0.5388626952073853,0.6804319008735985,1.2368991236391156,1.3046077511852148,1.6034069528762294,1.0056125097782898,0.30432065976842493,0.27355212413634905
HIP 96516  c,Candidate,206.1564339,0.683,HIP 96516,5.66,4890.0,177.583,,,0.465586094,Conservative HZ,0.5388626952073853,0.6804319008735985,1.2368991236391156,1.3046077511852148,1.6034069528762294,1.0056125097782898,0.30432065976842493,0.27355212413634905
K00521.02,Candidate,10.8204488,0.0958,Kepler-1989 A,14.29,5953.0,1252.13,,,0.000164437,Not in HZ,0.00954827556675557,0.012060627907776922,0.021175749809016837,0.022335136589780365,1.8036391602571682,1.1304717320434898,0.3667093223641737,0.32962665203750185
K00732.02,Candidate,3.29534933,0.044,2MASS J19131869+4722537,11.57451405,5546.0,24949.97293,,,0.002005369,Conservative HZ,0.03416964268871881,0.04315491138116164,0.07660903070202318,0.08080341887746571,1.7175659518753772,1.0767970048445081,0.34169164704360067,0.3071388995342866
K00732.03,Candidate,5.25448795,0.06,2MASS J19131869+4722537,11.57451405,5546.0,24949.97293,,,0.002005369,Conservative HZ,0.03416964268871881,0.04315491138116164,0.07660903070202318,0.08080341887746571,1.7175659518753772,1.0767970048445081,0.34169164704360067,0.3071388995342866
K01082.01,Candidate,6.50323791,0.0654,2MASS J19283467+4709264,11.57451405,5258.0,24949.97293,,,0.002005369,Conservative HZ,0.034724996812657075,0.04385245316090911,0.0785926677137425,0.08289544230945306,1.663067467270157,1.0428131772906595,0.3246610852781862,0.2918320532729407
K01082.02,Candidate,4.09666758,0.048,2MASS J19283467+4709264,11.57451405,5258.0,24949.97293,,,0.002005369,Conservative HZ,0.034724996812657075,0.04385245316090911,0.0785926677137425,0.08289544230945306,1.663067467270157,1.0428131772906595,0.3246610852781862,0.2918320532729407
K01082.04,Candidate,9.6550435,0.0851,2MASS J19283467+4709264,11.57451405,5258.0,24949.97293,,,0.002005369,Not in HZ,0.034724996812657075,0.04385245316090911,0.0785926677137425,0.08289544230945306,1.663067467270157,1.0428131772906595,0.3246610852781862,0.2918320532729407
K01239.01,Candidate,0.783276166,0.0173,2MASS J19284286+4200212,11.57451405,6108.0,24949.97293,,,0.002005369,Not in HZ,0.03302868737187305,0.04172121794541826,0.07300088792288277,0.0769976603532873,1.8382800268674373,1.1520739082117488,0.3763032871029453,0.33825111686927534
K01239.02,Candidate,3.17405968,0.0441,2MASS J19284286+4200212,11.57451405,6108.0,24949.97293,,,0.002005369,Conservative HZ,0.03302868737187305,0.04172121794541826,0.07300088792288277,0.0769976603532873,1.8382800268674373,1.1520739082117488,0.3763032871029453,0.33825111686927534
K01499.02,Candidate,0.840591182,0.0161,2MASS J19505382+4331387,11.57451405,5440.0,24949.97293,,,0.002005369,Not in HZ,0.034378234940276156,0.0434169340032979,0.07733206174988563,0.08156597821346535,1.6967862909540805,1.06383921298384,0.33533209251880003,0.30142286891630404
K01499.03,Candidate,6.20925415,0.061,2MASS J19505382+4331387,11.57451405,5440.0,24949.97293,,,0.002005369,Conservative HZ,0.034378234940276156,0.0434169340032979,0.07733206174988563,0.08156597821346535,1.6967862909540805,1.06383921298384,0.33533209251880003,0.30142286891630404
K01590.01,Candidate,12.89010472,0.0973,Kepler-1756,11.57451405,4915.0,756.88,,,0.002005369,Not in HZ,0.035324741572831345,0.04460550228835817,0.08100100939827819,0.08543510541985892,1.607075611560015,1.007899961808143,0.3056422832330265,0.2747398000322218
K01590.03,Candidate,4.74664825,0.05,Kepler-1756,11.57451405,4915.0,756.88,,,0.002005369,Conservative HZ,0.035324741572831345,0.04460550228835817,0.08100100939827819,0.08543510541985892,1.607075611560015,1.007899961808143,0.3056422832330265,0.2747398000322218
K01681.01,Candidate,6.93911381,0.0532,Kepler-1984 A,16.19,3638.0,203.05,,,2.86e-05,Not in HZ,0.004380582436395022,0.0055301356766230695,0.010668942189184655,0.011252342034574607,1.490398202181055,0.9351783848603836,0.2512599733663494,0.225881250550484
K01681.03,Candidate,3.53106745,0.0339,Kepler-1984 A,16.19,3638.0,203.05,,,2.86e-05,Not in HZ,0.004380582436395022,0.0055301356766230695,0.010668942189184655,0.011252342034574607,1.490398202181055,0.9351783848603836,0.2512599733663494,0.225881250550484
K01681.04,Candidate,21.9140546,0.1092,Kepler-1984 A,16.19,3638.0,203.05,,,2.86e-05,Not in HZ,0.004380582436395022,0.0055301356766230695,0.010668942189184655,0.011252342034574607,1.490398202181055,0.9351783848603836,0.2512599733663494,0.225881250550484
K01860.03,Candidate,3.076452083,0.0414,2MASS J19261367+3913382,11.57451405,5977.0,24949.97293,,,0.002005369,Not in HZ,0.03329531891684941,0.04205633100365391,0.07380009990954119,0.07784069670839742,1.8089557310907642,1.1337871560877093,0.3681971288259429,0.3309640850060051
K01860.04,Candidate,24.8435099,0.1667,2MASS J19261367+3913382,11.57451405,5977.0,24949.97293,,,0.002005369,Not in HZ,0.03329531891684941,0.04205633100365391,0.07380009990954119,0.07784069670839742,1.8089557310907642,1.1337871560877093,0.3681971288259429,0.3309640850060051
K01884.01,Candidate,23.11844759,0.1437,2MASS J19433657+3955060,11.57451405,5275.0,24949.97293,,,0.002005369,Not in HZ,0.03469331975092429,0.04381267148796438,0.07847411273540501,0.08277041482049168,1.666105812501314,1.0447077746920432,0.3256427915037765,0.2927143633674118
K01884.02,Candidate,4.77502001,0.0502,2MASS J19433657+3955060,11.57451405,5275.0,24949.97293,,,0.002005369,Conservative HZ,0.03469331975092429,0.04381267148796438,0.07847411273540501,0.08277041482049168,1.666105812501314,1.0447077746920432,0.3256427915037765,0.2927143633674118
K02037.02,Candidate,5.47715929,0.0576,Kepler-1995,15.51,4693.0,595.331,,,5.35e-05,Not in HZ,0.005825400352603301,0.007355472562761478,0.013484089536800567,0.014222141222900817,1.5765299531504064,0.9888550194612235,0.29424597221386223,0.2644988623829096
K02037.03,Candidate,8.56266484,0.0776,Kepler-1995,15.51,4693.0,595.331,,,5.35e-05,Not in HZ,0.005825400352603301,0.007355472562761478,0.013484089536800567,0.014222141222900817,1.5765299531504064,0.9888550194612235,0.29424597221386223,0.2644988623829096
K02093.01,Candidate,6.78341538,0.0732,2MASS J19314900+4156052,11.57451405,6487.0,24949.97293,,,0.002005369,Optimistic HZ,0.032282901655240316,0.04078366412598877,0.07087610292817953,0.074756197683617,1.924195394749625,1.205651564674127,0.39920377253967443,0.35883920804829245
K02093.02,Candidate,2.5081152,0.0377,2MASS J19314900+4156052,11.57451405,6487.0,24949.97293,,,0.002005369,Not in HZ,0.032282901655240316,0.04078366412598877,0.07087610292817953,0.074756197683617,1.924195394749625,1.205651564674127,0.39920377253967443,0.35883920804829245
K02093.03,Candidate,0.992140132,0.0203,2MASS J19314900+4156052,11.57451405,6487.0,24949.97293,,,0.002005369,Not in HZ,0.032282901655240316,0.04078366412598877,0.07087610292817953,0.074756197683617,1.924195394749625,1.205651564674127,0.39920377253967443,0.35883920804829245
K02220.04,Candidate,7.66464553,0.0733,2MASS J19363310+4222138,11.57451405,5975.0,24949.97293,,,0.002005369,Conservative HZ,0.03329940393839182,0.0420614648901634,0.07381252744382591,0.07785380545756469,1.808511929160764,1.133510400184393,0.3680731553651515,0.33085264125844677
K02220.05,Candidate,11.9294568,0.0984,2MASS J19363310+4222138,11.57451405,5975.0,24949.97293,,,0.002005369,Not in HZ,0.03329940393839182,0.0420614648901634,0.07381252744382591,0.07785380545756469,1.808511929160764,1.133510400184393,0.3680731553651515,0.33085264125844677
K02248.02,Candidate,9.4907638,0.082,Kepler-1813 A,15.682,5167.0,809.32,,,4.56e-05,Not in HZ,0.00526147641392918,0.006644276377682981,0.011947339539277142,0.012601413419341427,1.6472123391268452,1.032926606345108,0.31946437131329736,0.28716157254572205
K02248.04,Candidate,2.64622695,0.035,Kepler-1813 A,15.682,5167.0,809.32,,,4.56e-05,Not in HZ,0.00526147641392918,0.006644276377682981,0.011947339539277142,0.012601413419341427,1.6472123391268452,1.032926606345108,0.31946437131329736,0.28716157254572205
K02311.01,Candidate,191.864193,43.87739057,2MASS J19085788+3919579,11.57451405,5988.457018,24949.97293,,,0.002005369,Not in HZ,0.033271923286914785,0.04202692814851236,0.07372903506852481,0.0777657363101955,1.8115006118316985,1.1353741500670544,0.36890725559167475,0.33160244215129453
K02311.02,Candidate,13.72549689,43.87739057,2MASS J19085788+3919579,11.57451405,5988.457018,24949.97293,,,0.002005369,Not in HZ,0.033271923286914785,0.04202692814851236,0.07372903506852481,0.0777657363101955,1.8115006118316985,1.1353741500670544,0.36890725559167475,0.33160244215129453
K02357.01,Candidate,2.42087351,0.0349,2MASS J19324890+4303252,11.57451405,5982.0,24949.97293,,,0.002005369,Not in HZ,0.033285107565982276,0.042043497755446704,0.0737690597127287,0.07780795501234758,1.8100658200444493,1.1344794102241869,0.36850705051643906,0.3312426839087369
K02357.02,Candidate,15.9042292,0.1224,2MASS J19324890+4303252,11.57451405,5982.0,24949.97293,,,0.002005369,Not in HZ,0.033285107565982276,0.042043497755446704,0.0737690597127287,0.07780795501234758,1.8100658200444493,1.1344794102241869,0.36850705051643906,0.3312426839087369
K02369.02,Candidate,6.3143447,0.068,2MASS J19025298+4051250,11.57451405,6075.0,24949.97293,,,0.002005369,Conservative HZ,0.033095630239441724,0.04180535835647976,0.07319939228280632,0.07720705250457958,1.8308509325481142,1.1474410847684429,0.37426511282677644,0.33641887273825183
K02369.03,Candidate,7.227407,0.0744,2MASS J19025298+4051250,11.57451405,6075.0,24949.97293,,,0.002005369,Optimistic HZ,0.033095630239441724,0.04180535835647976,0.07319939228280632,0.07720705250457958,1.8308509325481142,1.1474410847684429,0.37426511282677644,0.33641887273825183
K02410.01,Candidate,186.6543548,43.87739057,2MASS J19025831+4451281,11.57451405,5988.457018,24949.97293,,,0.002005369,Not in HZ,0.033271923286914785,0.04202692814851236,0.07372903506852481,0.0777657363101955,1.8115006118316985,1.1353741500670544,0.36890725559167475,0.33160244215129453
K02410.02,Candidate,86.59322294,43.87739057,2MASS J19025831+4451281,11.57451405,5988.457018,24949.97293,,,0.002005369,Not in HZ,0.033271923286914785,0.04202692814851236,0.07372903506852481,0.0777657363101955,1.8115006118316985,1.1353741500670544,0.36890725559167475,0.33160244215129453
K02421.01,Candidate,2.27049088,0.0275,2MASS J19534063+4504172,11.57451405,4671.0,24949.97293,,,0.002005369,Not in HZ,0.03569675848117252,0.04507246157132609,0.0827075548202768,0.08723449456968693,1.5737535955482038,0.9871240722985273,0.2931594742703972,0.26352255879626396
K02421.02,Candidate,4.02320508,0.0402,2MASS J19534063+4504172,11.57451405,4671.0,24949.97293,,,0.002005369,Not in HZ,0.03569675848117252,0.04507246157132609,0.0827075548202768,0.08723449456968693,1.5737535955482038,0.9871240722985273,0.2931594742703972,0.26352255879626396
K02449.01,Candidate,53.3572551,0.2806,2MASS J19261212+5049322,11.57451405,5893.0,24949.97293,,,0.002005369,Not in HZ,0.033467032099716194,0.0422721243732708,0.07432754069542064,0.07839704278940907,1.790440514424283,1.1222410477672702,0.36299009155749024,0.32628336690498944
K02449.02,Candidate,0.912340414,0.0186,2MASS J19261212+5049322,11.57451405,5893.0,24949.97293,,,0.002005369,Not in HZ,0.033467032099716194,0.0422721243732708,0.07432754069542064,0.07839704278940907,1.790440514424283,1.1222410477672702,0.36299009155749024,0.32628336690498944
K02554.01,Candidate,39.7559367,0.1829,2MASS J19293114+4738406,11.57451405,4401.0,24949.97293,,,0.002005369,Not in HZ,0.036046715775637686,0.04551159583190094,0.08455573466773905,0.08918298474553508,1.5433445502650274,0.9681667625674588,0.2804840453681408,0.2521333481439033
K02554.02,Candidate,10.27130881,0.0742,2MASS J19293114+4738406,11.57451405,4401.0,24949.97293,,,0.002005369,Conservative HZ,0.036046715775637686,0.04551159583190094,0.08455573466773905,0.08918298474553508,1.5433445502650274,0.9681667625674588,0.2804840453681408,0.2521333481439033
K02610.01,Candidate,24.1071656,0.1872,2MASS J19282240+3736485,11.57451405,6585.0,24949.97293,,,0.002005369,Not in HZ,0.03210059446656109,0.04055443073473946,0.07037850826957584,0.07423123660479758,1.946113417352264,1.2193199454918935,0.40486868060190156,0.36393255482039677
K02610.02,Candidate,115.229503,0.5311,2MASS J19282240+3736485,11.57451405,6585.0,24949.97293,,,0.002005369,Not in HZ,0.03210059446656109,0.04055443073473946,0.07037850826957584,0.07423123660479758,1.946113417352264,1.2193199454918935,0.40486868060190156,0.36393255482039677
K02639.01,Candidate,25.1080579,0.1707,2MASS J19012764+4912056,11.57451405,6133.0,24949.97293,,,0.002005369,Not in HZ,0.032978108309972595,0.04165764342822932,0.0728518261005944,0.07684042132116661,1.8439231510696374,1.1555929949801207,0.37784476772144776,0.3396368639805184
K02639.02,Candidate,2.121023807,0.0329,2MASS J19012764+4912056,11.57451405,6133.0,24949.97293,,,0.002005369,Not in HZ,0.032978108309972595,0.04165764342822932,0.0728518261005944,0.07684042132116661,1.8439231510696374,1.1555929949801207,0.37784476772144776,0.3396368639805184
K02696.01,Candidate,96.4561033,0.4615,2MASS J18573982+4839288,11.57451405,7030.0,24949.97293,,,0.002005369,Not in HZ,0.03136089003668735,0.03962413311602091,0.0684367446451099,0.07218243691235629,2.03900146484375,1.2772465820312497,0.42816938476562505,0.38488520507812496
K02696.02,Candidate,44.5645251,0.2758,2MASS J18573982+4839288,11.57451405,7030.0,24949.97293,,,0.002005369,Not in HZ,0.03136089003668735,0.03962413311602091,0.0684367446451099,0.07218243691235629,2.03900146484375,1.2772465820312497,0.42816938476562505,0.38488520507812496
K02840.01,Candidate,3.67934645,0.043,2MASS J19532486+4149122,11.57451405,5676.0,24949.97293,,,0.002005369,Conservative HZ,0.03390897568964677,0.04282743550790605,0.07573715317172282,0.07988384364338708,1.744074190163284,1.0933272122704238,0.34960396031945723,0.3142507994535236
K02840.02,Candidate,7.446473,0.0688,2MASS J19532486+4149122,11.57451405,5676.0,24949.97293,,,0.002005369,Conservative HZ,0.03390897568964677,0.04282743550790605,0.07573715317172282,0.07988384364338708,1.744074190163284,1.0933272122704238,0.34960396031945723,0.3142507994535236
K02859.03,Candidate,4.28884513,0.0455,2MASS J19151953+4733071,11.57451405,5374.0,24949.97293,,,0.002005369,Conservative HZ,0.0345058282668394,0.04357719574802842,0.07778678328827347,0.0820455469071574,1.6842609674824638,1.0560287415189118,0.3314230213077735,0.2979094422921385
K02859.04,Candidate,2.90513091,0.0351,2MASS J19151953+4733071,11.57451405,5374.0,24949.97293,,,0.002005369,Not in HZ,0.0345058282668394,0.04357719574802842,0.07778678328827347,0.0820455469071574,1.6842609674824638,1.0560287415189118,0.3314230213077735,0.2979094422921385
K02859.05,Candidate,5.43099314,0.0532,2MASS J19151953+4733071,11.57451405,5374.0,24949.97293,,,0.002005369,Conservative HZ,0.0345058282668394,0.04357719574802842,0.07778678328827347,0.0820455469071574,1.6842609674824638,1.0560287415189118,0.3314230213077735,0.2979094422921385
K02949.01,Candidate,10.1749173,0.0974,2MASS J19033018+4119567,11.57451405,6197.0,24949.97293,,,0.002005369,Not in HZ,0.032849264095397505,0.04149568802954379,0.07247557817878988,0.07644352817126014,1.8584163071735977,1.164631030499272,0.3817780187210671,0.34317279399755474
K02949.02,Candidate,3.75032103,0.0501,2MASS J19033018+4119567,11.57451405,6197.0,24949.97293,,,0.002005369,Conservative HZ,0.032849264095397505,0.04149568802954379,0.07247557817878988,0.07644352817126014,1.8584163071735977,1.164631030499272,0.3817780187210671,0.34317279399755474
K02971.01,Candidate,6.0960013,0.0663,2MASS J19493448+3949445,11.57451405,6234.0,24949.97293,,,0.002005369,Conservative HZ,0.03277526709451348,0.04140267043380899,0.07226168007176703,0.07621788984951348,1.8668173047700232,1.1698699616471526,0.38404152703098626,0.34520768504874993
K02971.02,Candidate,31.9536205,0.2001,2MASS J19493448+3949445,11.57451405,6234.0,24949.97293,,,0.002005369,Not in HZ,0.03277526709451348,0.04140267043380899,0.07226168007176703,0.07621788984951348,1.8668173047700232,1.1698699616471526,0.38404152703098626,0.34520768504874993
K03029.01,Candidate,18.9762163,0.133,2MASS J19550200+4109355,11.57451405,5472.0,24949.97293,,,0.002005369,Not in HZ,0.03431570761368996,0.043338393476465155,0.07711277662762729,0.08133470729113706,1.7029754199160378,1.0676986178608205,0.33724196777616455,0.3031394658295437
K03029.02,Candidate,6.34728429,0.0641,2MASS J19550200+4109355,11.57451405,5472.0,24949.97293,,,0.002005369,Conservative HZ,0.03431570761368996,0.043338393476465155,0.07711277662762729,0.08133470729113706,1.7029754199160378,1.0676986178608205,0.33724196777616455,0.3031394658295437
K03043.01,Candidate,3.08941419,0.0408,2MASS J19334338+4641315,11.57451405,5959.0,24949.97293,,,0.002005369,Not in HZ,0.03333209298843321,0.04210254677830796,0.0739121817432699,0.07795892204102658,1.804966424354786,1.1312994161893979,0.3670812932910609,0.3299610267595853
K03043.02,Candidate,7.2929891,0.0723,2MASS J19334338+4641315,11.57451405,5959.0,24949.97293,,,0.002005369,Conservative HZ,0.03333209298843321,0.04210254677830796,0.0739121817432699,0.07795892204102658,1.804966424354786,1.1312994161893979,0.3670812932910609,0.3299610267595853
K03068.01,Candidate,3.91679363,0.0442,2MASS J19210246+3821179,11.57451405,4886.0,24949.97293,,,0.002005369,Not in HZ,0.03537154677216243,0.04466425958590964,0.08120480795839927,0.0856500014335964,1.6028253180719738,1.005249855230355,0.3041100760814215,0.2733628842001659
K03068.02,Candidate,6.65169435,0.0629,2MASS J19210246+3821179,11.57451405,4886.0,24949.97293,,,0.002005369,Conservative HZ,0.03537154677216243,0.04466425958590964,0.08120480795839927,0.0856500014335964,1.6028253180719738,1.005249855230355,0.3041100760814215,0.2733628842001659
K03083.01,Candidate,10.18316272,0.0929,2MASS J19115492+4240456,11.57451405,5942.0,24949.97293,,,0.002005369,Not in HZ,0.03336683937071978,0.042146213509053884,0.07401851544576254,0.0780710836272005,1.801209197115921,1.128956403533884,0.3660273657527046,0.3290136243211376
K03083.02,Candidate,6.23219191,0.067,2MASS J19115492+4240456,11.57451405,5942.0,24949.97293,,,0.002005369,Conservative HZ,0.03336683937071978,0.042146213509053884,0.07401851544576254,0.0780710836272005,1.801209197115921,1.128956403533884,0.3660273657527046,0.3290136243211376
K03083.03,Candidate,8.2942479,0.081,2MASS J19115492+4240456,11.57451405,5942.0,24949.97293,,,0.002005369,Not in HZ,0.03336683937071978,0.042146213509053884,0.07401851544576254,0.0780710836272005,1.801209197115921,1.128956403533884,0.3660273657527046,0.3290136243211376
K03111.01,Candidate,10.76798991,0.1016,2MASS J19541844+4437178,11.57451405,6070.0,24949.97293,,,0.002005369,Not in HZ,0.033105788974087585,0.04181812662630742,0.07322963885380078,0.07723895790225782,1.82972748702743,1.1467404985918899,0.3739560057864251,0.336140998428909
K03111.02,Candidate,4.32849536,0.0553,2MASS J19541844+4437178,11.57451405,6070.0,24949.97293,,,0.002005369,Conservative HZ,0.033105788974087585,0.04181812662630742,0.07322963885380078,0.07723895790225782,1.82972748702743,1.1467404985918899,0.3739560057864251,0.336140998428909
K03196.01,Candidate,4.96064303,0.0607,2MASS J18532411+4520208,11.57451405,6422.0,24949.97293,,,0.002005369,Conservative HZ,0.03240671235424844,0.040939333153390677,0.071218631507983,0.07511755395536314,1.909520602636351,1.1965001805717441,0.3953730368596615,0.3553950887217608
K03196.02,Candidate,6.88298548,0.0755,2MASS J18532411+4520208,11.57451405,6422.0,24949.97293,,,0.002005369,Not in HZ,0.03240671235424844,0.040939333153390677,0.071218631507983,0.07511755395536314,1.909520602636351,1.1965001805717441,0.3953730368596615,0.3553950887217608
K03283.02,Candidate,20.5719613,0.1353,2MASS J19042138+4522084,11.57451405,4944.0,24949.97293,,,0.002005369,Not in HZ,0.03527727492983195,0.044545912738957645,0.08079708194519969,0.0852200709673154,1.6114032590144471,1.0105983227813142,0.30718707936159795,0.27612804244435535
K03283.03,Candidate,87.707513,0.3558,2MASS J19042138+4522084,11.57451405,4944.0,24949.97293,,,0.002005369,Not in HZ,0.03527727492983195,0.044545912738957645,0.08079708194519969,0.0852200709673154,1.6114032590144471,1.0105983227813142,0.30718707936159795,0.27612804244435535
K03340.01,Candidate,8.9539813,0.0823,2MASS J19060244+3837059,11.57451405,6168.0,24949.97293,,,0.002005369,Not in HZ,0.03290752354300092,0.04156892055569293,0.072645097828566,0.07662235050407201,1.8518418551940463,1.1605311528031714,0.37999831530875966,0.34157286004525855
K03340.02,Candidate,13.7280953,0.1094,2MASS J19060244+3837059,11.57451405,6168.0,24949.97293,,,0.002005369,Not in HZ,0.03290752354300092,0.04156892055569293,0.072645097828566,0.07662235050407201,1.8518418551940463,1.1605311528031714,0.37999831530875966,0.34157286004525855
K03341.01,Candidate,27.0968975,0.1832,2MASS J19285514+4048322,11.57451405,6202.0,24949.97293,,,0.002005369,Not in HZ,0.03283924178088685,0.041483089711298916,0.07244651546450563,0.07641287043771568,1.8595508324501002,1.1653385294077667,0.3820843890398824,0.3434482190816178
K03341.02,Candidate,11.5474155,0.1038,2MASS J19285514+4048322,11.57451405,6202.0,24949.97293,,,0.002005369,Not in HZ,0.03283924178088685,0.041483089711298916,0.07244651546450563,0.07641287043771568,1.8595508324501002,1.1653385294077667,0.3820843890398824,0.3434482190816178
K03395.01,Candidate,10.0051616,0.0873,2MASS J19060969+3819573,11.57451405,5912.0,24949.97293,,,0.002005369,Not in HZ,0.03342817868720499,0.042223298530304876,0.07420727465038471,0.07827018695220705,1.7946049741101218,1.1248380048224125,0.36416762458369095,0.32734186678412464
K03395.02,Candidate,5.0395851,0.0552,2MASS J19060969+3819573,11.57451405,5912.0,24949.97293,,,0.002005369,Conservative HZ,0.03342817868720499,0.042223298530304876,0.07420727465038471,0.07827018695220705,1.7946049741101218,1.1248380048224125,0.36416762458369095,0.32734186678412464
K03398.02,Candidate,35.8022845,0.2152,2MASS J19415954+3838402,11.57451405,6444.0,24949.97293,,,0.002005369,Not in HZ,0.03236456907351189,0.04088634676319627,0.07110161307195702,0.07499410429692265,1.9144967762170397,1.1996033830201303,0.3966755110079181,0.35656610111732484
K03398.03,Candidate,4.32708542,0.0526,2MASS J19415954+3838402,11.57451405,6444.0,24949.97293,,,0.002005369,Conservative HZ,0.03236456907351189,0.04088634676319627,0.07110161307195702,0.07499410429692265,1.9144967762170397,1.1996033830201303,0.3966755110079181,0.35656610111732484
K03420.01,Candidate,5.7745081,0.0646,2MASS J19360367+4249277,11.57451405,6063.0,24949.97293,,,0.002005369,Conservative HZ,0.03312001763884189,0.04183601019077955,0.07327205837505577,0.07728370378117466,1.8281556891533488,1.1457603179136682,0.373523141109758,0.33575187188692873
K03420.02,Candidate,12.5015232,0.1082,2MASS J19360367+4249277,11.57451405,6063.0,24949.97293,,,0.002005369,Not in HZ,0.03312001763884189,0.04183601019077955,0.07327205837505577,0.07728370378117466,1.8281556891533488,1.1457603179136682,0.373523141109758,0.33575187188692873
K03444.01,Candidate,12.67140393,0.0899,2MASS J19494301+4033428,11.57451405,3842.0,24949.97293,,,0.002005369,Optimistic HZ,0.03655839056097474,0.046153245750040296,0.08813534852983491,0.09295594370774109,1.500445276691255,0.941433829704815,0.25816302700012866,0.2320812038485924
K03444.02,Candidate,60.32665084,0.2543,2MASS J19494301+4033428,11.57451405,3842.0,24949.97293,,,0.002005369,Not in HZ,0.03655839056097474,0.046153245750040296,0.08813534852983491,0.09295594370774109,1.500445276691255,0.941433829704815,0.25816302700012866,0.2320812038485924
K03444.03,Candidate,2.63597899,0.0315,2MASS J19494301+4033428,11.57451405,3842.0,24949.97293,,,0.002005369,Not in HZ,0.03655839056097474,0.046153245750040296,0.08813534852983491,0.09295594370774109,1.500445276691255,0.941433829704815,0.25816302700012866,0.2320812038485924
K03444.04,Candidate,14.15020327,0.0967,2MASS J19494301+4033428,11.57451405,3842.0,24949.97293,,,0.002005369,Not in HZ,0.03655839056097474,0.046153245750040296,0.08813534852983491,0.09295594370774109,1.500445276691255,0.941433829704815,0.25816302700012866,0.2320812038485924
K03462.01,Candidate,12.4327236,0.1054,2MASS J19504847+4649239,11.57451405,5896.0,24949.97293,,,0.002005369,Not in HZ,0.03346089742311251,0.04226441518196627,0.0743085148276532,0.07837697447305272,1.7910970885902697,1.1226504872415715,0.36317599449544763,0.32645047710975766
K03462.02,Candidate,30.9904663,0.1938,2MASS J19504847+4649239,11.57451405,5896.0,24949.97293,,,0.002005369,Not in HZ,0.03346089742311251,0.04226441518196627,0.0743085148276532,0.07837697447305272,1.7910970885902697,1.1226504872415715,0.36317599449544763,0.32645047710975766
K03741.02,Candidate,18.577356,0.1402,2MASS J20011977+4459100,11.57451405,6432.0,24949.97293,,,0.002005369,Not in HZ,0.03238752711115292,0.04091521183540182,0.07116530506027627,0.0750612968502921,1.9117835396841423,1.1979113754548505,0.39596579027948614,0.3559280129336481
K03741.04,Candidate,9.630953,0.0905,2MASS J20011977+4459100,11.57451405,6432.0,24949.97293,,,0.002005369,Not in HZ,0.03238752711115292,0.04091521183540182,0.07116530506027627,0.0750612968502921,1.9117835396841423,1.1979113754548505,0.39596579027948614,0.3559280129336481
K04021.01,Candidate,7.23532906,0.0841,2MASS J19360824+5022179,11.57451405,7232.0,24949.97293,,,0.002005369,Not in HZ,0.03108760023839186,0.03928034926915579,0.067749823860286,0.07145748627465426,2.0750085946378194,1.2997014863986969,0.4368958870060141,0.39273429579486796
K04021.02,Candidate,4.93209467,0.0651,2MASS J19360824+5022179,11.57451405,7232.0,24949.97293,,,0.002005369,Conservative HZ,0.03108760023839186,0.03928034926915579,0.067749823860286,0.07145748627465426,2.0750085946378194,1.2997014863986969,0.4368958870060141,0.39273429579486796
K04084.02,Candidate,10.72900793,0.0944,2MASS J19041258+3905457,11.57451405,5375.0,24949.97293,,,0.002005369,Not in HZ,0.03450390966820124,0.04357478600171072,0.07777987080110328,0.08203825677787079,1.6844482802056644,1.056145544467093,0.3314819326729015,0.29796239063431673
K04084.03,Candidate,8.1961838,0.0789,2MASS J19041258+3905457,11.57451405,5375.0,24949.97293,,,0.002005369,Optimistic HZ,0.03450390966820124,0.04357478600171072,0.07777987080110328,0.08203825677787079,1.6844482802056644,1.056145544467093,0.3314819326729015,0.29796239063431673
K04136.01,Candidate,2.41749255,0.0346,2MASS J18471756+4248402,11.57451405,5770.0,24949.97293,,,0.002005369,Not in HZ,0.033718192584766146,0.04258772748243194,0.07511882392605541,0.07923166665618797,1.7638665462890302,1.10566958828869,0.355383072092425,0.319445455468989
K04136.02,Candidate,4.03358484,0.0487,2MASS J18471756+4248402,11.57451405,5770.0,24949.97293,,,0.002005369,Conservative HZ,0.033718192584766146,0.04258772748243194,0.07511882392605541,0.07923166665618797,1.7638665462890302,1.10566958828869,0.355383072092425,0.319445455468989
K04149.01,Candidate,9.54698999,0.0953,2MASS J19475090+4815230,11.57451405,6271.0,24949.97293,,,0.002005369,Not in HZ,0.03270168784360962,0.0413101748105015,0.07205052183329838,0.0759951393207143,1.8752274852698867,1.1751146256207605,0.3862958441562692,0.34723433805381204
K04149.02,Candidate,14.7087355,0.1271,2MASS J19475090+4815230,11.57451405,6271.0,24949.97293,,,0.002005369,Not in HZ,0.03270168784360962,0.0413101748105015,0.07205052183329838,0.0759951393207143,1.8752274852698867,1.1751146256207605,0.3862958441562692,0.34723433805381204
K04287.01,Candidate,13.12307232,0.1155,2MASS J19214999+4839409,11.57451405,6344.0,24949.97293,,,0.002005369,Not in HZ,0.032557923734488806,0.04112944157213892,0.07164221788861858,0.07556441283589246,1.8918247116949465,1.1854648221947157,0.39071155262163004,0.35120417740196436
K04287.02,Candidate,9.6184,0.0939,2MASS J19214999+4839409,11.57451405,6344.0,24949.97293,,,0.002005369,Not in HZ,0.032557923734488806,0.04112944157213892,0.07164221788861858,0.07556441283589246,1.8918247116949465,1.1854648221947157,0.39071155262163004,0.35120417740196436
K04421.01,Candidate,4.72697256,0.0548,2MASS J19362997+4640224,11.57451405,6183.0,24949.97293,,,0.002005369,Conservative HZ,0.0328773622660595,0.04153100787108627,0.07255721258803936,0.07652964259842666,1.855241126366239,1.1626509633538684,0.3809194220553248,0.34240092310120984
K04421.02,Candidate,6.5596176,0.0682,2MASS J19362997+4640224,11.57451405,6183.0,24949.97293,,,0.002005369,Conservative HZ,0.0328773622660595,0.04153100787108627,0.07255721258803936,0.07652964259842666,1.855241126366239,1.1626509633538684,0.3809194220553248,0.34240092310120984
K04435.01,Candidate,10.8614955,0.0982,2MASS J18474936+4415415,11.57451405,6328.0,24949.97293,,,0.002005369,Not in HZ,0.032589260926323964,0.04116883818054719,0.07173074637853202,0.0756578038154138,1.8881881781355478,1.1831970415608082,0.389747732755262,0.35033766907164227
K04435.02,Candidate,17.8693759,0.1369,2MASS J18474936+4415415,11.57451405,6328.0,24949.97293,,,0.002005369,Not in HZ,0.032589260926323964,0.04116883818054719,0.07173074637853202,0.0756578038154138,1.8881881781355478,1.1831970415608082,0.389747732755262,0.35033766907164227
K04504.01,Candidate,4.13034253,0.048,2MASS J19251058+4154462,11.57451405,5487.0,24949.97293,,,0.002005369,Conservative HZ,0.03428625984139408,0.04330140325374939,0.07701027611733684,0.08122660348290056,1.7059019781659095,1.0695235600450592,0.33814030187256444,0.30394689433916156
K04504.02,Candidate,8.11935247,0.0754,2MASS J19251058+4154462,11.57451405,5487.0,24949.97293,,,0.002005369,Conservative HZ,0.03428625984139408,0.04330140325374939,0.07701027611733684,0.08122660348290056,1.7059019781659095,1.0695235600450592,0.33814030187256444,0.30394689433916156
K04526.01,Candidate,30.539288,0.1967,2MASS J19435254+3852018,11.57451405,6148.0,24949.97293,,,0.002005369,Not in HZ,0.032947823574979676,0.041619576809766724,0.07276294569231377,0.07674666458773986,1.847314476047434,1.1577078475631166,0.3787684111453389,0.3404671982645182
K04526.02,Candidate,11.8186611,0.1044,2MASS J19435254+3852018,11.57451405,6148.0,24949.97293,,,0.002005369,Not in HZ,0.032947823574979676,0.041619576809766724,0.07276294569231377,0.07674666458773986,1.847314476047434,1.1577078475631166,0.3787684111453389,0.3404671982645182
K04541.01,Candidate,8.52917865,0.0806,2MASS J18530028+4043231,11.57451405,5915.0,24949.97293,,,0.002005369,Not in HZ,0.033422044030737647,0.04221558921972203,0.07418833576713638,0.078250210281175,1.7952638383845145,1.125248872821643,0.3643535785717765,0.32750902379157176
K04541.02,Candidate,17.2360532,0.1288,2MASS J18530028+4043231,11.57451405,5915.0,24949.97293,,,0.002005369,Not in HZ,0.033422044030737647,0.04221558921972203,0.07418833576713638,0.078250210281175,1.7952638383845145,1.125248872821643,0.3643535785717765,0.32750902379157176
K04567.01,Candidate,14.7441194,0.1182,2MASS J20061507+4414254,11.57451405,6146.0,24949.97293,,,0.002005369,Not in HZ,0.03295185867050756,0.04162464878363102,0.07277477205762557,0.076759139816841,1.846862080687108,1.1574257307706455,0.37864531657555256,0.34035653883929695
K04567.02,Candidate,4.6725405,0.0549,2MASS J20061507+4414254,11.57451405,6146.0,24949.97293,,,0.002005369,Conservative HZ,0.03295185867050756,0.04162464878363102,0.07277477205762557,0.076759139816841,1.846862080687108,1.1574257307706455,0.37864531657555256,0.34035653883929695
K04647.01,Candidate,37.9046277,0.2241,2MASS J19210223+4653064,11.57451405,5303.0,24949.97293,,,0.002005369,Not in HZ,0.03464080281481777,0.04374671647825672,0.07827915727838856,0.08256481424089479,1.6711614169517903,1.0478602697146449,0.3272668482178776,0.294173996635731
K04647.02,Candidate,12.0086886,0.1041,2MASS J19210223+4653064,11.57451405,5303.0,24949.97293,,,0.002005369,Not in HZ,0.03464080281481777,0.04374671647825672,0.07827915727838856,0.08256481424089479,1.6711614169517903,1.0478602697146449,0.3272668482178776,0.294173996635731
K04782.01,Candidate,7.4213444,0.0758,2MASS J19514768+4515181,11.57451405,6032.0,24949.97293,,,0.002005369,Optimistic HZ,0.033183112748381864,0.04191531101519375,0.07346094635817604,0.07748294963167278,1.8212101068018645,1.141429022953807,0.371604752373822,0.3340273336439662
K04782.02,Candidate,4.2925774,0.0527,2MASS J19514768+4515181,11.57451405,6032.0,24949.97293,,,0.002005369,Conservative HZ,0.033183112748381864,0.04191531101519375,0.07346094635817604,0.07748294963167278,1.8212101068018645,1.141429022953807,0.371604752373822,0.3340273336439662
K04838.01,Candidate,13.2971131,0.0947,2MASS J18570445+4411511,11.57451405,4349.0,24949.97293,,,0.002005369,Not in HZ,0.03610631519339148,0.045586365773984665,0.08490439971354022,0.08955054150329113,1.5382536668547844,0.964993427499791,0.27818512605765305,0.25006785244994906
K04838.02,Candidate,6.33355378,0.0578,2MASS J18570445+4411511,11.57451405,4349.0,24949.97293,,,0.002005369,Conservative HZ,0.03610631519339148,0.045586365773984665,0.08490439971354022,0.08955054150329113,1.5382536668547844,0.964993427499791,0.27818512605765305,0.25006785244994906
K04871.01,Candidate,4.08194098,0.051,2MASS J19140696+4216345,11.57451405,6532.0,24949.97293,,,0.002005369,Conservative HZ,0.03219849840591636,0.04067753766878592,0.07064474549629589,0.07451211855443331,1.9342965619183121,1.211950787652911,0.40182279236190205,0.36119395555374867
K04871.02,Candidate,5.522479,0.0624,2MASS J19140696+4216345,11.57451405,6532.0,24949.97293,,,0.002005369,Conservative HZ,0.03219849840591636,0.04067753766878592,0.07064474549629589,0.07451211855443331,1.9342965619183121,1.211950787652911,0.40182279236190205,0.36119395555374867
K04895.01,Candidate,12.460222,0.1021,2MASS J19420358+5112134,11.57451405,5861.0,24949.97293,,,0.002005369,Not in HZ,0.03353245817266239,0.04235434115599652,0.07453132034205395,0.07861198670734626,1.7834605780201853,1.1178883654649538,0.36100786798213497,0.3245015331538541
K04895.02,Candidate,47.5571352,0.2494,2MASS J19420358+5112134,11.57451405,5861.0,24949.97293,,,0.002005369,Not in HZ,0.03353245817266239,0.04235434115599652,0.07453132034205395,0.07861198670734626,1.7834605780201853,1.1178883654649538,0.36100786798213497,0.3245015331538541
K04913.01,Candidate,6.78788803,0.0761,2MASS J18544291+4105487,11.57451405,6543.0,24949.97293,,,0.002005369,Not in HZ,0.03217804101075103,0.04065181446192735,0.07058892701058017,0.07445323016383187,1.9367568265300545,1.213485042622577,0.40245852968540113,0.36176555043122255
K04913.02,Candidate,8.97374036,0.0917,2MASS J18544291+4105487,11.57451405,6543.0,24949.97293,,,0.002005369,Not in HZ,0.03217804101075103,0.04065181446192735,0.07058892701058017,0.07445323016383187,1.9367568265300545,1.213485042622577,0.40245852968540113,0.36176555043122255
K06120.01,Candidate,90.096729,0.3994,2MASS J19214806+3951432,11.57451405,6123.0,24949.97293,,,0.002005369,Not in HZ,0.032998324836400764,0.04168305443829573,0.07291131254303929,0.07690317119625793,1.841664472658298,1.154184468907459,0.37722847180819946,0.3390828302384655
K06120.02,Candidate,205.41415,0.6918,2MASS J19214806+3951432,11.57451405,6123.0,24949.97293,,,0.002005369,Not in HZ,0.032998324836400764,0.04168305443829573,0.07291131254303929,0.07690317119625793,1.841664472658298,1.154184468907459,0.37722847180819946,0.3390828302384655
K06132.01,Candidate,33.3199167,0.2238,2MASS J19381389+4051018,11.57451405,6266.0,24949.97293,,,0.002005369,Not in HZ,0.0327116048828639,0.04132264158877361,0.07207889408541916,0.07602506931436136,1.8740906480094424,1.1744056833542986,0.3859917904904551,0.3469609893836426
K06132.03,Candidate,11.8674823,0.1124,2MASS J19381389+4051018,11.57451405,6266.0,24949.97293,,,0.002005369,Not in HZ,0.0327116048828639,0.04132264158877361,0.07207889408541916,0.07602506931436136,1.8740906480094424,1.1744056833542986,0.3859917904904551,0.3469609893836426
K06178.01,Candidate,13.0327791,0.1109,2MASS J19100762+4418288,11.57451405,6122.0,24949.97293,,,0.002005369,Not in HZ,0.03300034761996348,0.04168559694756142,0.07291727136468865,0.07690945690961136,1.8414387068879543,1.1540436799813372,0.3771668198759336,0.33902740687540495
K06178.02,Candidate,33.814176,0.2095,2MASS J19100762+4418288,11.57451405,6122.0,24949.97293,,,0.002005369,Not in HZ,0.03300034761996348,0.04168559694756142,0.07291727136468865,0.07690945690961136,1.8414387068879543,1.1540436799813372,0.3771668198759336,0.33902740687540495
K06182.01,Candidate,19.2401414,0.1283,2MASS J20033659+4436453,11.57451405,5243.0,24949.97293,,,0.002005369,Not in HZ,0.034752812822317874,0.04388738534001442,0.07869738525024868,0.083005876312181,1.6604063078495015,1.041153782953733,0.3237976489731042,0.2910560421172933
K06182.02,Candidate,28.684308,0.1674,2MASS J20033659+4436453,11.57451405,5243.0,24949.97293,,,0.002005369,Not in HZ,0.034752812822317874,0.04388738534001442,0.07869738525024868,0.083005876312181,1.6604063078495015,1.041153782953733,0.3237976489731042,0.2910560421172933
K06191.01,Candidate,9.7044192,0.0917,2MASS J19333677+4529377,11.57451405,6258.0,24949.97293,,,0.002005369,Not in HZ,0.03272748949441901,0.04134261012441211,0.07212439597951989,0.07607306933616716,1.8722718725375813,1.173271478319812,0.3855049145272262,0.34652328176779196
K06191.02,Candidate,12.7712843,0.1101,2MASS J19333677+4529377,11.57451405,6258.0,24949.97293,,,0.002005369,Not in HZ,0.03272748949441901,0.04134261012441211,0.07212439597951989,0.07607306933616716,1.8722718725375813,1.173271478319812,0.3855049145272262,0.34652328176779196
K06209.01,Candidate,12.71422376,0.1074,2MASS J19374656+4620095,11.57451405,5947.0,24949.97293,,,0.002005369,Not in HZ,0.03335661857957672,0.04213336883626945,0.07398719300717918,0.07803804453923954,1.8023131821276333,1.1296448500726999,0.366337346332877,0.32929227331160155
K06209.02,Candidate,7.72955243,0.0771,2MASS J19374656+4620095,11.57451405,5947.0,24949.97293,,,0.002005369,Optimistic HZ,0.03335661857957672,0.04213336883626945,0.07398719300717918,0.07803804453923954,1.8023131821276333,1.1296448500726999,0.366337346332877,0.32929227331160155
K06242.01,Candidate,212.4350367,43.87739057,2MASS J19160905+4942453,11.57451405,5988.457018,24949.97293,,,0.002005369,Not in HZ,0.033271923286914785,0.04202692814851236,0.07372903506852481,0.0777657363101955,1.8115006118316985,1.1353741500670544,0.36890725559167475,0.33160244215129453
K06242.02,Candidate,76.83994597,43.87739057,2MASS J19160905+4942453,11.57451405,5988.457018,24949.97293,,,0.002005369,Not in HZ,0.033271923286914785,0.04202692814851236,0.07372903506852481,0.0777657363101955,1.8115006118316985,1.1353741500670544,0.36890725559167475,0.33160244215129453
K06242.03,Candidate,78.86684,0.3908,2MASS J19160905+4942453,11.57451405,5988.457018,24949.97293,,,0.002005369,Not in HZ,0.033271923286914785,0.04202692814851236,0.07372903506852481,0.0777657363101955,1.8115006118316985,1.1353741500670544,0.36890725559167475,0.33160244215129453
K06259.01,Candidate,4.78111626,0.0548,2MASS J19271509+3733211,11.57451405,5683.0,24949.97293,,,0.002005369,Conservative HZ,0.03389482249852575,0.04280965361933624,0.07569073473381982,0.0798348848300536,1.745531012599177,1.0942356737372423,0.35003289117417974,0.31463634679417934
K06259.02,Candidate,7.1884725,0.072,2MASS J19271509+3733211,11.57451405,5683.0,24949.97293,,,0.002005369,Conservative HZ,0.03389482249852575,0.04280965361933624,0.07569073473381982,0.0798348848300536,1.745531012599177,1.0942356737372423,0.35003289117417974,0.31463634679417934
K06355.01,Candidate,4.37198245,0.0515,2MASS J19274405+3849379,11.57451405,5823.0,24949.97293,,,0.002005369,Conservative HZ,0.03361009694244117,0.042451901464976766,0.0747752472998285,0.07886927494878566,1.775230565548733,1.1127561470541392,0.3586563967916324,0.3223878013577209
K06355.02,Candidate,6.72876606,0.0686,2MASS J19274405+3849379,11.57451405,5823.0,24949.97293,,,0.002005369,Conservative HZ,0.03361009694244117,0.042451901464976766,0.0747752472998285,0.07886927494878566,1.775230565548733,1.1127561470541392,0.3586563967916324,0.3223878013577209
K07117.01,Candidate,8.2927558,0.0807,2MASS J19360188+4513577,11.57451405,6146.0,24949.97293,,,0.002005369,Not in HZ,0.03295185867050756,0.04162464878363102,0.07277477205762557,0.076759139816841,1.846862080687108,1.1574257307706455,0.37864531657555256,0.34035653883929695
K07117.02,Candidate,22.786522,0.1584,2MASS J19360188+4513577,11.57451405,6146.0,24949.97293,,,0.002005369,Not in HZ,0.03295185867050756,0.04162464878363102,0.07277477205762557,0.076759139816841,1.846862080687108,1.1574257307706455,0.37864531657555256,0.34035653883929695
K2-266 Af,Candidate,6.1002,0.05658,K2-266 A,11.57451405,4362.0,77.5586,,,0.002005369,Conservative HZ,0.03609165349451115,0.04556797259872101,0.08481748993354898,0.08945892372862899,1.539503706178307,0.9657726096495922,0.2787555130103079,0.2505803198701754
K2-266 Ag,Candidate,56.682,0.2501,K2-266 A,11.57451405,4362.0,77.5586,,,0.002005369,Not in HZ,0.03609165349451115,0.04556797259872101,0.08481748993354898,0.08945892372862899,1.539503706178307,0.9657726096495922,0.2787555130103079,0.2505803198701754
Kepler-160 e,Candidate,29.0,43.87739057,Kepler-160,11.57451405,5471.0,962.92,,,0.002005369,Not in HZ,0.03431766773476622,0.043340855622486435,0.07711961670381948,0.08134192126981829,1.7027808878919255,1.0675773117538838,0.3371821474981333,0.30308569909678207
Kepler-879 c,Candidate,0.646716,0.0147,Kepler-879,11.57451405,5644.0,802.672,,,0.002005369,Not in HZ,0.03397354156153475,0.04290855363729435,0.0759500732344045,0.0801084150872231,1.7374513500639766,1.0891972746094551,0.3476465334504141,0.3124913628892238
KOI-1151.04,Candidate,17.4532952,0.1233,Kepler-271 A,13.58,5645.65,404.542,,,0.000316228,Not in HZ,0.013489670657854209,0.017037451169788595,0.030155620137715406,0.0318066704022643,1.7377913366296576,1.0894092866151608,0.3477473213584355,0.31258195589387466
KOI-1151.05,Candidate,21.7202824,0.1427,Kepler-271 A,13.58,5645.65,404.542,,,0.000316228,Not in HZ,0.013489670657854209,0.017037451169788595,0.030155620137715406,0.0318066704022643,1.7377913366296576,1.0894092866151608,0.3477473213584355,0.31258195589387466
KOI-1338.02,Candidate,42.0370662,0.2285,Kepler-822,11.57451405,5928.0,956.0,,,0.002005369,Not in HZ,0.03339546193232081,0.04218218371961544,0.07410642822720101,0.07816381428911195,1.7981229617557462,1.127031823926812,0.36515944112492604,0.3282334281734203
KOI-1338.03,Candidate,21.0112068,0.1439,Kepler-822,11.57451405,5928.0,956.0,,,0.002005369,Not in HZ,0.03339546193232081,0.04218218371961544,0.07410642822720101,0.07816381428911195,1.7981229617557462,1.127031823926812,0.36515944112492604,0.3282334281734203
KOI-1522.02,Candidate,12.654896,0.1,Kepler-879,11.57451405,5644.0,802.672,,,0.002005369,Not in HZ,0.03397354156153475,0.04290855363729435,0.0759500732344045,0.0801084150872231,1.7374513500639766,1.0891972746094551,0.3476465334504141,0.3124913628892238
KOI-1574.03,Candidate,5.83392471,0.063,Kepler-87,15.0,5600.0,1277.88,,,8.55e-05,Not in HZ,0.007033233051340686,0.008882845268493481,0.01574329187684476,0.016605250252138593,1.72844712313328,1.08358234516944,0.34496498909479995,0.3100810775332639
KOI-1574.04,Candidate,8.9771991,0.0836,Kepler-87,15.0,5600.0,1277.88,,,8.55e-05,Not in HZ,0.007033233051340686,0.008882845268493481,0.01574329187684476,0.016605250252138593,1.72844712313328,1.08358234516944,0.34496498909479995,0.3100810775332639
KOI-1613.02,Candidate,94.093962,0.405,Kepler-907 A,11.57451405,6106.0,352.0,,,0.002005369,Not in HZ,0.033032738990877726,0.041726310495829186,0.07301286243460378,0.07701029171225286,1.8378291073400987,1.1517927121816243,0.37617986559984384,0.33814016492284094
KOI-1613.03,Candidate,20.605501,0.1459,Kepler-907 A,11.57451405,6106.0,352.0,,,0.002005369,Not in HZ,0.033032738990877726,0.041726310495829186,0.07301286243460378,0.07701029171225286,1.8378291073400987,1.1517927121816243,0.37617986559984384,0.33814016492284094
KOI-205.02,Candidate,4.8126,0.052,Kepler-492,11.57451405,5527.0,642.0,,,0.002005369,Conservative HZ,0.034207328752081,0.043202252748512145,0.07673789876197332,0.08093933396170783,1.7137835668596453,1.0744383726526479,0.34054498633656083,0.3061082570031902
KOI-205 c,Candidate,4.8126,0.052,Kepler-492,11.57451405,5527.0,642.0,,,0.002005369,Conservative HZ,0.034207328752081,0.043202252748512145,0.07673789876197332,0.08093933396170783,1.7137835668596453,1.0744383726526479,0.34054498633656083,0.3061082570031902
KOI-2433.04,Candidate,27.90426394,43.87739057,Kepler-385,11.57451405,6326.0,1493.94,,,0.002005369,Not in HZ,0.03259318519634482,0.04117377166919738,0.07174185089275364,0.07566951821975532,1.8877335239406143,1.1829135144889125,0.3896270884106503,0.35022920586114353
KOI-2433.06,Candidate,6.0632531,43.87739057,Kepler-385,11.57451405,6326.0,1493.94,,,0.002005369,Not in HZ,0.03259318519634482,0.04117377166919738,0.07174185089275364,0.07566951821975532,1.8877335239406143,1.1829135144889125,0.3896270884106503,0.35022920586114353
KOI-2433.07,Candidate,86.43086179,43.87739057,Kepler-385,11.57451405,6326.0,1493.94,,,0.002005369,Not in HZ,0.03259318519634482,0.04117377166919738,0.07174185089275364,0.07566951821975532,1.8877335239406143,1.1829135144889125,0.3896270884106503,0.35022920586114353
KOI-2433.08,Candidate,3.37375965,43.87739057,Kepler-385,11.57451405,6326.0,1493.94,,,0.002005369,Not in HZ,0.03259318519634482,0.04117377166919738,0.07174185089275364,0.07566951821975532,1.8877335239406143,1.1829135144889125,0.3896270884106503,0.35022920586114353
KOI-416.03,Candidate,9.74765878,0.0834,Kepler-152,14.41,5050.0,441.09,,,0.000147231,Not in HZ,0.00951019513923317,0.012009224470602084,0.021690562251123747,0.02287799594657623,1.6278725699162298,1.0208674032022895,0.312937524272425,0.28129583667234903
KOI-416.04,Candidate,31.5322987,0.182,Kepler-152,14.41,5050.0,441.09,,,0.000147231,Not in HZ,0.00951019513923317,0.012009224470602084,0.021690562251123747,0.02287799594657623,1.6278725699162298,1.0208674032022895,0.312937524272425,0.28129583667234903
KOI-4246.02,Candidate,8.75630628,0.0844,Kepler-1576,11.57451405,5674.51,460.91,,,0.002005369,Not in HZ,0.03391198699263143,0.04283121885420457,0.0757470410852041,0.07989427268727513,1.743764464718072,1.0931340703107284,0.3495126926465188,0.314168762997975
KOI-4246.03,Candidate,5.55842,0.0614,Kepler-1576,11.57451405,5674.51,460.91,,,0.002005369,Conservative HZ,0.03391198699263143,0.04283121885420457,0.0757470410852041,0.07989427268727513,1.743764464718072,1.0931340703107284,0.3495126926465188,0.314168762997975
KOI-4302.01,Candidate,5.53312006,0.0622,KOI-4302,11.57451405,6065.0,978.703,,,0.002005369,Conservative HZ,0.03311595155525001,0.041830899669520534,0.0732599296879745,0.07727090994557485,1.8286046504455642,1.1460402922957929,0.3736468300166515,0.33586306275718675
KOI-4302.02,Candidate,3.422508,0.0463,KOI-4302,11.57451405,6065.0,978.703,,,0.002005369,Conservative HZ,0.03311595155525001,0.041830899669520534,0.0732599296879745,0.07727090994557485,1.8286046504455642,1.1460402922957929,0.3736468300166515,0.33586306275718675
KOI-4524.02,Candidate,4.5262415,0.0523,Kepler-1962,11.57451405,5766.0,866.826,,,0.002005369,Conservative HZ,0.03372633845663351,0.0425979627672365,0.07514490758879844,0.07925917850452438,1.7630146011111056,1.1051383195229705,0.355136399797895,0.31922372696300577
KOI-4524.03,Candidate,3.33928642,0.0427,Kepler-1962,11.57451405,5766.0,866.826,,,0.002005369,Conservative HZ,0.03372633845663351,0.0425979627672365,0.07514490758879844,0.07925917850452438,1.7630146011111056,1.1051383195229705,0.355136399797895,0.31922372696300577
KOI-456.04,Candidate,378.417,43.87739057,Kepler-160,11.57451405,5471.0,962.92,,,0.002005369,Not in HZ,0.03431766773476622,0.043340855622486435,0.07711961670381948,0.08134192126981829,1.7027808878919255,1.0675773117538838,0.3371821474981333,0.30308569909678207
KOI-521.02,Candidate,10.8206034,0.0958,Kepler-1989 A,14.29,5953.0,1252.13,,,0.000164437,Not in HZ,0.00954827556675557,0.012060627907776922,0.021175749809016837,0.022335136589780365,1.8036391602571682,1.1304717320434898,0.3667093223641737,0.32962665203750185
KOI-750.02,Candidate,5.04414507,0.0468,Kepler-662,11.57451405,4897.0,641.0,,,0.002005369,Conservative HZ,0.03535387176896408,0.044642071344582375,0.0811275229630924,0.08556850833460437,1.6044283687658154,1.0062493728923876,0.30468976445140394,0.2738838187614471
KOI-750.03,Candidate,14.5168147,0.0946,Kepler-662,11.57451405,4897.0,641.0,,,0.002005369,Not in HZ,0.03535387176896408,0.044642071344582375,0.0811275229630924,0.08556850833460437,1.6044283687658154,1.0062493728923876,0.30468976445140394,0.2738838187614471
KOI-972.01,Candidate,13.11896676,0.1376,KOI-972,9.4,7800.0,227.0,,,0.014859356,Conservative HZ,0.08333862294412407,0.10530835899090622,0.1813329049496527,0.19125217080920928,2.13947564753648,1.3399058928430403,0.45190458704679987,0.406244263097424
KOI-972.02,Candidate,7.821931,0.0975,KOI-972,9.4,7800.0,227.0,,,0.014859356,Not in HZ,0.08333862294412407,0.10530835899090622,0.1813329049496527,0.19125217080920928,2.13947564753648,1.3399058928430403,0.45190458704679987,0.406244263097424
LoTr 5 Ab,Candidate,129.8,0.518,LoTr 5 A,8.88,5410.0,498.798,,,0.023988329,Not in HZ,0.11910266368593098,0.15041566256573338,0.2681757378215414,0.28285823890189754,1.69105233219383,1.06026365507509,0.333550063946425,0.29982119470122903
LoTr 5 Ac,Candidate,5.96675,0.0665,LoTr 5 A,8.88,5410.0,498.798,,,0.023988329,Not in HZ,0.11910266368593098,0.15041566256573338,0.2681757378215414,0.28285823890189754,1.69105233219383,1.06026365507509,0.333550063946425,0.29982119470122903
Sand 178 c,Candidate,19.99,43.87739057,Sand 178,14.0,3520.0,58.8285,,,0.000214783,Not in HZ,0.012023995482271078,0.015179129860445026,0.029456629917119795,0.031067133182419472,1.4856013839972801,0.9321936735534398,0.24753338864679994,0.22253460020846397
Sand 178 d,Candidate,103229.8144,43.87739057,Sand 178,14.0,3520.0,58.8285,,,0.000214783,Not in HZ,0.012023995482271078,0.015179129860445026,0.029456629917119795,0.031067133182419472,1.4856013839972801,0.9321936735534398,0.24753338864679994,0.22253460020846397
Sand 178 e,Candidate,186.37,43.87739057,Sand 178,14.0,3520.0,58.8285,,,0.000214783,Not in HZ,0.012023995482271078,0.015179129860445026,0.029456629917119795,0.031067133182419472,1.4856013839972801,0.9321936735534398,0.24753338864679994,0.22253460020846397
tau Cet b,Candidate,13.965,0.105,tau Cet,3.5,5344.0,3.65,,,3.404081897,Not in HZ,1.424020862414382,1.7983707341132626,3.213413358293581,3.3893440985672494,1.6786776032948179,1.052547119698972,0.32966042222675007,0.2963252609553979
tau Cet c,Candidate,35.362,0.195,tau Cet,3.5,5344.0,3.65,,,3.404081897,Not in HZ,1.424020862414382,1.7983707341132626,3.213413358293581,3.3893440985672494,1.6786776032948179,1.052547119698972,0.32966042222675007,0.2963252609553979
tau Cet d,Candidate,94.11,0.374,tau Cet,3.5,5344.0,3.65,,,3.404081897,Not in HZ,1.424020862414382,1.7983707341132626,3.213413358293581,3.3893440985672494,1.6786776032948179,1.052547119698972,0.32966042222675007,0.2963252609553979
tau Cet i,Candidate,103229.8144,11.0,tau Cet,3.5,5344.0,3.65,,,3.404081897,Not in HZ,1.424020862414382,1.7983707341132626,3.213413358293581,3.3893440985672494,1.6786776032948179,1.052547119698972,0.32966042222675007,0.2963252609553979
TOI-1438 b,Candidate,5.1396625,0.056,TOI-1438,11.57451405,5269.0,110.51,,,0.002005369,Conservative HZ,0.03470451814325875,0.04382673508246264,0.07851594000971246,0.08281452573595278,1.6650307538438627,1.0440374081148542,0.32529592888406056,0.2924026195113793
TOI-1438 c,Candidate,9.42807,0.084,TOI-1438,11.57451405,5269.0,110.51,,,0.002005369,Not in HZ,0.03470451814325875,0.04382673508246264,0.07851594000971246,0.08281452573595278,1.6650307538438627,1.0440374081148542,0.32529592888406056,0.2924026195113793
TOI-193 b,Candidate,0.7921,43.87739057,TOI-193,11.57451405,5222.0,24949.97293,,,0.002005369,Not in HZ,0.03479153858493791,0.043936017393179684,0.07884415153124602,0.08316065353736174,1.6567120351989237,1.0388501866577984,0.32259328961834943,0.28997363300734547
TOI-193 c,Candidate,1.516,43.87739057,TOI-193,11.57451405,5222.0,24949.97293,,,0.002005369,Not in HZ,0.03479153858493791,0.043936017393179684,0.07884415153124602,0.08316065353736174,1.6567120351989237,1.0388501866577984,0.32259328961834943,0.28997363300734547
2MASS J18471756+4248402 b,Aschwaden Prediction,4.8349851,0.054924076,2MASS J18471756+4248402,11.57451405,5770.0,24949.97293,K04136.01,2 to 1,0.002005369,Conservative HZ,0.033718192584766146,0.04258772748243194,0.07511882392605541,0.07923166665618797,1.7638665462890302,1.10566958828869,0.355383072092425,0.319445455468989
2MASS J18471756+4248402 c,Aschwaden Prediction,3.626238825,0.045338826,2MASS J18471756+4248402,11.57451405,5770.0,24949.97293,K04136.01,3 to 2,0.002005369,Conservative HZ,0.033718192584766146,0.04258772748243194,0.07511882392605541,0.07923166665618797,1.7638665462890302,1.10566958828869,0.355383072092425,0.319445455468989
2MASS J18471756+4248402 b,Aschwaden Prediction,4.02915425,0.04863795,2MASS J18471756+4248402,11.57451405,5770.0,24949.97293,K04136.01,5 to 3,0.002005369,Conservative HZ,0.033718192584766146,0.04258772748243194,0.07511882392605541,0.07923166665618797,1.7638665462890302,1.10566958828869,0.355383072092425,0.319445455468989
2MASS J18471756+4248402 c,Aschwaden Prediction,3.021865688,0.040149743,2MASS J18471756+4248402,11.57451405,5770.0,24949.97293,K04136.01,5 to 4,0.002005369,Not in HZ,0.033718192584766146,0.04258772748243194,0.07511882392605541,0.07923166665618797,1.7638665462890302,1.10566958828869,0.355383072092425,0.319445455468989
2MASS J18471756+4248402 b,Aschwaden Prediction,3.2233234,0.041914915,2MASS J18471756+4248402,11.57451405,5770.0,24949.97293,K04136.01,4 to 3,0.002005369,Not in HZ,0.033718192584766146,0.04258772748243194,0.07511882392605541,0.07923166665618797,1.7638665462890302,1.10566958828869,0.355383072092425,0.319445455468989
2MASS J18471756+4248402 c,Aschwaden Prediction,6.043731375,0.063733745,2MASS J18471756+4248402,11.57451405,5770.0,24949.97293,K04136.01,5 to 2,0.002005369,Conservative HZ,0.033718192584766146,0.04258772748243194,0.07511882392605541,0.07923166665618797,1.7638665462890302,1.10566958828869,0.355383072092425,0.319445455468989
2MASS J18471756+4248402 b,Aschwaden Prediction,7.25247765,0.0719709,2MASS J18471756+4248402,11.57451405,5770.0,24949.97293,K04136.01,3 to 1,0.002005369,Conservative HZ,0.033718192584766146,0.04258772748243194,0.07511882392605541,0.07923166665618797,1.7638665462890302,1.10566958828869,0.355383072092425,0.319445455468989
2MASS J18474936+4415415 b,Aschwaden Prediction,21.722991,0.155882783,2MASS J18474936+4415415,11.57451405,6328.0,24949.97293,K04435.01,2 to 1,0.002005369,Not in HZ,0.032589260926323964,0.04116883818054719,0.07173074637853202,0.0756578038154138,1.8881881781355478,1.1831970415608082,0.389747732755262,0.35033766907164227
2MASS J18474936+4415415 c,Aschwaden Prediction,16.29224325,0.128678402,2MASS J18474936+4415415,11.57451405,6328.0,24949.97293,K04435.01,3 to 2,0.002005369,Not in HZ,0.032589260926323964,0.04116883818054719,0.07173074637853202,0.0756578038154138,1.8881881781355478,1.1831970415608082,0.389747732755262,0.35033766907164227
2MASS J18474936+4415415 b,Aschwaden Prediction,18.1024925,0.138041813,2MASS J18474936+4415415,11.57451405,6328.0,24949.97293,K04435.01,5 to 3,0.002005369,Not in HZ,0.032589260926323964,0.04116883818054719,0.07173074637853202,0.0756578038154138,1.8881881781355478,1.1831970415608082,0.389747732755262,0.35033766907164227
2MASS J18474936+4415415 c,Aschwaden Prediction,13.57686938,0.113951006,2MASS J18474936+4415415,11.57451405,6328.0,24949.97293,K04435.01,5 to 4,0.002005369,Not in HZ,0.032589260926323964,0.04116883818054719,0.07173074637853202,0.0756578038154138,1.8881881781355478,1.1831970415608082,0.389747732755262,0.35033766907164227
2MASS J18474936+4415415 b,Aschwaden Prediction,14.481994,0.118960828,2MASS J18474936+4415415,11.57451405,6328.0,24949.97293,K04435.01,4 to 3,0.002005369,Not in HZ,0.032589260926323964,0.04116883818054719,0.07173074637853202,0.0756578038154138,1.8881881781355478,1.1831970415608082,0.389747732755262,0.35033766907164227
2MASS J18474936+4415415 c,Aschwaden Prediction,27.15373875,0.180885947,2MASS J18474936+4415415,11.57451405,6328.0,24949.97293,K04435.01,5 to 2,0.002005369,Not in HZ,0.032589260926323964,0.04116883818054719,0.07173074637853202,0.0756578038154138,1.8881881781355478,1.1831970415608082,0.389747732755262,0.35033766907164227
2MASS J18474936+4415415 b,Aschwaden Prediction,32.5844865,0.204264231,2MASS J18474936+4415415,11.57451405,6328.0,24949.97293,K04435.01,3 to 1,0.002005369,Not in HZ,0.032589260926323964,0.04116883818054719,0.07173074637853202,0.0756578038154138,1.8881881781355478,1.1831970415608082,0.389747732755262,0.35033766907164227
2MASS J18530028+4043231 b,Aschwaden Prediction,17.0583573,0.127944525,2MASS J18530028+4043231,11.57451405,5915.0,24949.97293,K04541.01,2 to 1,0.002005369,Not in HZ,0.033422044030737647,0.04221558921972203,0.07418833576713638,0.078250210281175,1.7952638383845145,1.125248872821643,0.3643535785717765,0.32750902379157176
2MASS J18530028+4043231 c,Aschwaden Prediction,12.79376798,0.105615878,2MASS J18530028+4043231,11.57451405,5915.0,24949.97293,K04541.01,3 to 2,0.002005369,Not in HZ,0.033422044030737647,0.04221558921972203,0.07418833576713638,0.078250210281175,1.7952638383845145,1.125248872821643,0.3643535785717765,0.32750902379157176
2MASS J18530028+4043231 b,Aschwaden Prediction,14.21529775,0.113301121,2MASS J18530028+4043231,11.57451405,5915.0,24949.97293,K04541.01,5 to 3,0.002005369,Not in HZ,0.033422044030737647,0.04221558921972203,0.07418833576713638,0.078250210281175,1.7952638383845145,1.125248872821643,0.3643535785717765,0.32750902379157176
2MASS J18530028+4043231 c,Aschwaden Prediction,10.66147331,0.093528015,2MASS J18530028+4043231,11.57451405,5915.0,24949.97293,K04541.01,5 to 4,0.002005369,Not in HZ,0.033422044030737647,0.04221558921972203,0.07418833576713638,0.078250210281175,1.7952638383845145,1.125248872821643,0.3643535785717765,0.32750902379157176
2MASS J18530028+4043231 b,Aschwaden Prediction,11.3722382,0.097639947,2MASS J18530028+4043231,11.57451405,5915.0,24949.97293,K04541.01,4 to 3,0.002005369,Not in HZ,0.033422044030737647,0.04221558921972203,0.07418833576713638,0.078250210281175,1.7952638383845145,1.125248872821643,0.3643535785717765,0.32750902379157176
2MASS J18530028+4043231 c,Aschwaden Prediction,21.32294663,0.148466469,2MASS J18530028+4043231,11.57451405,5915.0,24949.97293,K04541.01,5 to 2,0.002005369,Not in HZ,0.033422044030737647,0.04221558921972203,0.07418833576713638,0.078250210281175,1.7952638383845145,1.125248872821643,0.3643535785717765,0.32750902379157176
2MASS J18530028+4043231 b,Aschwaden Prediction,25.58753595,0.167654756,2MASS J18530028+4043231,11.57451405,5915.0,24949.97293,K04541.01,3 to 1,0.002005369,Not in HZ,0.033422044030737647,0.04221558921972203,0.07418833576713638,0.078250210281175,1.7952638383845145,1.125248872821643,0.3643535785717765,0.32750902379157176
2MASS J18532411+4520208 b,Aschwaden Prediction,9.92128606,0.096355244,2MASS J18532411+4520208,11.57451405,6422.0,24949.97293,K03196.01,2 to 1,0.002005369,Not in HZ,0.03240671235424844,0.040939333153390677,0.071218631507983,0.07511755395536314,1.909520602636351,1.1965001805717441,0.3953730368596615,0.3553950887217608
2MASS J18532411+4520208 c,Aschwaden Prediction,7.440964545,0.079539501,2MASS J18532411+4520208,11.57451405,6422.0,24949.97293,K03196.01,3 to 2,0.002005369,Not in HZ,0.03240671235424844,0.040939333153390677,0.071218631507983,0.07511755395536314,1.909520602636351,1.1965001805717441,0.3953730368596615,0.3553950887217608
2MASS J18532411+4520208 b,Aschwaden Prediction,8.267738383,0.085327271,2MASS J18532411+4520208,11.57451405,6422.0,24949.97293,K03196.01,5 to 3,0.002005369,Not in HZ,0.03240671235424844,0.040939333153390677,0.071218631507983,0.07511755395536314,1.909520602636351,1.1965001805717441,0.3953730368596615,0.3553950887217608
2MASS J18532411+4520208 c,Aschwaden Prediction,6.200803788,0.070436111,2MASS J18532411+4520208,11.57451405,6422.0,24949.97293,K03196.01,5 to 4,0.002005369,Conservative HZ,0.03240671235424844,0.040939333153390677,0.071218631507983,0.07511755395536314,1.909520602636351,1.1965001805717441,0.3953730368596615,0.3553950887217608
2MASS J18532411+4520208 b,Aschwaden Prediction,6.614190707,0.073532813,2MASS J18532411+4520208,11.57451405,6422.0,24949.97293,K03196.01,4 to 3,0.002005369,Optimistic HZ,0.03240671235424844,0.040939333153390677,0.071218631507983,0.07511755395536314,1.909520602636351,1.1965001805717441,0.3953730368596615,0.3553950887217608
2MASS J18532411+4520208 c,Aschwaden Prediction,12.40160758,0.111810356,2MASS J18532411+4520208,11.57451405,6422.0,24949.97293,K03196.01,5 to 2,0.002005369,Not in HZ,0.03240671235424844,0.040939333153390677,0.071218631507983,0.07511755395536314,1.909520602636351,1.1965001805717441,0.3953730368596615,0.3553950887217608
2MASS J18532411+4520208 b,Aschwaden Prediction,14.88192909,0.126261088,2MASS J18532411+4520208,11.57451405,6422.0,24949.97293,K03196.01,3 to 1,0.002005369,Not in HZ,0.03240671235424844,0.040939333153390677,0.071218631507983,0.07511755395536314,1.909520602636351,1.1965001805717441,0.3953730368596615,0.3553950887217608
2MASS J18544291+4105487 b,Aschwaden Prediction,13.57577606,0.12080122,2MASS J18544291+4105487,11.57451405,6543.0,24949.97293,K04913.01,2 to 1,0.002005369,Not in HZ,0.03217804101075103,0.04065181446192735,0.07058892701058017,0.07445323016383187,1.9367568265300545,1.213485042622577,0.40245852968540113,0.36176555043122255
2MASS J18544291+4105487 c,Aschwaden Prediction,10.18183205,0.09971921,2MASS J18544291+4105487,11.57451405,6543.0,24949.97293,K04913.01,3 to 2,0.002005369,Not in HZ,0.03217804101075103,0.04065181446192735,0.07058892701058017,0.07445323016383187,1.9367568265300545,1.213485042622577,0.40245852968540113,0.36176555043122255
2MASS J18544291+4105487 b,Aschwaden Prediction,11.31314672,0.106975376,2MASS J18544291+4105487,11.57451405,6543.0,24949.97293,K04913.01,5 to 3,0.002005369,Not in HZ,0.03217804101075103,0.04065181446192735,0.07058892701058017,0.07445323016383187,1.9367568265300545,1.213485042622577,0.40245852968540113,0.36176555043122255
2MASS J18544291+4105487 c,Aschwaden Prediction,8.484860038,0.088306228,2MASS J18544291+4105487,11.57451405,6543.0,24949.97293,K04913.01,5 to 4,0.002005369,Not in HZ,0.03217804101075103,0.04065181446192735,0.07058892701058017,0.07445323016383187,1.9367568265300545,1.213485042622577,0.40245852968540113,0.36176555043122255
2MASS J18544291+4105487 b,Aschwaden Prediction,9.050517373,0.092188585,2MASS J18544291+4105487,11.57451405,6543.0,24949.97293,K04913.01,4 to 3,0.002005369,Not in HZ,0.03217804101075103,0.04065181446192735,0.07058892701058017,0.07445323016383187,1.9367568265300545,1.213485042622577,0.40245852968540113,0.36176555043122255
2MASS J18544291+4105487 c,Aschwaden Prediction,16.96972008,0.140177399,2MASS J18544291+4105487,11.57451405,6543.0,24949.97293,K04913.01,5 to 2,0.002005369,Not in HZ,0.03217804101075103,0.04065181446192735,0.07058892701058017,0.07445323016383187,1.9367568265300545,1.213485042622577,0.40245852968540113,0.36176555043122255
2MASS J18544291+4105487 b,Aschwaden Prediction,20.36366409,0.158294379,2MASS J18544291+4105487,11.57451405,6543.0,24949.97293,K04913.01,3 to 1,0.002005369,Not in HZ,0.03217804101075103,0.04065181446192735,0.07058892701058017,0.07445323016383187,1.9367568265300545,1.213485042622577,0.40245852968540113,0.36176555043122255
2MASS J18570445+4411511 b,Aschwaden Prediction,12.66710756,0.091751781,2MASS J18570445+4411511,11.57451405,4349.0,24949.97293,K04838.01,2 to 1,0.002005369,Not in HZ,0.03610631519339148,0.045586365773984665,0.08490439971354022,0.08955054150329113,1.5382536668547844,0.964993427499791,0.27818512605765305,0.25006785244994906
2MASS J18570445+4411511 c,Aschwaden Prediction,9.50033067,0.075739426,2MASS J18570445+4411511,11.57451405,4349.0,24949.97293,K04838.01,3 to 2,0.002005369,Conservative HZ,0.03610631519339148,0.045586365773984665,0.08490439971354022,0.08955054150329113,1.5382536668547844,0.964993427499791,0.27818512605765305,0.25006785244994906
2MASS J18570445+4411511 b,Aschwaden Prediction,10.55592297,0.08125068,2MASS J18570445+4411511,11.57451405,4349.0,24949.97293,K04838.01,5 to 3,0.002005369,Conservative HZ,0.03610631519339148,0.045586365773984665,0.08490439971354022,0.08955054150329113,1.5382536668547844,0.964993427499791,0.27818512605765305,0.25006785244994906
2MASS J18570445+4411511 c,Aschwaden Prediction,7.916942225,0.067070959,2MASS J18570445+4411511,11.57451405,4349.0,24949.97293,K04838.01,5 to 4,0.002005369,Conservative HZ,0.03610631519339148,0.045586365773984665,0.08490439971354022,0.08955054150329113,1.5382536668547844,0.964993427499791,0.27818512605765305,0.25006785244994906
2MASS J18570445+4411511 b,Aschwaden Prediction,8.444738373,0.070019714,2MASS J18570445+4411511,11.57451405,4349.0,24949.97293,K04838.01,4 to 3,0.002005369,Conservative HZ,0.03610631519339148,0.045586365773984665,0.08490439971354022,0.08955054150329113,1.5382536668547844,0.964993427499791,0.27818512605765305,0.25006785244994906
2MASS J18570445+4411511 c,Aschwaden Prediction,15.83388445,0.10646851,2MASS J18570445+4411511,11.57451405,4349.0,24949.97293,K04838.01,5 to 2,0.002005369,Not in HZ,0.03610631519339148,0.045586365773984665,0.08490439971354022,0.08955054150329113,1.5382536668547844,0.964993427499791,0.27818512605765305,0.25006785244994906
2MASS J18570445+4411511 b,Aschwaden Prediction,19.00066134,0.120228845,2MASS J18570445+4411511,11.57451405,4349.0,24949.97293,K04838.01,3 to 1,0.002005369,Not in HZ,0.03610631519339148,0.045586365773984665,0.08490439971354022,0.08955054150329113,1.5382536668547844,0.964993427499791,0.27818512605765305,0.25006785244994906
2MASS J18573982+4839288 b,Aschwaden Prediction,89.1290502,0.43780521,2MASS J18573982+4839288,11.57451405,7030.0,24949.97293,K02696.01,2 to 1,0.002005369,Not in HZ,0.03136089003668735,0.03962413311602091,0.0684367446451099,0.07218243691235629,2.03900146484375,1.2772465820312497,0.42816938476562505,0.38488520507812496
2MASS J18573982+4839288 c,Aschwaden Prediction,66.84678765,0.361400238,2MASS J18573982+4839288,11.57451405,7030.0,24949.97293,K02696.01,3 to 2,0.002005369,Not in HZ,0.03136089003668735,0.03962413311602091,0.0684367446451099,0.07218243691235629,2.03900146484375,1.2772465820312497,0.42816938476562505,0.38488520507812496
2MASS J18573982+4839288 b,Aschwaden Prediction,74.2742085,0.387697882,2MASS J18573982+4839288,11.57451405,7030.0,24949.97293,K02696.01,5 to 3,0.002005369,Not in HZ,0.03136089003668735,0.03962413311602091,0.0684367446451099,0.07218243691235629,2.03900146484375,1.2772465820312497,0.42816938476562505,0.38488520507812496
2MASS J18573982+4839288 c,Aschwaden Prediction,55.70565638,0.32003755,2MASS J18573982+4839288,11.57451405,7030.0,24949.97293,K02696.01,5 to 4,0.002005369,Not in HZ,0.03136089003668735,0.03962413311602091,0.0684367446451099,0.07218243691235629,2.03900146484375,1.2772465820312497,0.42816938476562505,0.38488520507812496
2MASS J18573982+4839288 b,Aschwaden Prediction,59.4193668,0.334107906,2MASS J18573982+4839288,11.57451405,7030.0,24949.97293,K02696.01,4 to 3,0.002005369,Not in HZ,0.03136089003668735,0.03962413311602091,0.0684367446451099,0.07218243691235629,2.03900146484375,1.2772465820312497,0.42816938476562505,0.38488520507812496
2MASS J18573982+4839288 c,Aschwaden Prediction,111.4113128,0.508027944,2MASS J18573982+4839288,11.57451405,7030.0,24949.97293,K02696.01,5 to 2,0.002005369,Not in HZ,0.03136089003668735,0.03962413311602091,0.0684367446451099,0.07218243691235629,2.03900146484375,1.2772465820312497,0.42816938476562505,0.38488520507812496
2MASS J18573982+4839288 b,Aschwaden Prediction,133.6935753,0.573687118,2MASS J18573982+4839288,11.57451405,7030.0,24949.97293,K02696.01,3 to 1,0.002005369,Not in HZ,0.03136089003668735,0.03962413311602091,0.0684367446451099,0.07218243691235629,2.03900146484375,1.2772465820312497,0.42816938476562505,0.38488520507812496
2MASS J19012764+4912056 b,Aschwaden Prediction,4.242047614,0.052225495,2MASS J19012764+4912056,11.57451405,6133.0,24949.97293,K02639.01,2 to 1,0.002005369,Conservative HZ,0.032978108309972595,0.04165764342822932,0.0728518261005944,0.07684042132116661,1.8439231510696374,1.1555929949801207,0.37784476772144776,0.3396368639805184
2MASS J19012764+4912056 c,Aschwaden Prediction,3.18153571,0.043111196,2MASS J19012764+4912056,11.57451405,6133.0,24949.97293,K02639.01,3 to 2,0.002005369,Conservative HZ,0.032978108309972595,0.04165764342822932,0.0728518261005944,0.07684042132116661,1.8439231510696374,1.1555929949801207,0.37784476772144776,0.3396368639805184
2MASS J19012764+4912056 b,Aschwaden Prediction,3.535039678,0.046248224,2MASS J19012764+4912056,11.57451405,6133.0,24949.97293,K02639.01,5 to 3,0.002005369,Conservative HZ,0.032978108309972595,0.04165764342822932,0.0728518261005944,0.07684042132116661,1.8439231510696374,1.1555929949801207,0.37784476772144776,0.3396368639805184
2MASS J19012764+4912056 c,Aschwaden Prediction,2.651279759,0.038177068,2MASS J19012764+4912056,11.57451405,6133.0,24949.97293,K02639.01,5 to 4,0.002005369,Not in HZ,0.032978108309972595,0.04165764342822932,0.0728518261005944,0.07684042132116661,1.8439231510696374,1.1555929949801207,0.37784476772144776,0.3396368639805184
2MASS J19012764+4912056 b,Aschwaden Prediction,2.828031743,0.039855512,2MASS J19012764+4912056,11.57451405,6133.0,24949.97293,K02639.01,4 to 3,0.002005369,Not in HZ,0.032978108309972595,0.04165764342822932,0.0728518261005944,0.07684042132116661,1.8439231510696374,1.1555929949801207,0.37784476772144776,0.3396368639805184
2MASS J19012764+4912056 c,Aschwaden Prediction,5.302559518,0.060602318,2MASS J19012764+4912056,11.57451405,6133.0,24949.97293,K02639.01,5 to 2,0.002005369,Conservative HZ,0.032978108309972595,0.04165764342822932,0.0728518261005944,0.07684042132116661,1.8439231510696374,1.1555929949801207,0.37784476772144776,0.3396368639805184
2MASS J19012764+4912056 b,Aschwaden Prediction,6.363071421,0.068434758,2MASS J19012764+4912056,11.57451405,6133.0,24949.97293,K02639.01,3 to 1,0.002005369,Conservative HZ,0.032978108309972595,0.04165764342822932,0.0728518261005944,0.07684042132116661,1.8439231510696374,1.1555929949801207,0.37784476772144776,0.3396368639805184
2MASS J19025298+4051250 b,Aschwaden Prediction,12.6286894,0.107943272,2MASS J19025298+4051250,11.57451405,6075.0,24949.97293,K02369.02,2 to 1,0.002005369,Not in HZ,0.033095630239441724,0.04180535835647976,0.07319939228280632,0.07720705250457958,1.8308509325481142,1.1474410847684429,0.37426511282677644,0.33641887273825183
2MASS J19025298+4051250 c,Aschwaden Prediction,9.47151705,0.089105207,2MASS J19025298+4051250,11.57451405,6075.0,24949.97293,K02369.02,3 to 2,0.002005369,Not in HZ,0.033095630239441724,0.04180535835647976,0.07319939228280632,0.07720705250457958,1.8308509325481142,1.1474410847684429,0.37426511282677644,0.33641887273825183
2MASS J19025298+4051250 b,Aschwaden Prediction,10.52390783,0.095589035,2MASS J19025298+4051250,11.57451405,6075.0,24949.97293,K02369.02,5 to 3,0.002005369,Not in HZ,0.033095630239441724,0.04180535835647976,0.07319939228280632,0.07720705250457958,1.8308509325481142,1.1474410847684429,0.37426511282677644,0.33641887273825183
2MASS J19025298+4051250 c,Aschwaden Prediction,7.892930875,0.07890701,2MASS J19025298+4051250,11.57451405,6075.0,24949.97293,K02369.02,5 to 4,0.002005369,Not in HZ,0.033095630239441724,0.04180535835647976,0.07319939228280632,0.07720705250457958,1.8308509325481142,1.1474410847684429,0.37426511282677644,0.33641887273825183
2MASS J19025298+4051250 b,Aschwaden Prediction,8.419126267,0.082376134,2MASS J19025298+4051250,11.57451405,6075.0,24949.97293,K02369.02,4 to 3,0.002005369,Not in HZ,0.033095630239441724,0.04180535835647976,0.07319939228280632,0.07720705250457958,1.8308509325481142,1.1474410847684429,0.37426511282677644,0.33641887273825183
2MASS J19025298+4051250 c,Aschwaden Prediction,15.78586175,0.125257071,2MASS J19025298+4051250,11.57451405,6075.0,24949.97293,K02369.02,5 to 2,0.002005369,Not in HZ,0.033095630239441724,0.04180535835647976,0.07319939228280632,0.07720705250457958,1.8308509325481142,1.1474410847684429,0.37426511282677644,0.33641887273825183
2MASS J19025298+4051250 b,Aschwaden Prediction,18.9430341,0.1414457,2MASS J19025298+4051250,11.57451405,6075.0,24949.97293,K02369.02,3 to 1,0.002005369,Not in HZ,0.033095630239441724,0.04180535835647976,0.07319939228280632,0.07720705250457958,1.8308509325481142,1.1474410847684429,0.37426511282677644,0.33641887273825183
2MASS J19025831+4451281 b,Aschwaden Prediction,173.1864459,69.65101595,2MASS J19025831+4451281,11.57451405,5988.457018,24949.97293,K02410.01,2 to 1,0.002005369,Not in HZ,0.033271923286914785,0.04202692814851236,0.07372903506852481,0.0777657363101955,1.8115006118316985,1.1353741500670544,0.36890725559167475,0.33160244215129453
2MASS J19025831+4451281 c,Aschwaden Prediction,129.8898344,57.49564687,2MASS J19025831+4451281,11.57451405,5988.457018,24949.97293,K02410.01,3 to 2,0.002005369,Not in HZ,0.033271923286914785,0.04202692814851236,0.07372903506852481,0.0777657363101955,1.8115006118316985,1.1353741500670544,0.36890725559167475,0.33160244215129453
2MASS J19025831+4451281 b,Aschwaden Prediction,144.3220382,61.67937412,2MASS J19025831+4451281,11.57451405,5988.457018,24949.97293,K02410.01,5 to 3,0.002005369,Not in HZ,0.033271923286914785,0.04202692814851236,0.07372903506852481,0.0777657363101955,1.8115006118316985,1.1353741500670544,0.36890725559167475,0.33160244215129453
2MASS J19025831+4451281 c,Aschwaden Prediction,108.2415287,50.91520153,2MASS J19025831+4451281,11.57451405,5988.457018,24949.97293,K02410.01,5 to 4,0.002005369,Not in HZ,0.033271923286914785,0.04202692814851236,0.07372903506852481,0.0777657363101955,1.8115006118316985,1.1353741500670544,0.36890725559167475,0.33160244215129453
2MASS J19025831+4451281 b,Aschwaden Prediction,115.4576306,53.15367331,2MASS J19025831+4451281,11.57451405,5988.457018,24949.97293,K02410.01,4 to 3,0.002005369,Not in HZ,0.033271923286914785,0.04202692814851236,0.07372903506852481,0.0777657363101955,1.8115006118316985,1.1353741500670544,0.36890725559167475,0.33160244215129453
2MASS J19025831+4451281 c,Aschwaden Prediction,216.4830574,80.82284447,2MASS J19025831+4451281,11.57451405,5988.457018,24949.97293,K02410.01,5 to 2,0.002005369,Not in HZ,0.033271923286914785,0.04202692814851236,0.07372903506852481,0.0777657363101955,1.8115006118316985,1.1353741500670544,0.36890725559167475,0.33160244215129453
2MASS J19025831+4451281 b,Aschwaden Prediction,259.7796688,91.26865032,2MASS J19025831+4451281,11.57451405,5988.457018,24949.97293,K02410.01,3 to 1,0.002005369,Not in HZ,0.033271923286914785,0.04202692814851236,0.07372903506852481,0.0777657363101955,1.8115006118316985,1.1353741500670544,0.36890725559167475,0.33160244215129453
2MASS J19033018+4119567 b,Aschwaden Prediction,7.50064206,0.079528793,2MASS J19033018+4119567,11.57451405,6197.0,24949.97293,K02949.01,2 to 1,0.002005369,Not in HZ,0.032849264095397505,0.04149568802954379,0.07247557817878988,0.07644352817126014,1.8584163071735977,1.164631030499272,0.3817780187210671,0.34317279399755474
2MASS J19033018+4119567 c,Aschwaden Prediction,5.625481545,0.065649572,2MASS J19033018+4119567,11.57451405,6197.0,24949.97293,K02949.01,3 to 2,0.002005369,Conservative HZ,0.032849264095397505,0.04149568802954379,0.07247557817878988,0.07644352817126014,1.8584163071735977,1.164631030499272,0.3817780187210671,0.34317279399755474
2MASS J19033018+4119567 b,Aschwaden Prediction,6.25053505,0.070426628,2MASS J19033018+4119567,11.57451405,6197.0,24949.97293,K02949.01,5 to 3,0.002005369,Conservative HZ,0.032849264095397505,0.04149568802954379,0.07247557817878988,0.07644352817126014,1.8584163071735977,1.164631030499272,0.3817780187210671,0.34317279399755474
2MASS J19033018+4119567 c,Aschwaden Prediction,4.687901288,0.0581359,2MASS J19033018+4119567,11.57451405,6197.0,24949.97293,K02949.01,5 to 4,0.002005369,Conservative HZ,0.032849264095397505,0.04149568802954379,0.07247557817878988,0.07644352817126014,1.8584163071735977,1.164631030499272,0.3817780187210671,0.34317279399755474
2MASS J19033018+4119567 b,Aschwaden Prediction,5.00042804,0.060691828,2MASS J19033018+4119567,11.57451405,6197.0,24949.97293,K02949.01,4 to 3,0.002005369,Conservative HZ,0.032849264095397505,0.04149568802954379,0.07247557817878988,0.07644352817126014,1.8584163071735977,1.164631030499272,0.3817780187210671,0.34317279399755474
2MASS J19033018+4119567 c,Aschwaden Prediction,9.375802575,0.092284989,2MASS J19033018+4119567,11.57451405,6197.0,24949.97293,K02949.01,5 to 2,0.002005369,Not in HZ,0.032849264095397505,0.04149568802954379,0.07247557817878988,0.07644352817126014,1.8584163071735977,1.164631030499272,0.3817780187210671,0.34317279399755474
2MASS J19033018+4119567 b,Aschwaden Prediction,11.25096309,0.1042122,2MASS J19033018+4119567,11.57451405,6197.0,24949.97293,K02949.01,3 to 1,0.002005369,Not in HZ,0.032849264095397505,0.04149568802954379,0.07247557817878988,0.07644352817126014,1.8584163071735977,1.164631030499272,0.3817780187210671,0.34317279399755474
2MASS J19041258+3905457 b,Aschwaden Prediction,16.3923676,0.125245943,2MASS J19041258+3905457,11.57451405,5375.0,24949.97293,K04084.02,2 to 1,0.002005369,Not in HZ,0.03450390966820124,0.04357478600171072,0.07777987080110328,0.08203825677787079,1.6844482802056644,1.056145544467093,0.3314819326729015,0.29796239063431673
2MASS J19041258+3905457 c,Aschwaden Prediction,12.2942757,0.103388248,2MASS J19041258+3905457,11.57451405,5375.0,24949.97293,K04084.02,3 to 2,0.002005369,Not in HZ,0.03450390966820124,0.04357478600171072,0.07777987080110328,0.08203825677787079,1.6844482802056644,1.056145544467093,0.3314819326729015,0.29796239063431673
2MASS J19041258+3905457 b,Aschwaden Prediction,13.66030633,0.110911395,2MASS J19041258+3905457,11.57451405,5375.0,24949.97293,K04084.02,5 to 3,0.002005369,Not in HZ,0.03450390966820124,0.04357478600171072,0.07777987080110328,0.08203825677787079,1.6844482802056644,1.056145544467093,0.3314819326729015,0.29796239063431673
2MASS J19041258+3905457 c,Aschwaden Prediction,10.24522975,0.09155534,2MASS J19041258+3905457,11.57451405,5375.0,24949.97293,K04084.02,5 to 4,0.002005369,Not in HZ,0.03450390966820124,0.04357478600171072,0.07777987080110328,0.08203825677787079,1.6844482802056644,1.056145544467093,0.3314819326729015,0.29796239063431673
2MASS J19041258+3905457 b,Aschwaden Prediction,10.92824507,0.095580543,2MASS J19041258+3905457,11.57451405,5375.0,24949.97293,K04084.02,4 to 3,0.002005369,Not in HZ,0.03450390966820124,0.04357478600171072,0.07777987080110328,0.08203825677787079,1.6844482802056644,1.056145544467093,0.3314819326729015,0.29796239063431673
2MASS J19041258+3905457 c,Aschwaden Prediction,20.4904595,0.145335043,2MASS J19041258+3905457,11.57451405,5375.0,24949.97293,K04084.02,5 to 2,0.002005369,Not in HZ,0.03450390966820124,0.04357478600171072,0.07777987080110328,0.08203825677787079,1.6844482802056644,1.056145544467093,0.3314819326729015,0.29796239063431673
2MASS J19041258+3905457 b,Aschwaden Prediction,24.5885514,0.164118614,2MASS J19041258+3905457,11.57451405,5375.0,24949.97293,K04084.02,3 to 1,0.002005369,Not in HZ,0.03450390966820124,0.04357478600171072,0.07777987080110328,0.08203825677787079,1.6844482802056644,1.056145544467093,0.3314819326729015,0.29796239063431673
2MASS J19042138+4522084 b,Aschwaden Prediction,41.1439226,0.214775362,2MASS J19042138+4522084,11.57451405,4944.0,24949.97293,K03283.02,2 to 1,0.002005369,Not in HZ,0.03527727492983195,0.044545912738957645,0.08079708194519969,0.0852200709673154,1.6114032590144471,1.0105983227813142,0.30718707936159795,0.27612804244435535
2MASS J19042138+4522084 c,Aschwaden Prediction,30.85794195,0.177293155,2MASS J19042138+4522084,11.57451405,4944.0,24949.97293,K03283.02,3 to 2,0.002005369,Not in HZ,0.03527727492983195,0.044545912738957645,0.08079708194519969,0.0852200709673154,1.6114032590144471,1.0105983227813142,0.30718707936159795,0.27612804244435535
2MASS J19042138+4522084 b,Aschwaden Prediction,34.28660217,0.190194066,2MASS J19042138+4522084,11.57451405,4944.0,24949.97293,K03283.02,5 to 3,0.002005369,Not in HZ,0.03527727492983195,0.044545912738957645,0.08079708194519969,0.0852200709673154,1.6114032590144471,1.0105983227813142,0.30718707936159795,0.27612804244435535
2MASS J19042138+4522084 c,Aschwaden Prediction,25.71495163,0.157001742,2MASS J19042138+4522084,11.57451405,4944.0,24949.97293,K03283.02,5 to 4,0.002005369,Not in HZ,0.03527727492983195,0.044545912738957645,0.08079708194519969,0.0852200709673154,1.6114032590144471,1.0105983227813142,0.30718707936159795,0.27612804244435535
2MASS J19042138+4522084 b,Aschwaden Prediction,27.42928173,0.163904277,2MASS J19042138+4522084,11.57451405,4944.0,24949.97293,K03283.02,4 to 3,0.002005369,Not in HZ,0.03527727492983195,0.044545912738957645,0.08079708194519969,0.0852200709673154,1.6114032590144471,1.0105983227813142,0.30718707936159795,0.27612804244435535
2MASS J19042138+4522084 c,Aschwaden Prediction,51.42990325,0.249224731,2MASS J19042138+4522084,11.57451405,4944.0,24949.97293,K03283.02,5 to 2,0.002005369,Not in HZ,0.03527727492983195,0.044545912738957645,0.08079708194519969,0.0852200709673154,1.6114032590144471,1.0105983227813142,0.30718707936159795,0.27612804244435535
2MASS J19042138+4522084 b,Aschwaden Prediction,61.7158839,0.281435341,2MASS J19042138+4522084,11.57451405,4944.0,24949.97293,K03283.02,3 to 1,0.002005369,Not in HZ,0.03527727492983195,0.044545912738957645,0.08079708194519969,0.0852200709673154,1.6114032590144471,1.0105983227813142,0.30718707936159795,0.27612804244435535
2MASS J19060244+3837059 b,Aschwaden Prediction,17.9079626,0.130643107,2MASS J19060244+3837059,11.57451405,6168.0,24949.97293,K03340.01,2 to 1,0.002005369,Not in HZ,0.03290752354300092,0.04156892055569293,0.072645097828566,0.07662235050407201,1.8518418551940463,1.1605311528031714,0.37999831530875966,0.34157286004525855
2MASS J19060244+3837059 c,Aschwaden Prediction,13.43097195,0.107843508,2MASS J19060244+3837059,11.57451405,6168.0,24949.97293,K03340.01,3 to 2,0.002005369,Not in HZ,0.03290752354300092,0.04156892055569293,0.072645097828566,0.07662235050407201,1.8518418551940463,1.1605311528031714,0.37999831530875966,0.34157286004525855
2MASS J19060244+3837059 b,Aschwaden Prediction,14.92330217,0.115690847,2MASS J19060244+3837059,11.57451405,6168.0,24949.97293,K03340.01,5 to 3,0.002005369,Not in HZ,0.03290752354300092,0.04156892055569293,0.072645097828566,0.07662235050407201,1.8518418551940463,1.1605311528031714,0.37999831530875966,0.34157286004525855
2MASS J19060244+3837059 c,Aschwaden Prediction,11.19247663,0.09550069,2MASS J19060244+3837059,11.57451405,6168.0,24949.97293,K03340.01,5 to 4,0.002005369,Not in HZ,0.03290752354300092,0.04156892055569293,0.072645097828566,0.07662235050407201,1.8518418551940463,1.1605311528031714,0.37999831530875966,0.34157286004525855
2MASS J19060244+3837059 b,Aschwaden Prediction,11.93864173,0.09969935,2MASS J19060244+3837059,11.57451405,6168.0,24949.97293,K03340.01,4 to 3,0.002005369,Not in HZ,0.03290752354300092,0.04156892055569293,0.072645097828566,0.07662235050407201,1.8518418551940463,1.1605311528031714,0.37999831530875966,0.34157286004525855
2MASS J19060244+3837059 c,Aschwaden Prediction,22.38495325,0.151597896,2MASS J19060244+3837059,11.57451405,6168.0,24949.97293,K03340.01,5 to 2,0.002005369,Not in HZ,0.03290752354300092,0.04156892055569293,0.072645097828566,0.07662235050407201,1.8518418551940463,1.1605311528031714,0.37999831530875966,0.34157286004525855
2MASS J19060244+3837059 b,Aschwaden Prediction,26.8619439,0.171190899,2MASS J19060244+3837059,11.57451405,6168.0,24949.97293,K03340.01,3 to 1,0.002005369,Not in HZ,0.03290752354300092,0.04156892055569293,0.072645097828566,0.07662235050407201,1.8518418551940463,1.1605311528031714,0.37999831530875966,0.34157286004525855
2MASS J19060969+3819573 b,Aschwaden Prediction,10.0791702,0.087624538,2MASS J19060969+3819573,11.57451405,5912.0,24949.97293,K03395.01,2 to 1,0.002005369,Not in HZ,0.03342817868720499,0.042223298530304876,0.07420727465038471,0.07827018695220705,1.7946049741101218,1.1248380048224125,0.36416762458369095,0.32734186678412464
2MASS J19060969+3819573 c,Aschwaden Prediction,7.55937765,0.072332462,2MASS J19060969+3819573,11.57451405,5912.0,24949.97293,K03395.01,3 to 2,0.002005369,Conservative HZ,0.03342817868720499,0.042223298530304876,0.07420727465038471,0.07827018695220705,1.7946049741101218,1.1248380048224125,0.36416762458369095,0.32734186678412464
2MASS J19060969+3819573 b,Aschwaden Prediction,8.3993085,0.077595805,2MASS J19060969+3819573,11.57451405,5912.0,24949.97293,K03395.01,5 to 3,0.002005369,Optimistic HZ,0.03342817868720499,0.042223298530304876,0.07420727465038471,0.07827018695220705,1.7946049741101218,1.1248380048224125,0.36416762458369095,0.32734186678412464
2MASS J19060969+3819573 c,Aschwaden Prediction,6.299481375,0.064053926,2MASS J19060969+3819573,11.57451405,5912.0,24949.97293,K03395.01,5 to 4,0.002005369,Conservative HZ,0.03342817868720499,0.042223298530304876,0.07420727465038471,0.07827018695220705,1.7946049741101218,1.1248380048224125,0.36416762458369095,0.32734186678412464
2MASS J19060969+3819573 b,Aschwaden Prediction,6.7194468,0.066870038,2MASS J19060969+3819573,11.57451405,5912.0,24949.97293,K03395.01,4 to 3,0.002005369,Conservative HZ,0.03342817868720499,0.042223298530304876,0.07420727465038471,0.07827018695220705,1.7946049741101218,1.1248380048224125,0.36416762458369095,0.32734186678412464
2MASS J19060969+3819573 c,Aschwaden Prediction,12.59896275,0.101679269,2MASS J19060969+3819573,11.57451405,5912.0,24949.97293,K03395.01,5 to 2,0.002005369,Not in HZ,0.03342817868720499,0.042223298530304876,0.07420727465038471,0.07827018695220705,1.7946049741101218,1.1248380048224125,0.36416762458369095,0.32734186678412464
2MASS J19060969+3819573 b,Aschwaden Prediction,15.1187553,0.114820627,2MASS J19060969+3819573,11.57451405,5912.0,24949.97293,K03395.01,3 to 1,0.002005369,Not in HZ,0.03342817868720499,0.042223298530304876,0.07420727465038471,0.07827018695220705,1.7946049741101218,1.1248380048224125,0.36416762458369095,0.32734186678412464
2MASS J19085788+3919579 b,Aschwaden Prediction,27.45099378,69.65101595,2MASS J19085788+3919579,11.57451405,5988.457018,24949.97293,K02311.01,2 to 1,0.002005369,Not in HZ,0.033271923286914785,0.04202692814851236,0.07372903506852481,0.0777657363101955,1.8115006118316985,1.1353741500670544,0.36890725559167475,0.33160244215129453
2MASS J19085788+3919579 c,Aschwaden Prediction,20.58824534,57.49564687,2MASS J19085788+3919579,11.57451405,5988.457018,24949.97293,K02311.01,3 to 2,0.002005369,Not in HZ,0.033271923286914785,0.04202692814851236,0.07372903506852481,0.0777657363101955,1.8115006118316985,1.1353741500670544,0.36890725559167475,0.33160244215129453
2MASS J19085788+3919579 b,Aschwaden Prediction,22.87582815,61.67937412,2MASS J19085788+3919579,11.57451405,5988.457018,24949.97293,K02311.01,5 to 3,0.002005369,Not in HZ,0.033271923286914785,0.04202692814851236,0.07372903506852481,0.0777657363101955,1.8115006118316985,1.1353741500670544,0.36890725559167475,0.33160244215129453
2MASS J19085788+3919579 c,Aschwaden Prediction,17.15687111,50.91520153,2MASS J19085788+3919579,11.57451405,5988.457018,24949.97293,K02311.01,5 to 4,0.002005369,Not in HZ,0.033271923286914785,0.04202692814851236,0.07372903506852481,0.0777657363101955,1.8115006118316985,1.1353741500670544,0.36890725559167475,0.33160244215129453
2MASS J19085788+3919579 b,Aschwaden Prediction,18.30066252,53.15367331,2MASS J19085788+3919579,11.57451405,5988.457018,24949.97293,K02311.01,4 to 3,0.002005369,Not in HZ,0.033271923286914785,0.04202692814851236,0.07372903506852481,0.0777657363101955,1.8115006118316985,1.1353741500670544,0.36890725559167475,0.33160244215129453
2MASS J19085788+3919579 c,Aschwaden Prediction,34.31374223,80.82284447,2MASS J19085788+3919579,11.57451405,5988.457018,24949.97293,K02311.01,5 to 2,0.002005369,Not in HZ,0.033271923286914785,0.04202692814851236,0.07372903506852481,0.0777657363101955,1.8115006118316985,1.1353741500670544,0.36890725559167475,0.33160244215129453
2MASS J19085788+3919579 b,Aschwaden Prediction,41.17649067,91.26865032,2MASS J19085788+3919579,11.57451405,5988.457018,24949.97293,K02311.01,3 to 1,0.002005369,Not in HZ,0.033271923286914785,0.04202692814851236,0.07372903506852481,0.0777657363101955,1.8115006118316985,1.1353741500670544,0.36890725559167475,0.33160244215129453
2MASS J19100762+4418288 b,Aschwaden Prediction,26.0655582,0.176042777,2MASS J19100762+4418288,11.57451405,6122.0,24949.97293,K06178.01,2 to 1,0.002005369,Not in HZ,0.03300034761996348,0.04168559694756142,0.07291727136468865,0.07690945690961136,1.8414387068879543,1.1540436799813372,0.3771668198759336,0.33902740687540495
2MASS J19100762+4418288 c,Aschwaden Prediction,19.54916865,0.14532011,2MASS J19100762+4418288,11.57451405,6122.0,24949.97293,K06178.01,3 to 2,0.002005369,Not in HZ,0.03300034761996348,0.04168559694756142,0.07291727136468865,0.07690945690961136,1.8414387068879543,1.1540436799813372,0.3771668198759336,0.33902740687540495
2MASS J19100762+4418288 b,Aschwaden Prediction,21.7212985,0.155894471,2MASS J19100762+4418288,11.57451405,6122.0,24949.97293,K06178.01,5 to 3,0.002005369,Not in HZ,0.03300034761996348,0.04168559694756142,0.07291727136468865,0.07690945690961136,1.8414387068879543,1.1540436799813372,0.3771668198759336,0.33902740687540495
2MASS J19100762+4418288 c,Aschwaden Prediction,16.29097388,0.12868805,2MASS J19100762+4418288,11.57451405,6122.0,24949.97293,K06178.01,5 to 4,0.002005369,Not in HZ,0.03300034761996348,0.04168559694756142,0.07291727136468865,0.07690945690961136,1.8414387068879543,1.1540436799813372,0.3771668198759336,0.33902740687540495
2MASS J19100762+4418288 b,Aschwaden Prediction,17.3770388,0.134345782,2MASS J19100762+4418288,11.57451405,6122.0,24949.97293,K06178.01,4 to 3,0.002005369,Not in HZ,0.03300034761996348,0.04168559694756142,0.07291727136468865,0.07690945690961136,1.8414387068879543,1.1540436799813372,0.3771668198759336,0.33902740687540495
2MASS J19100762+4418288 c,Aschwaden Prediction,32.58194775,0.204279547,2MASS J19100762+4418288,11.57451405,6122.0,24949.97293,K06178.01,5 to 2,0.002005369,Not in HZ,0.03300034761996348,0.04168559694756142,0.07291727136468865,0.07690945690961136,1.8414387068879543,1.1540436799813372,0.3771668198759336,0.33902740687540495
2MASS J19100762+4418288 b,Aschwaden Prediction,39.0983373,0.230681296,2MASS J19100762+4418288,11.57451405,6122.0,24949.97293,K06178.01,3 to 1,0.002005369,Not in HZ,0.03300034761996348,0.04168559694756142,0.07291727136468865,0.07690945690961136,1.8414387068879543,1.1540436799813372,0.3771668198759336,0.33902740687540495
2MASS J19115492+4240456 b,Aschwaden Prediction,12.46438382,0.10635587,2MASS J19115492+4240456,11.57451405,5942.0,24949.97293,K03083.01,2 to 1,0.002005369,Not in HZ,0.03336683937071978,0.042146213509053884,0.07401851544576254,0.0780710836272005,1.801209197115921,1.128956403533884,0.3660273657527046,0.3290136243211376
2MASS J19115492+4240456 c,Aschwaden Prediction,9.348287865,0.087794837,2MASS J19115492+4240456,11.57451405,5942.0,24949.97293,K03083.01,3 to 2,0.002005369,Not in HZ,0.03336683937071978,0.042146213509053884,0.07401851544576254,0.0780710836272005,1.801209197115921,1.128956403533884,0.3660273657527046,0.3290136243211376
2MASS J19115492+4240456 b,Aschwaden Prediction,10.38698652,0.094183314,2MASS J19115492+4240456,11.57451405,5942.0,24949.97293,K03083.01,5 to 3,0.002005369,Not in HZ,0.03336683937071978,0.042146213509053884,0.07401851544576254,0.0780710836272005,1.801209197115921,1.128956403533884,0.3660273657527046,0.3290136243211376
2MASS J19115492+4240456 c,Aschwaden Prediction,7.790239888,0.077746613,2MASS J19115492+4240456,11.57451405,5942.0,24949.97293,K03083.01,5 to 4,0.002005369,Optimistic HZ,0.03336683937071978,0.042146213509053884,0.07401851544576254,0.0780710836272005,1.801209197115921,1.128956403533884,0.3660273657527046,0.3290136243211376
2MASS J19115492+4240456 b,Aschwaden Prediction,8.309589213,0.08116472,2MASS J19115492+4240456,11.57451405,5942.0,24949.97293,K03083.01,4 to 3,0.002005369,Not in HZ,0.03336683937071978,0.042146213509053884,0.07401851544576254,0.0780710836272005,1.801209197115921,1.128956403533884,0.3660273657527046,0.3290136243211376
2MASS J19115492+4240456 c,Aschwaden Prediction,15.58047978,0.123415055,2MASS J19115492+4240456,11.57451405,5942.0,24949.97293,K03083.01,5 to 2,0.002005369,Not in HZ,0.03336683937071978,0.042146213509053884,0.07401851544576254,0.0780710836272005,1.801209197115921,1.128956403533884,0.3660273657527046,0.3290136243211376
2MASS J19115492+4240456 b,Aschwaden Prediction,18.69657573,0.139365616,2MASS J19115492+4240456,11.57451405,5942.0,24949.97293,K03083.01,3 to 1,0.002005369,Not in HZ,0.03336683937071978,0.042146213509053884,0.07401851544576254,0.0780710836272005,1.801209197115921,1.128956403533884,0.3660273657527046,0.3290136243211376
2MASS J19115492+4240456 c,Aschwaden Prediction,16.5884958,0.128579485,2MASS J19115492+4240456,11.57451405,5942.0,24949.97293,K03083.02,2 to 1,0.002005369,Not in HZ,0.03336683937071978,0.042146213509053884,0.07401851544576254,0.0780710836272005,1.801209197115921,1.128956403533884,0.3660273657527046,0.3290136243211376
2MASS J19115492+4240456 b,Aschwaden Prediction,12.44137185,0.106140026,2MASS J19115492+4240456,11.57451405,5942.0,24949.97293,K03083.02,3 to 2,0.002005369,Not in HZ,0.03336683937071978,0.042146213509053884,0.07401851544576254,0.0780710836272005,1.801209197115921,1.128956403533884,0.3660273657527046,0.3290136243211376
2MASS J19115492+4240456 c,Aschwaden Prediction,13.8237465,0.11386341,2MASS J19115492+4240456,11.57451405,5942.0,24949.97293,K03083.02,5 to 3,0.002005369,Not in HZ,0.03336683937071978,0.042146213509053884,0.07401851544576254,0.0780710836272005,1.801209197115921,1.128956403533884,0.3660273657527046,0.3290136243211376
2MASS J19115492+4240456 b,Aschwaden Prediction,10.36780988,0.093992174,2MASS J19115492+4240456,11.57451405,5942.0,24949.97293,K03083.02,5 to 4,0.002005369,Not in HZ,0.03336683937071978,0.042146213509053884,0.07401851544576254,0.0780710836272005,1.801209197115921,1.128956403533884,0.3660273657527046,0.3290136243211376
2MASS J19115492+4240456 c,Aschwaden Prediction,11.0589972,0.098124512,2MASS J19115492+4240456,11.57451405,5942.0,24949.97293,K03083.02,4 to 3,0.002005369,Not in HZ,0.03336683937071978,0.042146213509053884,0.07401851544576254,0.0780710836272005,1.801209197115921,1.128956403533884,0.3660273657527046,0.3290136243211376
2MASS J19115492+4240456 b,Aschwaden Prediction,20.73561975,0.149203276,2MASS J19115492+4240456,11.57451405,5942.0,24949.97293,K03083.02,5 to 2,0.002005369,Not in HZ,0.03336683937071978,0.042146213509053884,0.07401851544576254,0.0780710836272005,1.801209197115921,1.128956403533884,0.3660273657527046,0.3290136243211376
2MASS J19115492+4240456 c,Aschwaden Prediction,24.8827437,0.16848679,2MASS J19115492+4240456,11.57451405,5942.0,24949.97293,K03083.02,3 to 1,0.002005369,Not in HZ,0.03336683937071978,0.042146213509053884,0.07401851544576254,0.0780710836272005,1.801209197115921,1.128956403533884,0.3660273657527046,0.3290136243211376
2MASS J19131869+4722537 b,Aschwaden Prediction,6.59069866,0.069845646,2MASS J19131869+4722537,11.57451405,5546.0,24949.97293,K00732.02,2 to 1,0.002005369,Conservative HZ,0.03416964268871881,0.04315491138116164,0.07660903070202318,0.08080341887746571,1.7175659518753772,1.0767970048445081,0.34169164704360067,0.3071388995342866
2MASS J19131869+4722537 c,Aschwaden Prediction,4.943023995,0.057656311,2MASS J19131869+4722537,11.57451405,5546.0,24949.97293,K00732.02,3 to 2,0.002005369,Conservative HZ,0.03416964268871881,0.04315491138116164,0.07660903070202318,0.08080341887746571,1.7175659518753772,1.0767970048445081,0.34169164704360067,0.3071388995342866
2MASS J19131869+4722537 b,Aschwaden Prediction,5.492248883,0.061851729,2MASS J19131869+4722537,11.57451405,5546.0,24949.97293,K00732.02,5 to 3,0.002005369,Conservative HZ,0.03416964268871881,0.04315491138116164,0.07660903070202318,0.08080341887746571,1.7175659518753772,1.0767970048445081,0.34169164704360067,0.3071388995342866
2MASS J19131869+4722537 c,Aschwaden Prediction,4.119186663,0.051057477,2MASS J19131869+4722537,11.57451405,5546.0,24949.97293,K00732.02,5 to 4,0.002005369,Conservative HZ,0.03416964268871881,0.04315491138116164,0.07660903070202318,0.08080341887746571,1.7175659518753772,1.0767970048445081,0.34169164704360067,0.3071388995342866
2MASS J19131869+4722537 b,Aschwaden Prediction,4.393799107,0.053302204,2MASS J19131869+4722537,11.57451405,5546.0,24949.97293,K00732.02,4 to 3,0.002005369,Conservative HZ,0.03416964268871881,0.04315491138116164,0.07660903070202318,0.08080341887746571,1.7175659518753772,1.0767970048445081,0.34169164704360067,0.3071388995342866
2MASS J19131869+4722537 c,Aschwaden Prediction,8.238373325,0.081048693,2MASS J19131869+4722537,11.57451405,5546.0,24949.97293,K00732.02,5 to 2,0.002005369,Not in HZ,0.03416964268871881,0.04315491138116164,0.07660903070202318,0.08080341887746571,1.7175659518753772,1.0767970048445081,0.34169164704360067,0.3071388995342866
2MASS J19131869+4722537 b,Aschwaden Prediction,9.88604799,0.091523688,2MASS J19131869+4722537,11.57451405,5546.0,24949.97293,K00732.02,3 to 1,0.002005369,Not in HZ,0.03416964268871881,0.04315491138116164,0.07660903070202318,0.08080341887746571,1.7175659518753772,1.0767970048445081,0.34169164704360067,0.3071388995342866
2MASS J19140696+4216345 b,Aschwaden Prediction,8.16388196,0.080957454,2MASS J19140696+4216345,11.57451405,6532.0,24949.97293,K04871.01,2 to 1,0.002005369,Not in HZ,0.03219849840591636,0.04067753766878592,0.07064474549629589,0.07451211855443331,1.9342965619183121,1.211950787652911,0.40182279236190205,0.36119395555374867
2MASS J19140696+4216345 c,Aschwaden Prediction,6.12291147,0.066828906,2MASS J19140696+4216345,11.57451405,6532.0,24949.97293,K04871.01,3 to 2,0.002005369,Conservative HZ,0.03219849840591636,0.04067753766878592,0.07064474549629589,0.07451211855443331,1.9342965619183121,1.211950787652911,0.40182279236190205,0.36119395555374867
2MASS J19140696+4216345 b,Aschwaden Prediction,6.803234967,0.071691777,2MASS J19140696+4216345,11.57451405,6532.0,24949.97293,K04871.01,5 to 3,0.002005369,Optimistic HZ,0.03219849840591636,0.04067753766878592,0.07064474549629589,0.07451211855443331,1.9342965619183121,1.211950787652911,0.40182279236190205,0.36119395555374867
2MASS J19140696+4216345 c,Aschwaden Prediction,5.102426225,0.059180258,2MASS J19140696+4216345,11.57451405,6532.0,24949.97293,K04871.01,5 to 4,0.002005369,Conservative HZ,0.03219849840591636,0.04067753766878592,0.07064474549629589,0.07451211855443331,1.9342965619183121,1.211950787652911,0.40182279236190205,0.36119395555374867
2MASS J19140696+4216345 b,Aschwaden Prediction,5.442587973,0.0617821,2MASS J19140696+4216345,11.57451405,6532.0,24949.97293,K04871.01,4 to 3,0.002005369,Conservative HZ,0.03219849840591636,0.04067753766878592,0.07064474549629589,0.07451211855443331,1.9342965619183121,1.211950787652911,0.40182279236190205,0.36119395555374867
2MASS J19140696+4216345 c,Aschwaden Prediction,10.20485245,0.093942803,2MASS J19140696+4216345,11.57451405,6532.0,24949.97293,K04871.01,5 to 2,0.002005369,Not in HZ,0.03219849840591636,0.04067753766878592,0.07064474549629589,0.07451211855443331,1.9342965619183121,1.211950787652911,0.40182279236190205,0.36119395555374867
2MASS J19140696+4216345 b,Aschwaden Prediction,12.24582294,0.106084275,2MASS J19140696+4216345,11.57451405,6532.0,24949.97293,K04871.01,3 to 1,0.002005369,Not in HZ,0.03219849840591636,0.04067753766878592,0.07064474549629589,0.07451211855443331,1.9342965619183121,1.211950787652911,0.40182279236190205,0.36119395555374867
2MASS J19151953+4733071 b,Aschwaden Prediction,5.81026182,0.055717777,2MASS J19151953+4733071,11.57451405,5374.0,24949.97293,K02859.03,2 to 1,0.002005369,Conservative HZ,0.0345058282668394,0.04357719574802842,0.07778678328827347,0.0820455469071574,1.6842609674824638,1.0560287415189118,0.3314230213077735,0.2979094422921385
2MASS J19151953+4733071 c,Aschwaden Prediction,4.357696365,0.045994011,2MASS J19151953+4733071,11.57451405,5374.0,24949.97293,K02859.03,3 to 2,0.002005369,Conservative HZ,0.0345058282668394,0.04357719574802842,0.07778678328827347,0.0820455469071574,1.6842609674824638,1.0560287415189118,0.3314230213077735,0.2979094422921385
2MASS J19151953+4733071 b,Aschwaden Prediction,4.84188485,0.049340811,2MASS J19151953+4733071,11.57451405,5374.0,24949.97293,K02859.03,5 to 3,0.002005369,Conservative HZ,0.0345058282668394,0.04357719574802842,0.07778678328827347,0.0820455469071574,1.6842609674824638,1.0560287415189118,0.3314230213077735,0.2979094422921385
2MASS J19151953+4733071 c,Aschwaden Prediction,3.631413638,0.040729942,2MASS J19151953+4733071,11.57451405,5374.0,24949.97293,K02859.03,5 to 4,0.002005369,Not in HZ,0.0345058282668394,0.04357719574802842,0.07778678328827347,0.0820455469071574,1.6842609674824638,1.0560287415189118,0.3314230213077735,0.2979094422921385
2MASS J19151953+4733071 b,Aschwaden Prediction,3.87350788,0.042520622,2MASS J19151953+4733071,11.57451405,5374.0,24949.97293,K02859.03,4 to 3,0.002005369,Not in HZ,0.0345058282668394,0.04357719574802842,0.07778678328827347,0.0820455469071574,1.6842609674824638,1.0560287415189118,0.3314230213077735,0.2979094422921385
2MASS J19151953+4733071 c,Aschwaden Prediction,7.262827275,0.064654753,2MASS J19151953+4733071,11.57451405,5374.0,24949.97293,K02859.03,5 to 2,0.002005369,Conservative HZ,0.0345058282668394,0.04357719574802842,0.07778678328827347,0.0820455469071574,1.6842609674824638,1.0560287415189118,0.3314230213077735,0.2979094422921385
2MASS J19151953+4733071 b,Aschwaden Prediction,8.71539273,0.073010942,2MASS J19151953+4733071,11.57451405,5374.0,24949.97293,K02859.03,3 to 1,0.002005369,Conservative HZ,0.0345058282668394,0.04357719574802842,0.07778678328827347,0.0820455469071574,1.6842609674824638,1.0560287415189118,0.3314230213077735,0.2979094422921385
2MASS J19151953+4733071 c,Aschwaden Prediction,8.57769026,0.072226748,2MASS J19151953+4733071,11.57451405,5374.0,24949.97293,K02859.04,2 to 1,0.002005369,Conservative HZ,0.0345058282668394,0.04357719574802842,0.07778678328827347,0.0820455469071574,1.6842609674824638,1.0560287415189118,0.3314230213077735,0.2979094422921385
2MASS J19151953+4733071 b,Aschwaden Prediction,6.433267695,0.059621867,2MASS J19151953+4733071,11.57451405,5374.0,24949.97293,K02859.04,3 to 2,0.002005369,Conservative HZ,0.0345058282668394,0.04357719574802842,0.07778678328827347,0.0820455469071574,1.6842609674824638,1.0560287415189118,0.3314230213077735,0.2979094422921385
2MASS J19151953+4733071 c,Aschwaden Prediction,7.148075217,0.06396031,2MASS J19151953+4733071,11.57451405,5374.0,24949.97293,K02859.04,5 to 3,0.002005369,Conservative HZ,0.0345058282668394,0.04357719574802842,0.07778678328827347,0.0820455469071574,1.6842609674824638,1.0560287415189118,0.3314230213077735,0.2979094422921385
2MASS J19151953+4733071 b,Aschwaden Prediction,5.361056413,0.052798073,2MASS J19151953+4733071,11.57451405,5374.0,24949.97293,K02859.04,5 to 4,0.002005369,Conservative HZ,0.0345058282668394,0.04357719574802842,0.07778678328827347,0.0820455469071574,1.6842609674824638,1.0560287415189118,0.3314230213077735,0.2979094422921385
2MASS J19151953+4733071 c,Aschwaden Prediction,5.718460173,0.055119325,2MASS J19151953+4733071,11.57451405,5374.0,24949.97293,K02859.04,4 to 3,0.002005369,Conservative HZ,0.0345058282668394,0.04357719574802842,0.07778678328827347,0.0820455469071574,1.6842609674824638,1.0560287415189118,0.3314230213077735,0.2979094422921385
2MASS J19151953+4733071 b,Aschwaden Prediction,10.72211283,0.083811717,2MASS J19151953+4733071,11.57451405,5374.0,24949.97293,K02859.04,5 to 2,0.002005369,Not in HZ,0.0345058282668394,0.04357719574802842,0.07778678328827347,0.0820455469071574,1.6842609674824638,1.0560287415189118,0.3314230213077735,0.2979094422921385
2MASS J19151953+4733071 c,Aschwaden Prediction,12.86653539,0.094643814,2MASS J19151953+4733071,11.57451405,5374.0,24949.97293,K02859.04,3 to 1,0.002005369,Not in HZ,0.0345058282668394,0.04357719574802842,0.07778678328827347,0.0820455469071574,1.6842609674824638,1.0560287415189118,0.3314230213077735,0.2979094422921385
2MASS J19160905+4942453 b,Aschwaden Prediction,153.6798919,0.620356331,2MASS J19160905+4942453,11.57451405,5988.457018,24949.97293,K06242.01,2 to 1,0.002005369,Not in HZ,0.033271923286914785,0.04202692814851236,0.07372903506852481,0.0777657363101955,1.8115006118316985,1.1353741500670544,0.36890725559167475,0.33160244215129453
2MASS J19160905+4942453 c,Aschwaden Prediction,115.259919,0.512092868,2MASS J19160905+4942453,11.57451405,5988.457018,24949.97293,K06242.01,3 to 2,0.002005369,Not in HZ,0.033271923286914785,0.04202692814851236,0.07372903506852481,0.0777657363101955,1.8115006118316985,1.1353741500670544,0.36890725559167475,0.33160244215129453
2MASS J19160905+4942453 b,Aschwaden Prediction,128.0665766,0.549355809,2MASS J19160905+4942453,11.57451405,5988.457018,24949.97293,K06242.01,5 to 3,0.002005369,Not in HZ,0.033271923286914785,0.04202692814851236,0.07372903506852481,0.0777657363101955,1.8115006118316985,1.1353741500670544,0.36890725559167475,0.33160244215129453
2MASS J19160905+4942453 c,Aschwaden Prediction,96.04993246,0.453483229,2MASS J19160905+4942453,11.57451405,5988.457018,24949.97293,K06242.01,5 to 4,0.002005369,Not in HZ,0.033271923286914785,0.04202692814851236,0.07372903506852481,0.0777657363101955,1.8115006118316985,1.1353741500670544,0.36890725559167475,0.33160244215129453
2MASS J19160905+4942453 b,Aschwaden Prediction,102.4532613,0.473420485,2MASS J19160905+4942453,11.57451405,5988.457018,24949.97293,K06242.01,4 to 3,0.002005369,Not in HZ,0.033271923286914785,0.04202692814851236,0.07372903506852481,0.0777657363101955,1.8115006118316985,1.1353741500670544,0.36890725559167475,0.33160244215129453
2MASS J19160905+4942453 c,Aschwaden Prediction,192.0998649,0.719859755,2MASS J19160905+4942453,11.57451405,5988.457018,24949.97293,K06242.01,5 to 2,0.002005369,Not in HZ,0.033271923286914785,0.04202692814851236,0.07372903506852481,0.0777657363101955,1.8115006118316985,1.1353741500670544,0.36890725559167475,0.33160244215129453
2MASS J19160905+4942453 b,Aschwaden Prediction,230.5198379,0.812896758,2MASS J19160905+4942453,11.57451405,5988.457018,24949.97293,K06242.01,3 to 1,0.002005369,Not in HZ,0.033271923286914785,0.04202692814851236,0.07372903506852481,0.0777657363101955,1.8115006118316985,1.1353741500670544,0.36890725559167475,0.33160244215129453
2MASS J19160905+4942453 c,Aschwaden Prediction,157.73368,69.65101595,2MASS J19160905+4942453,11.57451405,5988.457018,24949.97293,K06242.02,2 to 1,0.002005369,Not in HZ,0.033271923286914785,0.04202692814851236,0.07372903506852481,0.0777657363101955,1.8115006118316985,1.1353741500670544,0.36890725559167475,0.33160244215129453
2MASS J19160905+4942453 b,Aschwaden Prediction,118.30026,57.49564687,2MASS J19160905+4942453,11.57451405,5988.457018,24949.97293,K06242.02,3 to 2,0.002005369,Not in HZ,0.033271923286914785,0.04202692814851236,0.07372903506852481,0.0777657363101955,1.8115006118316985,1.1353741500670544,0.36890725559167475,0.33160244215129453
2MASS J19160905+4942453 c,Aschwaden Prediction,131.4447333,61.67937412,2MASS J19160905+4942453,11.57451405,5988.457018,24949.97293,K06242.02,5 to 3,0.002005369,Not in HZ,0.033271923286914785,0.04202692814851236,0.07372903506852481,0.0777657363101955,1.8115006118316985,1.1353741500670544,0.36890725559167475,0.33160244215129453
2MASS J19160905+4942453 b,Aschwaden Prediction,98.58355,50.91520153,2MASS J19160905+4942453,11.57451405,5988.457018,24949.97293,K06242.02,5 to 4,0.002005369,Not in HZ,0.033271923286914785,0.04202692814851236,0.07372903506852481,0.0777657363101955,1.8115006118316985,1.1353741500670544,0.36890725559167475,0.33160244215129453
2MASS J19160905+4942453 c,Aschwaden Prediction,105.1557867,53.15367331,2MASS J19160905+4942453,11.57451405,5988.457018,24949.97293,K06242.02,4 to 3,0.002005369,Not in HZ,0.033271923286914785,0.04202692814851236,0.07372903506852481,0.0777657363101955,1.8115006118316985,1.1353741500670544,0.36890725559167475,0.33160244215129453
2MASS J19160905+4942453 b,Aschwaden Prediction,197.1671,80.82284447,2MASS J19160905+4942453,11.57451405,5988.457018,24949.97293,K06242.02,5 to 2,0.002005369,Not in HZ,0.033271923286914785,0.04202692814851236,0.07372903506852481,0.0777657363101955,1.8115006118316985,1.1353741500670544,0.36890725559167475,0.33160244215129453
2MASS J19160905+4942453 c,Aschwaden Prediction,236.60052,91.26865032,2MASS J19160905+4942453,11.57451405,5988.457018,24949.97293,K06242.02,3 to 1,0.002005369,Not in HZ,0.033271923286914785,0.04202692814851236,0.07372903506852481,0.0777657363101955,1.8115006118316985,1.1353741500670544,0.36890725559167475,0.33160244215129453
2MASS J19210223+4653064 b,Aschwaden Prediction,24.0173772,0.16524845,2MASS J19210223+4653064,11.57451405,5303.0,24949.97293,K04647.01,2 to 1,0.002005369,Not in HZ,0.03464080281481777,0.04374671647825672,0.07827915727838856,0.08256481424089479,1.6711614169517903,1.0478602697146449,0.3272668482178776,0.294173996635731
2MASS J19210223+4653064 c,Aschwaden Prediction,18.0130329,0.13640959,2MASS J19210223+4653064,11.57451405,5303.0,24949.97293,K04647.01,3 to 2,0.002005369,Not in HZ,0.03464080281481777,0.04374671647825672,0.07827915727838856,0.08256481424089479,1.6711614169517903,1.0478602697146449,0.3272668482178776,0.294173996635731
2MASS J19210223+4653064 b,Aschwaden Prediction,20.014481,0.146335567,2MASS J19210223+4653064,11.57451405,5303.0,24949.97293,K04647.01,5 to 3,0.002005369,Not in HZ,0.03464080281481777,0.04374671647825672,0.07827915727838856,0.08256481424089479,1.6711614169517903,1.0478602697146449,0.3272668482178776,0.294173996635731
2MASS J19210223+4653064 c,Aschwaden Prediction,15.01086075,0.120797349,2MASS J19210223+4653064,11.57451405,5303.0,24949.97293,K04647.01,5 to 4,0.002005369,Not in HZ,0.03464080281481777,0.04374671647825672,0.07827915727838856,0.08256481424089479,1.6711614169517903,1.0478602697146449,0.3272668482178776,0.294173996635731
2MASS J19210223+4653064 b,Aschwaden Prediction,16.0115848,0.126108169,2MASS J19210223+4653064,11.57451405,5303.0,24949.97293,K04647.01,4 to 3,0.002005369,Not in HZ,0.03464080281481777,0.04374671647825672,0.07827915727838856,0.08256481424089479,1.6711614169517903,1.0478602697146449,0.3272668482178776,0.294173996635731
2MASS J19210223+4653064 c,Aschwaden Prediction,30.0217215,0.19175384,2MASS J19210223+4653064,11.57451405,5303.0,24949.97293,K04647.01,5 to 2,0.002005369,Not in HZ,0.03464080281481777,0.04374671647825672,0.07827915727838856,0.08256481424089479,1.6711614169517903,1.0478602697146449,0.3272668482178776,0.294173996635731
2MASS J19210223+4653064 b,Aschwaden Prediction,36.0260658,0.216536726,2MASS J19210223+4653064,11.57451405,5303.0,24949.97293,K04647.01,3 to 1,0.002005369,Not in HZ,0.03464080281481777,0.04374671647825672,0.07827915727838856,0.08256481424089479,1.6711614169517903,1.0478602697146449,0.3272668482178776,0.294173996635731
2MASS J19210246+3821179 b,Aschwaden Prediction,7.83358726,0.070163126,2MASS J19210246+3821179,11.57451405,4886.0,24949.97293,K03068.01,2 to 1,0.002005369,Conservative HZ,0.03537154677216243,0.04466425958590964,0.08120480795839927,0.0856500014335964,1.6028253180719738,1.005249855230355,0.3041100760814215,0.2733628842001659
2MASS J19210246+3821179 c,Aschwaden Prediction,5.875190445,0.057918385,2MASS J19210246+3821179,11.57451405,4886.0,24949.97293,K03068.01,3 to 2,0.002005369,Conservative HZ,0.03537154677216243,0.04466425958590964,0.08120480795839927,0.0856500014335964,1.6028253180719738,1.005249855230355,0.3041100760814215,0.2733628842001659
2MASS J19210246+3821179 b,Aschwaden Prediction,6.527989383,0.062132873,2MASS J19210246+3821179,11.57451405,4886.0,24949.97293,K03068.01,5 to 3,0.002005369,Conservative HZ,0.03537154677216243,0.04466425958590964,0.08120480795839927,0.0856500014335964,1.6028253180719738,1.005249855230355,0.3041100760814215,0.2733628842001659
2MASS J19210246+3821179 c,Aschwaden Prediction,4.895992038,0.051289557,2MASS J19210246+3821179,11.57451405,4886.0,24949.97293,K03068.01,5 to 4,0.002005369,Conservative HZ,0.03537154677216243,0.04466425958590964,0.08120480795839927,0.0856500014335964,1.6028253180719738,1.005249855230355,0.3041100760814215,0.2733628842001659
2MASS J19210246+3821179 b,Aschwaden Prediction,5.222391507,0.053544487,2MASS J19210246+3821179,11.57451405,4886.0,24949.97293,K03068.01,4 to 3,0.002005369,Conservative HZ,0.03537154677216243,0.04466425958590964,0.08120480795839927,0.0856500014335964,1.6028253180719738,1.005249855230355,0.3041100760814215,0.2733628842001659
2MASS J19210246+3821179 c,Aschwaden Prediction,9.791984075,0.081417096,2MASS J19210246+3821179,11.57451405,4886.0,24949.97293,K03068.01,5 to 2,0.002005369,Optimistic HZ,0.03537154677216243,0.04466425958590964,0.08120480795839927,0.0856500014335964,1.6028253180719738,1.005249855230355,0.3041100760814215,0.2733628842001659
2MASS J19210246+3821179 b,Aschwaden Prediction,11.75038089,0.091939705,2MASS J19210246+3821179,11.57451405,4886.0,24949.97293,K03068.01,3 to 1,0.002005369,Not in HZ,0.03537154677216243,0.04466425958590964,0.08120480795839927,0.0856500014335964,1.6028253180719738,1.005249855230355,0.3041100760814215,0.2733628842001659
2MASS J19214806+3951432 b,Aschwaden Prediction,180.193458,0.63400798,2MASS J19214806+3951432,11.57451405,6123.0,24949.97293,K06120.01,2 to 1,0.002005369,Not in HZ,0.032998324836400764,0.04168305443829573,0.07291131254303929,0.07690317119625793,1.841664472658298,1.154184468907459,0.37722847180819946,0.3390828302384655
2MASS J19214806+3951432 c,Aschwaden Prediction,135.1450935,0.523362056,2MASS J19214806+3951432,11.57451405,6123.0,24949.97293,K06120.01,3 to 2,0.002005369,Not in HZ,0.032998324836400764,0.04168305443829573,0.07291131254303929,0.07690317119625793,1.841664472658298,1.154184468907459,0.37722847180819946,0.3390828302384655
2MASS J19214806+3951432 b,Aschwaden Prediction,150.161215,0.561445011,2MASS J19214806+3951432,11.57451405,6123.0,24949.97293,K06120.01,5 to 3,0.002005369,Not in HZ,0.032998324836400764,0.04168305443829573,0.07291131254303929,0.07690317119625793,1.841664472658298,1.154184468907459,0.37722847180819946,0.3390828302384655
2MASS J19214806+3951432 c,Aschwaden Prediction,112.6209112,0.463462645,2MASS J19214806+3951432,11.57451405,6123.0,24949.97293,K06120.01,5 to 4,0.002005369,Not in HZ,0.032998324836400764,0.04168305443829573,0.07291131254303929,0.07690317119625793,1.841664472658298,1.154184468907459,0.37722847180819946,0.3390828302384655
2MASS J19214806+3951432 b,Aschwaden Prediction,120.128972,0.483838643,2MASS J19214806+3951432,11.57451405,6123.0,24949.97293,K06120.01,4 to 3,0.002005369,Not in HZ,0.032998324836400764,0.04168305443829573,0.07291131254303929,0.07690317119625793,1.841664472658298,1.154184468907459,0.37722847180819946,0.3390828302384655
2MASS J19214806+3951432 c,Aschwaden Prediction,225.2418225,0.73570109,2MASS J19214806+3951432,11.57451405,6123.0,24949.97293,K06120.01,5 to 2,0.002005369,Not in HZ,0.032998324836400764,0.04168305443829573,0.07291131254303929,0.07690317119625793,1.841664472658298,1.154184468907459,0.37722847180819946,0.3390828302384655
2MASS J19214806+3951432 b,Aschwaden Prediction,270.290187,0.830785479,2MASS J19214806+3951432,11.57451405,6123.0,24949.97293,K06120.01,3 to 1,0.002005369,Not in HZ,0.032998324836400764,0.04168305443829573,0.07291131254303929,0.07690317119625793,1.841664472658298,1.154184468907459,0.37722847180819946,0.3390828302384655
2MASS J19214999+4839409 b,Aschwaden Prediction,19.2368,0.149056959,2MASS J19214999+4839409,11.57451405,6344.0,24949.97293,K04287.01,2 to 1,0.002005369,Not in HZ,0.032557923734488806,0.04112944157213892,0.07164221788861858,0.07556441283589246,1.8918247116949465,1.1854648221947157,0.39071155262163004,0.35120417740196436
2MASS J19214999+4839409 c,Aschwaden Prediction,14.4276,0.123043808,2MASS J19214999+4839409,11.57451405,6344.0,24949.97293,K04287.01,3 to 2,0.002005369,Not in HZ,0.032557923734488806,0.04112944157213892,0.07164221788861858,0.07556441283589246,1.8918247116949465,1.1854648221947157,0.39071155262163004,0.35120417740196436
2MASS J19214999+4839409 b,Aschwaden Prediction,16.03066667,0.131997212,2MASS J19214999+4839409,11.57451405,6344.0,24949.97293,K04287.01,5 to 3,0.002005369,Not in HZ,0.032557923734488806,0.04112944157213892,0.07164221788861858,0.07556441283589246,1.8918247116949465,1.1854648221947157,0.39071155262163004,0.35120417740196436
2MASS J19214999+4839409 c,Aschwaden Prediction,12.023,0.108961298,2MASS J19214999+4839409,11.57451405,6344.0,24949.97293,K04287.01,5 to 4,0.002005369,Not in HZ,0.032557923734488806,0.04112944157213892,0.07164221788861858,0.07556441283589246,1.8918247116949465,1.1854648221947157,0.39071155262163004,0.35120417740196436
2MASS J19214999+4839409 b,Aschwaden Prediction,12.82453333,0.113751749,2MASS J19214999+4839409,11.57451405,6344.0,24949.97293,K04287.01,4 to 3,0.002005369,Not in HZ,0.032557923734488806,0.04112944157213892,0.07164221788861858,0.07556441283589246,1.8918247116949465,1.1854648221947157,0.39071155262163004,0.35120417740196436
2MASS J19214999+4839409 c,Aschwaden Prediction,24.046,0.172965279,2MASS J19214999+4839409,11.57451405,6344.0,24949.97293,K04287.01,5 to 2,0.002005369,Not in HZ,0.032557923734488806,0.04112944157213892,0.07164221788861858,0.07556441283589246,1.8918247116949465,1.1854648221947157,0.39071155262163004,0.35120417740196436
2MASS J19214999+4839409 b,Aschwaden Prediction,28.8552,0.195319871,2MASS J19214999+4839409,11.57451405,6344.0,24949.97293,K04287.01,3 to 1,0.002005369,Not in HZ,0.032557923734488806,0.04112944157213892,0.07164221788861858,0.07556441283589246,1.8918247116949465,1.1854648221947157,0.39071155262163004,0.35120417740196436
2MASS J19251058+4154462 b,Aschwaden Prediction,8.26068506,0.07619525,2MASS J19251058+4154462,11.57451405,5487.0,24949.97293,K04504.01,2 to 1,0.002005369,Conservative HZ,0.03428625984139408,0.04330140325374939,0.07701027611733684,0.08122660348290056,1.7059019781659095,1.0695235600450592,0.33814030187256444,0.30394689433916156
2MASS J19251058+4154462 c,Aschwaden Prediction,6.195513795,0.062897793,2MASS J19251058+4154462,11.57451405,5487.0,24949.97293,K04504.01,3 to 2,0.002005369,Conservative HZ,0.03428625984139408,0.04330140325374939,0.07701027611733684,0.08122660348290056,1.7059019781659095,1.0695235600450592,0.33814030187256444,0.30394689433916156
2MASS J19251058+4154462 b,Aschwaden Prediction,6.883904217,0.067474613,2MASS J19251058+4154462,11.57451405,5487.0,24949.97293,K04504.01,5 to 3,0.002005369,Conservative HZ,0.03428625984139408,0.04330140325374939,0.07701027611733684,0.08122660348290056,1.7059019781659095,1.0695235600450592,0.33814030187256444,0.30394689433916156
2MASS J19251058+4154462 c,Aschwaden Prediction,5.162928163,0.055699066,2MASS J19251058+4154462,11.57451405,5487.0,24949.97293,K04504.01,5 to 4,0.002005369,Conservative HZ,0.03428625984139408,0.04330140325374939,0.07701027611733684,0.08122660348290056,1.7059019781659095,1.0695235600450592,0.33814030187256444,0.30394689433916156
2MASS J19251058+4154462 b,Aschwaden Prediction,5.507123373,0.058147859,2MASS J19251058+4154462,11.57451405,5487.0,24949.97293,K04504.01,4 to 3,0.002005369,Conservative HZ,0.03428625984139408,0.04330140325374939,0.07701027611733684,0.08122660348290056,1.7059019781659095,1.0695235600450592,0.33814030187256444,0.30394689433916156
2MASS J19251058+4154462 c,Aschwaden Prediction,10.32585633,0.088416756,2MASS J19251058+4154462,11.57451405,5487.0,24949.97293,K04504.01,5 to 2,0.002005369,Not in HZ,0.03428625984139408,0.04330140325374939,0.07701027611733684,0.08122660348290056,1.7059019781659095,1.0695235600450592,0.33814030187256444,0.30394689433916156
2MASS J19251058+4154462 b,Aschwaden Prediction,12.39102759,0.099844024,2MASS J19251058+4154462,11.57451405,5487.0,24949.97293,K04504.01,3 to 1,0.002005369,Not in HZ,0.03428625984139408,0.04330140325374939,0.07701027611733684,0.08122660348290056,1.7059019781659095,1.0695235600450592,0.33814030187256444,0.30394689433916156
2MASS J19261212+5049322 b,Aschwaden Prediction,1.824680828,0.02952566,2MASS J19261212+5049322,11.57451405,5893.0,24949.97293,K02449.01,2 to 1,0.002005369,Not in HZ,0.033467032099716194,0.0422721243732708,0.07432754069542064,0.07839704278940907,1.790440514424283,1.1222410477672702,0.36299009155749024,0.32628336690498944
2MASS J19261212+5049322 c,Aschwaden Prediction,1.368510621,0.024372895,2MASS J19261212+5049322,11.57451405,5893.0,24949.97293,K02449.01,3 to 2,0.002005369,Not in HZ,0.033467032099716194,0.0422721243732708,0.07432754069542064,0.07839704278940907,1.790440514424283,1.1222410477672702,0.36299009155749024,0.32628336690498944
2MASS J19261212+5049322 b,Aschwaden Prediction,1.520567357,0.026146413,2MASS J19261212+5049322,11.57451405,5893.0,24949.97293,K02449.01,5 to 3,0.002005369,Not in HZ,0.033467032099716194,0.0422721243732708,0.07432754069542064,0.07839704278940907,1.790440514424283,1.1222410477672702,0.36299009155749024,0.32628336690498944
2MASS J19261212+5049322 c,Aschwaden Prediction,1.140425518,0.021583388,2MASS J19261212+5049322,11.57451405,5893.0,24949.97293,K02449.01,5 to 4,0.002005369,Not in HZ,0.033467032099716194,0.0422721243732708,0.07432754069542064,0.07839704278940907,1.790440514424283,1.1222410477672702,0.36299009155749024,0.32628336690498944
2MASS J19261212+5049322 b,Aschwaden Prediction,1.216453885,0.022532295,2MASS J19261212+5049322,11.57451405,5893.0,24949.97293,K02449.01,4 to 3,0.002005369,Not in HZ,0.033467032099716194,0.0422721243732708,0.07432754069542064,0.07839704278940907,1.790440514424283,1.1222410477672702,0.36299009155749024,0.32628336690498944
2MASS J19261212+5049322 c,Aschwaden Prediction,2.280851035,0.034261493,2MASS J19261212+5049322,11.57451405,5893.0,24949.97293,K02449.01,5 to 2,0.002005369,Not in HZ,0.033467032099716194,0.0422721243732708,0.07432754069542064,0.07839704278940907,1.790440514424283,1.1222410477672702,0.36299009155749024,0.32628336690498944
2MASS J19261212+5049322 b,Aschwaden Prediction,2.737021242,0.038689559,2MASS J19261212+5049322,11.57451405,5893.0,24949.97293,K02449.01,3 to 1,0.002005369,Not in HZ,0.033467032099716194,0.0422721243732708,0.07432754069542064,0.07839704278940907,1.790440514424283,1.1222410477672702,0.36299009155749024,0.32628336690498944
2MASS J19261367+3913382 b,Aschwaden Prediction,6.152904166,0.065718404,2MASS J19261367+3913382,11.57451405,5977.0,24949.97293,K01860.03,2 to 1,0.002005369,Conservative HZ,0.03329531891684941,0.04205633100365391,0.07380009990954119,0.07784069670839742,1.8089557310907642,1.1337871560877093,0.3681971288259429,0.3309640850060051
2MASS J19261367+3913382 c,Aschwaden Prediction,4.614678125,0.054249347,2MASS J19261367+3913382,11.57451405,5977.0,24949.97293,K01860.03,3 to 2,0.002005369,Conservative HZ,0.03329531891684941,0.04205633100365391,0.07380009990954119,0.07784069670839742,1.8089557310907642,1.1337871560877093,0.3681971288259429,0.3309640850060051
2MASS J19261367+3913382 b,Aschwaden Prediction,5.127420138,0.058196854,2MASS J19261367+3913382,11.57451405,5977.0,24949.97293,K01860.03,5 to 3,0.002005369,Conservative HZ,0.03329531891684941,0.04205633100365391,0.07380009990954119,0.07784069670839742,1.8089557310907642,1.1337871560877093,0.3681971288259429,0.3309640850060051
2MASS J19261367+3913382 c,Aschwaden Prediction,3.845565104,0.048040444,2MASS J19261367+3913382,11.57451405,5977.0,24949.97293,K01860.03,5 to 4,0.002005369,Conservative HZ,0.03329531891684941,0.04205633100365391,0.07380009990954119,0.07784069670839742,1.8089557310907642,1.1337871560877093,0.3681971288259429,0.3309640850060051
2MASS J19261367+3913382 b,Aschwaden Prediction,4.101936111,0.050152528,2MASS J19261367+3913382,11.57451405,5977.0,24949.97293,K01860.03,4 to 3,0.002005369,Conservative HZ,0.03329531891684941,0.04205633100365391,0.07380009990954119,0.07784069670839742,1.8089557310907642,1.1337871560877093,0.3681971288259429,0.3309640850060051
2MASS J19261367+3913382 c,Aschwaden Prediction,7.691130208,0.076259452,2MASS J19261367+3913382,11.57451405,5977.0,24949.97293,K01860.03,5 to 2,0.002005369,Optimistic HZ,0.03329531891684941,0.04205633100365391,0.07380009990954119,0.07784069670839742,1.8089557310907642,1.1337871560877093,0.3681971288259429,0.3309640850060051
2MASS J19261367+3913382 b,Aschwaden Prediction,9.229356249,0.08611547,2MASS J19261367+3913382,11.57451405,5977.0,24949.97293,K01860.03,3 to 1,0.002005369,Not in HZ,0.03329531891684941,0.04205633100365391,0.07380009990954119,0.07784069670839742,1.8089557310907642,1.1337871560877093,0.3681971288259429,0.3309640850060051
2MASS J19271509+3733211 b,Aschwaden Prediction,9.56223252,0.086989578,2MASS J19271509+3733211,11.57451405,5683.0,24949.97293,K06259.01,2 to 1,0.002005369,Not in HZ,0.03389482249852575,0.04280965361933624,0.07569073473381982,0.0798348848300536,1.745531012599177,1.0942356737372423,0.35003289117417974,0.31463634679417934
2MASS J19271509+3733211 c,Aschwaden Prediction,7.17167439,0.071808314,2MASS J19271509+3733211,11.57451405,5683.0,24949.97293,K06259.01,3 to 2,0.002005369,Conservative HZ,0.03389482249852575,0.04280965361933624,0.07569073473381982,0.0798348848300536,1.745531012599177,1.0942356737372423,0.35003289117417974,0.31463634679417934
2MASS J19271509+3733211 b,Aschwaden Prediction,7.9685271,0.077033517,2MASS J19271509+3733211,11.57451405,5683.0,24949.97293,K06259.01,5 to 3,0.002005369,Optimistic HZ,0.03389482249852575,0.04280965361933624,0.07569073473381982,0.0798348848300536,1.745531012599177,1.0942356737372423,0.35003289117417974,0.31463634679417934
2MASS J19271509+3733211 c,Aschwaden Prediction,5.976395325,0.063589767,2MASS J19271509+3733211,11.57451405,5683.0,24949.97293,K06259.01,5 to 4,0.002005369,Conservative HZ,0.03389482249852575,0.04280965361933624,0.07569073473381982,0.0798348848300536,1.745531012599177,1.0942356737372423,0.35003289117417974,0.31463634679417934
2MASS J19271509+3733211 b,Aschwaden Prediction,6.37482168,0.066385472,2MASS J19271509+3733211,11.57451405,5683.0,24949.97293,K06259.01,4 to 3,0.002005369,Conservative HZ,0.03389482249852575,0.04280965361933624,0.07569073473381982,0.0798348848300536,1.745531012599177,1.0942356737372423,0.35003289117417974,0.31463634679417934
2MASS J19271509+3733211 c,Aschwaden Prediction,11.95279065,0.100942463,2MASS J19271509+3733211,11.57451405,5683.0,24949.97293,K06259.01,5 to 2,0.002005369,Not in HZ,0.03389482249852575,0.04280965361933624,0.07569073473381982,0.0798348848300536,1.745531012599177,1.0942356737372423,0.35003289117417974,0.31463634679417934
2MASS J19271509+3733211 b,Aschwaden Prediction,14.34334878,0.113988594,2MASS J19271509+3733211,11.57451405,5683.0,24949.97293,K06259.01,3 to 1,0.002005369,Not in HZ,0.03389482249852575,0.04280965361933624,0.07569073473381982,0.0798348848300536,1.745531012599177,1.0942356737372423,0.35003289117417974,0.31463634679417934
2MASS J19274405+3849379 b,Aschwaden Prediction,8.7439649,0.081751154,2MASS J19274405+3849379,11.57451405,5823.0,24949.97293,K06355.01,2 to 1,0.002005369,Not in HZ,0.03361009694244117,0.042451901464976766,0.0747752472998285,0.07886927494878566,1.775230565548733,1.1127561470541392,0.3586563967916324,0.3223878013577209
2MASS J19274405+3849379 c,Aschwaden Prediction,6.557973675,0.067484091,2MASS J19274405+3849379,11.57451405,5823.0,24949.97293,K06355.01,3 to 2,0.002005369,Conservative HZ,0.03361009694244117,0.042451901464976766,0.0747752472998285,0.07886927494878566,1.775230565548733,1.1127561470541392,0.3586563967916324,0.3223878013577209
2MASS J19274405+3849379 b,Aschwaden Prediction,7.286637417,0.072394637,2MASS J19274405+3849379,11.57451405,5823.0,24949.97293,K06355.01,5 to 3,0.002005369,Conservative HZ,0.03361009694244117,0.042451901464976766,0.0747752472998285,0.07886927494878566,1.775230565548733,1.1127561470541392,0.3586563967916324,0.3223878013577209
2MASS J19274405+3849379 c,Aschwaden Prediction,5.464978063,0.059760456,2MASS J19274405+3849379,11.57451405,5823.0,24949.97293,K06355.01,5 to 4,0.002005369,Conservative HZ,0.03361009694244117,0.042451901464976766,0.0747752472998285,0.07886927494878566,1.775230565548733,1.1127561470541392,0.3586563967916324,0.3223878013577209
2MASS J19274405+3849379 b,Aschwaden Prediction,5.829309933,0.062387807,2MASS J19274405+3849379,11.57451405,5823.0,24949.97293,K06355.01,4 to 3,0.002005369,Conservative HZ,0.03361009694244117,0.042451901464976766,0.0747752472998285,0.07886927494878566,1.775230565548733,1.1127561470541392,0.3586563967916324,0.3223878013577209
2MASS J19274405+3849379 c,Aschwaden Prediction,10.92995613,0.094863811,2MASS J19274405+3849379,11.57451405,5823.0,24949.97293,K06355.01,5 to 2,0.002005369,Not in HZ,0.03361009694244117,0.042451901464976766,0.0747752472998285,0.07886927494878566,1.775230565548733,1.1127561470541392,0.3586563967916324,0.3223878013577209
2MASS J19274405+3849379 b,Aschwaden Prediction,13.11594735,0.107124317,2MASS J19274405+3849379,11.57451405,5823.0,24949.97293,K06355.01,3 to 1,0.002005369,Not in HZ,0.03361009694244117,0.042451901464976766,0.0747752472998285,0.07886927494878566,1.775230565548733,1.1127561470541392,0.3586563967916324,0.3223878013577209
2MASS J19282240+3736485 b,Aschwaden Prediction,48.2143312,0.297161477,2MASS J19282240+3736485,11.57451405,6585.0,24949.97293,K02610.01,2 to 1,0.002005369,Not in HZ,0.03210059446656109,0.04055443073473946,0.07037850826957584,0.07423123660479758,1.946113417352264,1.2193199454918935,0.40486868060190156,0.36393255482039677
2MASS J19282240+3736485 c,Aschwaden Prediction,36.1607484,0.245301394,2MASS J19282240+3736485,11.57451405,6585.0,24949.97293,K02610.01,3 to 2,0.002005369,Not in HZ,0.03210059446656109,0.04055443073473946,0.07037850826957584,0.07423123660479758,1.946113417352264,1.2193199454918935,0.40486868060190156,0.36393255482039677
2MASS J19282240+3736485 b,Aschwaden Prediction,40.17860933,0.263150992,2MASS J19282240+3736485,11.57451405,6585.0,24949.97293,K02610.01,5 to 3,0.002005369,Not in HZ,0.03210059446656109,0.04055443073473946,0.07037850826957584,0.07423123660479758,1.946113417352264,1.2193199454918935,0.40486868060190156,0.36393255482039677
2MASS J19282240+3736485 c,Aschwaden Prediction,30.133957,0.217226357,2MASS J19282240+3736485,11.57451405,6585.0,24949.97293,K02610.01,5 to 4,0.002005369,Not in HZ,0.03210059446656109,0.04055443073473946,0.07037850826957584,0.07423123660479758,1.946113417352264,1.2193199454918935,0.40486868060190156,0.36393255482039677
2MASS J19282240+3736485 b,Aschwaden Prediction,32.14288747,0.22677665,2MASS J19282240+3736485,11.57451405,6585.0,24949.97293,K02610.01,4 to 3,0.002005369,Not in HZ,0.03210059446656109,0.04055443073473946,0.07037850826957584,0.07423123660479758,1.946113417352264,1.2193199454918935,0.40486868060190156,0.36393255482039677
2MASS J19282240+3736485 c,Aschwaden Prediction,60.267914,0.344825348,2MASS J19282240+3736485,11.57451405,6585.0,24949.97293,K02610.01,5 to 2,0.002005369,Not in HZ,0.03210059446656109,0.04055443073473946,0.07037850826957584,0.07423123660479758,1.946113417352264,1.2193199454918935,0.40486868060190156,0.36393255482039677
2MASS J19282240+3736485 b,Aschwaden Prediction,72.3214968,0.389391692,2MASS J19282240+3736485,11.57451405,6585.0,24949.97293,K02610.01,3 to 1,0.002005369,Not in HZ,0.03210059446656109,0.04055443073473946,0.07037850826957584,0.07423123660479758,1.946113417352264,1.2193199454918935,0.40486868060190156,0.36393255482039677
2MASS J19283467+4709264 b,Aschwaden Prediction,8.19333516,0.07619525,2MASS J19283467+4709264,11.57451405,5258.0,24949.97293,K01082.01,2 to 1,0.002005369,Conservative HZ,0.034724996812657075,0.04385245316090911,0.0785926677137425,0.08289544230945306,1.663067467270157,1.0428131772906595,0.3246610852781862,0.2918320532729407
2MASS J19283467+4709264 c,Aschwaden Prediction,6.14500137,0.062897793,2MASS J19283467+4709264,11.57451405,5258.0,24949.97293,K01082.01,3 to 2,0.002005369,Conservative HZ,0.034724996812657075,0.04385245316090911,0.0785926677137425,0.08289544230945306,1.663067467270157,1.0428131772906595,0.3246610852781862,0.2918320532729407
2MASS J19283467+4709264 b,Aschwaden Prediction,6.8277793,0.067474613,2MASS J19283467+4709264,11.57451405,5258.0,24949.97293,K01082.01,5 to 3,0.002005369,Conservative HZ,0.034724996812657075,0.04385245316090911,0.0785926677137425,0.08289544230945306,1.663067467270157,1.0428131772906595,0.3246610852781862,0.2918320532729407
2MASS J19283467+4709264 c,Aschwaden Prediction,5.120834475,0.055699066,2MASS J19283467+4709264,11.57451405,5258.0,24949.97293,K01082.01,5 to 4,0.002005369,Conservative HZ,0.034724996812657075,0.04385245316090911,0.0785926677137425,0.08289544230945306,1.663067467270157,1.0428131772906595,0.3246610852781862,0.2918320532729407
2MASS J19283467+4709264 b,Aschwaden Prediction,5.46222344,0.058147859,2MASS J19283467+4709264,11.57451405,5258.0,24949.97293,K01082.01,4 to 3,0.002005369,Conservative HZ,0.034724996812657075,0.04385245316090911,0.0785926677137425,0.08289544230945306,1.663067467270157,1.0428131772906595,0.3246610852781862,0.2918320532729407
2MASS J19283467+4709264 c,Aschwaden Prediction,10.24166895,0.088416756,2MASS J19283467+4709264,11.57451405,5258.0,24949.97293,K01082.01,5 to 2,0.002005369,Not in HZ,0.034724996812657075,0.04385245316090911,0.0785926677137425,0.08289544230945306,1.663067467270157,1.0428131772906595,0.3246610852781862,0.2918320532729407
2MASS J19283467+4709264 b,Aschwaden Prediction,12.29000274,0.099844024,2MASS J19283467+4709264,11.57451405,5258.0,24949.97293,K01082.01,3 to 1,0.002005369,Not in HZ,0.034724996812657075,0.04385245316090911,0.0785926677137425,0.08289544230945306,1.663067467270157,1.0428131772906595,0.3246610852781862,0.2918320532729407
2MASS J19283467+4709264 c,Aschwaden Prediction,13.00647582,0.103816029,2MASS J19283467+4709264,11.57451405,5258.0,24949.97293,K01082.02,2 to 1,0.002005369,Not in HZ,0.034724996812657075,0.04385245316090911,0.0785926677137425,0.08289544230945306,1.663067467270157,1.0428131772906595,0.3246610852781862,0.2918320532729407
2MASS J19283467+4709264 b,Aschwaden Prediction,9.754856865,0.085698244,2MASS J19283467+4709264,11.57451405,5258.0,24949.97293,K01082.02,3 to 2,0.002005369,Not in HZ,0.034724996812657075,0.04385245316090911,0.0785926677137425,0.08289544230945306,1.663067467270157,1.0428131772906595,0.3246610852781862,0.2918320532729407
2MASS J19283467+4709264 c,Aschwaden Prediction,10.83872985,0.091934161,2MASS J19283467+4709264,11.57451405,5258.0,24949.97293,K01082.02,5 to 3,0.002005369,Not in HZ,0.034724996812657075,0.04385245316090911,0.0785926677137425,0.08289544230945306,1.663067467270157,1.0428131772906595,0.3246610852781862,0.2918320532729407
2MASS J19283467+4709264 b,Aschwaden Prediction,8.129047388,0.075889977,2MASS J19283467+4709264,11.57451405,5258.0,24949.97293,K01082.02,5 to 4,0.002005369,Conservative HZ,0.034724996812657075,0.04385245316090911,0.0785926677137425,0.08289544230945306,1.663067467270157,1.0428131772906595,0.3246610852781862,0.2918320532729407
2MASS J19283467+4709264 c,Aschwaden Prediction,8.67098388,0.079226458,2MASS J19283467+4709264,11.57451405,5258.0,24949.97293,K01082.02,4 to 3,0.002005369,Optimistic HZ,0.034724996812657075,0.04385245316090911,0.0785926677137425,0.08289544230945306,1.663067467270157,1.0428131772906595,0.3246610852781862,0.2918320532729407
2MASS J19283467+4709264 b,Aschwaden Prediction,16.25809478,0.12046783,2MASS J19283467+4709264,11.57451405,5258.0,24949.97293,K01082.02,5 to 2,0.002005369,Not in HZ,0.034724996812657075,0.04385245316090911,0.0785926677137425,0.08289544230945306,1.663067467270157,1.0428131772906595,0.3246610852781862,0.2918320532729407
2MASS J19283467+4709264 c,Aschwaden Prediction,19.50971373,0.136037482,2MASS J19283467+4709264,11.57451405,5258.0,24949.97293,K01082.02,3 to 1,0.002005369,Not in HZ,0.034724996812657075,0.04385245316090911,0.0785926677137425,0.08289544230945306,1.663067467270157,1.0428131772906595,0.3246610852781862,0.2918320532729407
2MASS J19284286+4200212 b,Aschwaden Prediction,1.566552332,0.027462038,2MASS J19284286+4200212,11.57451405,6108.0,24949.97293,K01239.01,2 to 1,0.002005369,Not in HZ,0.03302868737187305,0.04172121794541826,0.07300088792288277,0.0769976603532873,1.8382800268674373,1.1520739082117488,0.3763032871029453,0.33825111686927534
2MASS J19284286+4200212 c,Aschwaden Prediction,1.174914249,0.022669413,2MASS J19284286+4200212,11.57451405,6108.0,24949.97293,K01239.01,3 to 2,0.002005369,Not in HZ,0.03302868737187305,0.04172121794541826,0.07300088792288277,0.0769976603532873,1.8382800268674373,1.1520739082117488,0.3763032871029453,0.33825111686927534
2MASS J19284286+4200212 b,Aschwaden Prediction,1.305460277,0.024318975,2MASS J19284286+4200212,11.57451405,6108.0,24949.97293,K01239.01,5 to 3,0.002005369,Not in HZ,0.03302868737187305,0.04172121794541826,0.07300088792288277,0.0769976603532873,1.8382800268674373,1.1520739082117488,0.3763032871029453,0.33825111686927534
2MASS J19284286+4200212 c,Aschwaden Prediction,0.979095208,0.020074872,2MASS J19284286+4200212,11.57451405,6108.0,24949.97293,K01239.01,5 to 4,0.002005369,Not in HZ,0.03302868737187305,0.04172121794541826,0.07300088792288277,0.0769976603532873,1.8382800268674373,1.1520739082117488,0.3763032871029453,0.33825111686927534
2MASS J19284286+4200212 b,Aschwaden Prediction,1.044368221,0.020957458,2MASS J19284286+4200212,11.57451405,6108.0,24949.97293,K01239.01,4 to 3,0.002005369,Not in HZ,0.03302868737187305,0.04172121794541826,0.07300088792288277,0.0769976603532873,1.8382800268674373,1.1520739082117488,0.3763032871029453,0.33825111686927534
2MASS J19284286+4200212 c,Aschwaden Prediction,1.958190415,0.031866872,2MASS J19284286+4200212,11.57451405,6108.0,24949.97293,K01239.01,5 to 2,0.002005369,Not in HZ,0.03302868737187305,0.04172121794541826,0.07300088792288277,0.0769976603532873,1.8382800268674373,1.1520739082117488,0.3763032871029453,0.33825111686927534
2MASS J19284286+4200212 b,Aschwaden Prediction,2.349828498,0.03598545,2MASS J19284286+4200212,11.57451405,6108.0,24949.97293,K01239.01,3 to 1,0.002005369,Not in HZ,0.03302868737187305,0.04172121794541826,0.07300088792288277,0.0769976603532873,1.8382800268674373,1.1520739082117488,0.3763032871029453,0.33825111686927534
2MASS J19285514+4048322 b,Aschwaden Prediction,23.094831,0.164772229,2MASS J19285514+4048322,11.57451405,6202.0,24949.97293,K03341.01,2 to 1,0.002005369,Not in HZ,0.03283924178088685,0.041483089711298916,0.07244651546450563,0.07641287043771568,1.8595508324501002,1.1653385294077667,0.3820843890398824,0.3434482190816178
2MASS J19285514+4048322 c,Aschwaden Prediction,17.32112325,0.136016478,2MASS J19285514+4048322,11.57451405,6202.0,24949.97293,K03341.01,3 to 2,0.002005369,Not in HZ,0.03283924178088685,0.041483089711298916,0.07244651546450563,0.07641287043771568,1.8595508324501002,1.1653385294077667,0.3820843890398824,0.3434482190816178
2MASS J19285514+4048322 b,Aschwaden Prediction,19.2456925,0.145913851,2MASS J19285514+4048322,11.57451405,6202.0,24949.97293,K03341.01,5 to 3,0.002005369,Not in HZ,0.03283924178088685,0.041483089711298916,0.07244651546450563,0.07641287043771568,1.8595508324501002,1.1653385294077667,0.3820843890398824,0.3434482190816178
2MASS J19285514+4048322 c,Aschwaden Prediction,14.43426938,0.12044923,2MASS J19285514+4048322,11.57451405,6202.0,24949.97293,K03341.01,5 to 4,0.002005369,Not in HZ,0.03283924178088685,0.041483089711298916,0.07244651546450563,0.07641287043771568,1.8595508324501002,1.1653385294077667,0.3820843890398824,0.3434482190816178
2MASS J19285514+4048322 b,Aschwaden Prediction,15.396554,0.125744745,2MASS J19285514+4048322,11.57451405,6202.0,24949.97293,K03341.01,4 to 3,0.002005369,Not in HZ,0.03283924178088685,0.041483089711298916,0.07244651546450563,0.07641287043771568,1.8595508324501002,1.1653385294077667,0.3820843890398824,0.3434482190816178
2MASS J19285514+4048322 c,Aschwaden Prediction,28.86853875,0.191201235,2MASS J19285514+4048322,11.57451405,6202.0,24949.97293,K03341.01,5 to 2,0.002005369,Not in HZ,0.03283924178088685,0.041483089711298916,0.07244651546450563,0.07641287043771568,1.8595508324501002,1.1653385294077667,0.3820843890398824,0.3434482190816178
2MASS J19285514+4048322 b,Aschwaden Prediction,34.6422465,0.215912701,2MASS J19285514+4048322,11.57451405,6202.0,24949.97293,K03341.01,3 to 1,0.002005369,Not in HZ,0.03283924178088685,0.041483089711298916,0.07244651546450563,0.07641287043771568,1.8595508324501002,1.1653385294077667,0.3820843890398824,0.3434482190816178
2MASS J19293114+4738406 b,Aschwaden Prediction,20.54261762,0.117785158,2MASS J19293114+4738406,11.57451405,4401.0,24949.97293,K02554.01,2 to 1,0.002005369,Not in HZ,0.036046715775637686,0.04551159583190094,0.08455573466773905,0.08918298474553508,1.5433445502650274,0.9681667625674588,0.2804840453681408,0.2521333481439033
2MASS J19293114+4738406 c,Aschwaden Prediction,15.40696322,0.097229506,2MASS J19293114+4738406,11.57451405,4401.0,24949.97293,K02554.01,3 to 2,0.002005369,Not in HZ,0.036046715775637686,0.04551159583190094,0.08455573466773905,0.08918298474553508,1.5433445502650274,0.9681667625674588,0.2804840453681408,0.2521333481439033
2MASS J19293114+4738406 b,Aschwaden Prediction,17.11884802,0.104304506,2MASS J19293114+4738406,11.57451405,4401.0,24949.97293,K02554.01,5 to 3,0.002005369,Not in HZ,0.036046715775637686,0.04551159583190094,0.08455573466773905,0.08918298474553508,1.5433445502650274,0.9681667625674588,0.2804840453681408,0.2521333481439033
2MASS J19293114+4738406 c,Aschwaden Prediction,12.83913601,0.086101473,2MASS J19293114+4738406,11.57451405,4401.0,24949.97293,K02554.01,5 to 4,0.002005369,Optimistic HZ,0.036046715775637686,0.04551159583190094,0.08455573466773905,0.08918298474553508,1.5433445502650274,0.9681667625674588,0.2804840453681408,0.2521333481439033
2MASS J19293114+4738406 b,Aschwaden Prediction,13.69507841,0.089886899,2MASS J19293114+4738406,11.57451405,4401.0,24949.97293,K02554.01,4 to 3,0.002005369,Not in HZ,0.036046715775637686,0.04551159583190094,0.08455573466773905,0.08918298474553508,1.5433445502650274,0.9681667625674588,0.2804840453681408,0.2521333481439033
2MASS J19293114+4738406 c,Aschwaden Prediction,25.67827203,0.136677569,2MASS J19293114+4738406,11.57451405,4401.0,24949.97293,K02554.01,5 to 2,0.002005369,Not in HZ,0.036046715775637686,0.04551159583190094,0.08455573466773905,0.08918298474553508,1.5433445502650274,0.9681667625674588,0.2804840453681408,0.2521333481439033
2MASS J19293114+4738406 b,Aschwaden Prediction,30.81392643,0.15434222,2MASS J19293114+4738406,11.57451405,4401.0,24949.97293,K02554.01,3 to 1,0.002005369,Not in HZ,0.036046715775637686,0.04551159583190094,0.08455573466773905,0.08918298474553508,1.5433445502650274,0.9681667625674588,0.2804840453681408,0.2521333481439033
2MASS J19314900+4156052 b,Aschwaden Prediction,1.984280264,0.032224241,2MASS J19314900+4156052,11.57451405,6487.0,24949.97293,K02093.01,2 to 1,0.002005369,Not in HZ,0.032282901655240316,0.04078366412598877,0.07087610292817953,0.074756197683617,1.924195394749625,1.205651564674127,0.39920377253967443,0.35883920804829245
2MASS J19314900+4156052 c,Aschwaden Prediction,1.488210198,0.026600525,2MASS J19314900+4156052,11.57451405,6487.0,24949.97293,K02093.01,3 to 2,0.002005369,Not in HZ,0.032282901655240316,0.04078366412598877,0.07087610292817953,0.074756197683617,1.924195394749625,1.205651564674127,0.39920377253967443,0.35883920804829245
2MASS J19314900+4156052 b,Aschwaden Prediction,1.653566887,0.028536139,2MASS J19314900+4156052,11.57451405,6487.0,24949.97293,K02093.01,5 to 3,0.002005369,Not in HZ,0.032282901655240316,0.04078366412598877,0.07087610292817953,0.074756197683617,1.924195394749625,1.205651564674127,0.39920377253967443,0.35883920804829245
2MASS J19314900+4156052 c,Aschwaden Prediction,1.240175165,0.023556063,2MASS J19314900+4156052,11.57451405,6487.0,24949.97293,K02093.01,5 to 4,0.002005369,Not in HZ,0.032282901655240316,0.04078366412598877,0.07087610292817953,0.074756197683617,1.924195394749625,1.205651564674127,0.39920377253967443,0.35883920804829245
2MASS J19314900+4156052 b,Aschwaden Prediction,1.322853509,0.024591699,2MASS J19314900+4156052,11.57451405,6487.0,24949.97293,K02093.01,4 to 3,0.002005369,Not in HZ,0.032282901655240316,0.04078366412598877,0.07087610292817953,0.074756197683617,1.924195394749625,1.205651564674127,0.39920377253967443,0.35883920804829245
2MASS J19314900+4156052 c,Aschwaden Prediction,2.48035033,0.03739292,2MASS J19314900+4156052,11.57451405,6487.0,24949.97293,K02093.01,5 to 2,0.002005369,Not in HZ,0.032282901655240316,0.04078366412598877,0.07087610292817953,0.074756197683617,1.924195394749625,1.205651564674127,0.39920377253967443,0.35883920804829245
2MASS J19314900+4156052 b,Aschwaden Prediction,2.976420396,0.042225702,2MASS J19314900+4156052,11.57451405,6487.0,24949.97293,K02093.01,3 to 1,0.002005369,Conservative HZ,0.032282901655240316,0.04078366412598877,0.07087610292817953,0.074756197683617,1.924195394749625,1.205651564674127,0.39920377253967443,0.35883920804829245
2MASS J19314900+4156052 c,Aschwaden Prediction,5.0162304,0.05984502,2MASS J19314900+4156052,11.57451405,6487.0,24949.97293,K02093.02,2 to 1,0.002005369,Conservative HZ,0.032282901655240316,0.04078366412598877,0.07087610292817953,0.074756197683617,1.924195394749625,1.205651564674127,0.39920377253967443,0.35883920804829245
2MASS J19314900+4156052 b,Aschwaden Prediction,3.7621728,0.049400975,2MASS J19314900+4156052,11.57451405,6487.0,24949.97293,K02093.02,3 to 2,0.002005369,Conservative HZ,0.032282901655240316,0.04078366412598877,0.07087610292817953,0.074756197683617,1.924195394749625,1.205651564674127,0.39920377253967443,0.35883920804829245
2MASS J19314900+4156052 c,Aschwaden Prediction,4.180192,0.052995686,2MASS J19314900+4156052,11.57451405,6487.0,24949.97293,K02093.02,5 to 3,0.002005369,Conservative HZ,0.032282901655240316,0.04078366412598877,0.07087610292817953,0.074756197683617,1.924195394749625,1.205651564674127,0.39920377253967443,0.35883920804829245
2MASS J19314900+4156052 b,Aschwaden Prediction,3.135144,0.043746975,2MASS J19314900+4156052,11.57451405,6487.0,24949.97293,K02093.02,5 to 4,0.002005369,Conservative HZ,0.032282901655240316,0.04078366412598877,0.07087610292817953,0.074756197683617,1.924195394749625,1.205651564674127,0.39920377253967443,0.35883920804829245
2MASS J19314900+4156052 c,Aschwaden Prediction,3.3441536,0.045670298,2MASS J19314900+4156052,11.57451405,6487.0,24949.97293,K02093.02,4 to 3,0.002005369,Conservative HZ,0.032282901655240316,0.04078366412598877,0.07087610292817953,0.074756197683617,1.924195394749625,1.205651564674127,0.39920377253967443,0.35883920804829245
2MASS J19314900+4156052 b,Aschwaden Prediction,6.270288,0.069443994,2MASS J19314900+4156052,11.57451405,6487.0,24949.97293,K02093.02,5 to 2,0.002005369,Conservative HZ,0.032282901655240316,0.04078366412598877,0.07087610292817953,0.074756197683617,1.924195394749625,1.205651564674127,0.39920377253967443,0.35883920804829245
2MASS J19314900+4156052 c,Aschwaden Prediction,7.5243456,0.07841916,2MASS J19314900+4156052,11.57451405,6487.0,24949.97293,K02093.02,3 to 1,0.002005369,Not in HZ,0.032282901655240316,0.04078366412598877,0.07087610292817953,0.074756197683617,1.924195394749625,1.205651564674127,0.39920377253967443,0.35883920804829245
2MASS J19324890+4303252 b,Aschwaden Prediction,4.84174702,0.055400297,2MASS J19324890+4303252,11.57451405,5982.0,24949.97293,K02357.01,2 to 1,0.002005369,Conservative HZ,0.033285107565982276,0.042043497755446704,0.0737690597127287,0.07780795501234758,1.8100658200444493,1.1344794102241869,0.36850705051643906,0.3312426839087369
2MASS J19324890+4303252 c,Aschwaden Prediction,3.631310265,0.045731937,2MASS J19324890+4303252,11.57451405,5982.0,24949.97293,K02357.01,3 to 2,0.002005369,Conservative HZ,0.033285107565982276,0.042043497755446704,0.0737690597127287,0.07780795501234758,1.8100658200444493,1.1344794102241869,0.36850705051643906,0.3312426839087369
2MASS J19324890+4303252 b,Aschwaden Prediction,4.034789183,0.049059667,2MASS J19324890+4303252,11.57451405,5982.0,24949.97293,K02357.01,5 to 3,0.002005369,Conservative HZ,0.033285107565982276,0.042043497755446704,0.0737690597127287,0.07780795501234758,1.8100658200444493,1.1344794102241869,0.36850705051643906,0.3312426839087369
2MASS J19324890+4303252 c,Aschwaden Prediction,3.026091888,0.040497863,2MASS J19324890+4303252,11.57451405,5982.0,24949.97293,K02357.01,5 to 4,0.002005369,Not in HZ,0.033285107565982276,0.042043497755446704,0.0737690597127287,0.07780795501234758,1.8100658200444493,1.1344794102241869,0.36850705051643906,0.3312426839087369
2MASS J19324890+4303252 b,Aschwaden Prediction,3.227831347,0.042278339,2MASS J19324890+4303252,11.57451405,5982.0,24949.97293,K02357.01,4 to 3,0.002005369,Conservative HZ,0.033285107565982276,0.042043497755446704,0.0737690597127287,0.07780795501234758,1.8100658200444493,1.1344794102241869,0.36850705051643906,0.3312426839087369
2MASS J19324890+4303252 c,Aschwaden Prediction,6.052183775,0.06428635,2MASS J19324890+4303252,11.57451405,5982.0,24949.97293,K02357.01,5 to 2,0.002005369,Conservative HZ,0.033285107565982276,0.042043497755446704,0.0737690597127287,0.07780795501234758,1.8100658200444493,1.1344794102241869,0.36850705051643906,0.3312426839087369
2MASS J19324890+4303252 b,Aschwaden Prediction,7.26262053,0.072594925,2MASS J19324890+4303252,11.57451405,5982.0,24949.97293,K02357.01,3 to 1,0.002005369,Conservative HZ,0.033285107565982276,0.042043497755446704,0.0737690597127287,0.07780795501234758,1.8100658200444493,1.1344794102241869,0.36850705051643906,0.3312426839087369
2MASS J19333677+4529377 b,Aschwaden Prediction,19.4088384,0.145564676,2MASS J19333677+4529377,11.57451405,6258.0,24949.97293,K06191.01,2 to 1,0.002005369,Not in HZ,0.03272748949441901,0.04134261012441211,0.07212439597951989,0.07607306933616716,1.8722718725375813,1.173271478319812,0.3855049145272262,0.34652328176779196
2MASS J19333677+4529377 c,Aschwaden Prediction,14.5566288,0.120160993,2MASS J19333677+4529377,11.57451405,6258.0,24949.97293,K06191.01,3 to 2,0.002005369,Not in HZ,0.03272748949441901,0.04134261012441211,0.07212439597951989,0.07607306933616716,1.8722718725375813,1.173271478319812,0.3855049145272262,0.34652328176779196
2MASS J19333677+4529377 b,Aschwaden Prediction,16.174032,0.128904626,2MASS J19333677+4529377,11.57451405,6258.0,24949.97293,K06191.01,5 to 3,0.002005369,Not in HZ,0.03272748949441901,0.04134261012441211,0.07212439597951989,0.07607306933616716,1.8722718725375813,1.173271478319812,0.3855049145272262,0.34652328176779196
2MASS J19333677+4529377 c,Aschwaden Prediction,12.130524,0.106408424,2MASS J19333677+4529377,11.57451405,6258.0,24949.97293,K06191.01,5 to 4,0.002005369,Not in HZ,0.03272748949441901,0.04134261012441211,0.07212439597951989,0.07607306933616716,1.8722718725375813,1.173271478319812,0.3855049145272262,0.34652328176779196
2MASS J19333677+4529377 b,Aschwaden Prediction,12.9392256,0.111086639,2MASS J19333677+4529377,11.57451405,6258.0,24949.97293,K06191.01,4 to 3,0.002005369,Not in HZ,0.03272748949441901,0.04134261012441211,0.07212439597951989,0.07607306933616716,1.8722718725375813,1.173271478319812,0.3855049145272262,0.34652328176779196
2MASS J19333677+4529377 c,Aschwaden Prediction,24.261048,0.168912844,2MASS J19333677+4529377,11.57451405,6258.0,24949.97293,K06191.01,5 to 2,0.002005369,Not in HZ,0.03272748949441901,0.04134261012441211,0.07212439597951989,0.07607306933616716,1.8722718725375813,1.173271478319812,0.3855049145272262,0.34652328176779196
2MASS J19333677+4529377 b,Aschwaden Prediction,29.1132576,0.190743687,2MASS J19333677+4529377,11.57451405,6258.0,24949.97293,K06191.01,3 to 1,0.002005369,Not in HZ,0.03272748949441901,0.04134261012441211,0.07212439597951989,0.07607306933616716,1.8722718725375813,1.173271478319812,0.3855049145272262,0.34652328176779196
2MASS J19334338+4641315 b,Aschwaden Prediction,6.17882838,0.064765963,2MASS J19334338+4641315,11.57451405,5959.0,24949.97293,K03043.01,2 to 1,0.002005369,Conservative HZ,0.03333209298843321,0.04210254677830796,0.0739121817432699,0.07795892204102658,1.804966424354786,1.1312994161893979,0.3670812932910609,0.3299610267595853
2MASS J19334338+4641315 c,Aschwaden Prediction,4.634121285,0.053463124,2MASS J19334338+4641315,11.57451405,5959.0,24949.97293,K03043.01,3 to 2,0.002005369,Conservative HZ,0.03333209298843321,0.04210254677830796,0.0739121817432699,0.07795892204102658,1.804966424354786,1.1312994161893979,0.3670812932910609,0.3299610267595853
2MASS J19334338+4641315 b,Aschwaden Prediction,5.14902365,0.057353421,2MASS J19334338+4641315,11.57451405,5959.0,24949.97293,K03043.01,5 to 3,0.002005369,Conservative HZ,0.03333209298843321,0.04210254677830796,0.0739121817432699,0.07795892204102658,1.804966424354786,1.1312994161893979,0.3670812932910609,0.3299610267595853
2MASS J19334338+4641315 c,Aschwaden Prediction,3.861767737,0.047344206,2MASS J19334338+4641315,11.57451405,5959.0,24949.97293,K03043.01,5 to 4,0.002005369,Conservative HZ,0.03333209298843321,0.04210254677830796,0.0739121817432699,0.07795892204102658,1.804966424354786,1.1312994161893979,0.3670812932910609,0.3299610267595853
2MASS J19334338+4641315 b,Aschwaden Prediction,4.11921892,0.04942568,2MASS J19334338+4641315,11.57451405,5959.0,24949.97293,K03043.01,4 to 3,0.002005369,Conservative HZ,0.03333209298843321,0.04210254677830796,0.0739121817432699,0.07795892204102658,1.804966424354786,1.1312994161893979,0.3670812932910609,0.3299610267595853
2MASS J19334338+4641315 c,Aschwaden Prediction,7.723535475,0.075154243,2MASS J19334338+4641315,11.57451405,5959.0,24949.97293,K03043.01,5 to 2,0.002005369,Optimistic HZ,0.03333209298843321,0.04210254677830796,0.0739121817432699,0.07795892204102658,1.804966424354786,1.1312994161893979,0.3670812932910609,0.3299610267595853
2MASS J19334338+4641315 b,Aschwaden Prediction,9.26824257,0.08486742,2MASS J19334338+4641315,11.57451405,5959.0,24949.97293,K03043.01,3 to 1,0.002005369,Not in HZ,0.03333209298843321,0.04210254677830796,0.0739121817432699,0.07795892204102658,1.804966424354786,1.1312994161893979,0.3670812932910609,0.3299610267595853
2MASS J19360188+4513577 b,Aschwaden Prediction,16.5855116,0.128103265,2MASS J19360188+4513577,11.57451405,6146.0,24949.97293,K07117.01,2 to 1,0.002005369,Not in HZ,0.03295185867050756,0.04162464878363102,0.07277477205762557,0.076759139816841,1.846862080687108,1.1574257307706455,0.37864531657555256,0.34035653883929695
2MASS J19360188+4513577 c,Aschwaden Prediction,12.4391337,0.105746915,2MASS J19360188+4513577,11.57451405,6146.0,24949.97293,K07117.01,3 to 2,0.002005369,Not in HZ,0.03295185867050756,0.04162464878363102,0.07277477205762557,0.076759139816841,1.846862080687108,1.1574257307706455,0.37864531657555256,0.34035653883929695
2MASS J19360188+4513577 b,Aschwaden Prediction,13.82125967,0.113441693,2MASS J19360188+4513577,11.57451405,6146.0,24949.97293,K07117.01,5 to 3,0.002005369,Not in HZ,0.03295185867050756,0.04162464878363102,0.07277477205762557,0.076759139816841,1.846862080687108,1.1574257307706455,0.37864531657555256,0.34035653883929695
2MASS J19360188+4513577 c,Aschwaden Prediction,10.36594475,0.093644055,2MASS J19360188+4513577,11.57451405,6146.0,24949.97293,K07117.01,5 to 4,0.002005369,Not in HZ,0.03295185867050756,0.04162464878363102,0.07277477205762557,0.076759139816841,1.846862080687108,1.1574257307706455,0.37864531657555256,0.34035653883929695
2MASS J19360188+4513577 b,Aschwaden Prediction,11.05700773,0.097761088,2MASS J19360188+4513577,11.57451405,6146.0,24949.97293,K07117.01,4 to 3,0.002005369,Not in HZ,0.03295185867050756,0.04162464878363102,0.07277477205762557,0.076759139816841,1.846862080687108,1.1574257307706455,0.37864531657555256,0.34035653883929695
2MASS J19360188+4513577 c,Aschwaden Prediction,20.7318895,0.148650671,2MASS J19360188+4513577,11.57451405,6146.0,24949.97293,K07117.01,5 to 2,0.002005369,Not in HZ,0.03295185867050756,0.04162464878363102,0.07277477205762557,0.076759139816841,1.846862080687108,1.1574257307706455,0.37864531657555256,0.34035653883929695
2MASS J19360188+4513577 b,Aschwaden Prediction,24.8782674,0.167862765,2MASS J19360188+4513577,11.57451405,6146.0,24949.97293,K07117.01,3 to 1,0.002005369,Not in HZ,0.03295185867050756,0.04162464878363102,0.07277477205762557,0.076759139816841,1.846862080687108,1.1574257307706455,0.37864531657555256,0.34035653883929695
2MASS J19360367+4249277 b,Aschwaden Prediction,11.5490162,0.102546108,2MASS J19360367+4249277,11.57451405,6063.0,24949.97293,K03420.01,2 to 1,0.002005369,Not in HZ,0.03312001763884189,0.04183601019077955,0.07327205837505577,0.07728370378117466,1.8281556891533488,1.1457603179136682,0.373523141109758,0.33575187188692873
2MASS J19360367+4249277 c,Aschwaden Prediction,8.66176215,0.084649947,2MASS J19360367+4249277,11.57451405,6063.0,24949.97293,K03420.01,3 to 2,0.002005369,Not in HZ,0.03312001763884189,0.04183601019077955,0.07327205837505577,0.07728370378117466,1.8281556891533488,1.1457603179136682,0.373523141109758,0.33575187188692873
2MASS J19360367+4249277 b,Aschwaden Prediction,9.624180167,0.090809584,2MASS J19360367+4249277,11.57451405,6063.0,24949.97293,K03420.01,5 to 3,0.002005369,Not in HZ,0.03312001763884189,0.04183601019077955,0.07327205837505577,0.07728370378117466,1.8281556891533488,1.1457603179136682,0.373523141109758,0.33575187188692873
2MASS J19360367+4249277 c,Aschwaden Prediction,7.218135125,0.07496166,2MASS J19360367+4249277,11.57451405,6063.0,24949.97293,K03420.01,5 to 4,0.002005369,Optimistic HZ,0.03312001763884189,0.04183601019077955,0.07327205837505577,0.07728370378117466,1.8281556891533488,1.1457603179136682,0.373523141109758,0.33575187188692873
2MASS J19360367+4249277 b,Aschwaden Prediction,7.699344133,0.078257327,2MASS J19360367+4249277,11.57451405,6063.0,24949.97293,K03420.01,4 to 3,0.002005369,Not in HZ,0.03312001763884189,0.04183601019077955,0.07327205837505577,0.07728370378117466,1.8281556891533488,1.1457603179136682,0.373523141109758,0.33575187188692873
2MASS J19360367+4249277 c,Aschwaden Prediction,14.43627025,0.118994217,2MASS J19360367+4249277,11.57451405,6063.0,24949.97293,K03420.01,5 to 2,0.002005369,Not in HZ,0.03312001763884189,0.04183601019077955,0.07327205837505577,0.07728370378117466,1.8281556891533488,1.1457603179136682,0.373523141109758,0.33575187188692873
2MASS J19360367+4249277 b,Aschwaden Prediction,17.3235243,0.134373415,2MASS J19360367+4249277,11.57451405,6063.0,24949.97293,K03420.01,3 to 1,0.002005369,Not in HZ,0.03312001763884189,0.04183601019077955,0.07327205837505577,0.07728370378117466,1.8281556891533488,1.1457603179136682,0.373523141109758,0.33575187188692873
2MASS J19360824+5022179 b,Aschwaden Prediction,9.86418934,0.103339808,2MASS J19360824+5022179,11.57451405,7232.0,24949.97293,K04021.01,2 to 1,0.002005369,Not in HZ,0.03108760023839186,0.03928034926915579,0.067749823860286,0.07145748627465426,2.0750085946378194,1.2997014863986969,0.4368958870060141,0.39273429579486796
2MASS J19360824+5022179 c,Aschwaden Prediction,7.398142005,0.085305132,2MASS J19360824+5022179,11.57451405,7232.0,24949.97293,K04021.01,3 to 2,0.002005369,Not in HZ,0.03108760023839186,0.03928034926915579,0.067749823860286,0.07145748627465426,2.0750085946378194,1.2997014863986969,0.4368958870060141,0.39273429579486796
2MASS J19360824+5022179 b,Aschwaden Prediction,8.220157783,0.091512444,2MASS J19360824+5022179,11.57451405,7232.0,24949.97293,K04021.01,5 to 3,0.002005369,Not in HZ,0.03108760023839186,0.03928034926915579,0.067749823860286,0.07145748627465426,2.0750085946378194,1.2997014863986969,0.4368958870060141,0.39273429579486796
2MASS J19360824+5022179 c,Aschwaden Prediction,6.165118337,0.075541858,2MASS J19360824+5022179,11.57451405,7232.0,24949.97293,K04021.01,5 to 4,0.002005369,Not in HZ,0.03108760023839186,0.03928034926915579,0.067749823860286,0.07145748627465426,2.0750085946378194,1.2997014863986969,0.4368958870060141,0.39273429579486796
2MASS J19360824+5022179 b,Aschwaden Prediction,6.576126227,0.078863034,2MASS J19360824+5022179,11.57451405,7232.0,24949.97293,K04021.01,4 to 3,0.002005369,Not in HZ,0.03108760023839186,0.03928034926915579,0.067749823860286,0.07145748627465426,2.0750085946378194,1.2997014863986969,0.4368958870060141,0.39273429579486796
2MASS J19360824+5022179 c,Aschwaden Prediction,12.33023667,0.119915225,2MASS J19360824+5022179,11.57451405,7232.0,24949.97293,K04021.01,5 to 2,0.002005369,Not in HZ,0.03108760023839186,0.03928034926915579,0.067749823860286,0.07145748627465426,2.0750085946378194,1.2997014863986969,0.4368958870060141,0.39273429579486796
2MASS J19360824+5022179 b,Aschwaden Prediction,14.79628401,0.135413457,2MASS J19360824+5022179,11.57451405,7232.0,24949.97293,K04021.01,3 to 1,0.002005369,Not in HZ,0.03108760023839186,0.03928034926915579,0.067749823860286,0.07145748627465426,2.0750085946378194,1.2997014863986969,0.4368958870060141,0.39273429579486796
2MASS J19362997+4640224 b,Aschwaden Prediction,9.45394512,0.086989578,2MASS J19362997+4640224,11.57451405,6183.0,24949.97293,K04421.01,2 to 1,0.002005369,Not in HZ,0.0328773622660595,0.04153100787108627,0.07255721258803936,0.07652964259842666,1.855241126366239,1.1626509633538684,0.3809194220553248,0.34240092310120984
2MASS J19362997+4640224 c,Aschwaden Prediction,7.09045884,0.071808314,2MASS J19362997+4640224,11.57451405,6183.0,24949.97293,K04421.01,3 to 2,0.002005369,Conservative HZ,0.0328773622660595,0.04153100787108627,0.07255721258803936,0.07652964259842666,1.855241126366239,1.1626509633538684,0.3809194220553248,0.34240092310120984
2MASS J19362997+4640224 b,Aschwaden Prediction,7.8782876,0.077033517,2MASS J19362997+4640224,11.57451405,6183.0,24949.97293,K04421.01,5 to 3,0.002005369,Not in HZ,0.0328773622660595,0.04153100787108627,0.07255721258803936,0.07652964259842666,1.855241126366239,1.1626509633538684,0.3809194220553248,0.34240092310120984
2MASS J19362997+4640224 c,Aschwaden Prediction,5.9087157,0.063589767,2MASS J19362997+4640224,11.57451405,6183.0,24949.97293,K04421.01,5 to 4,0.002005369,Conservative HZ,0.0328773622660595,0.04153100787108627,0.07255721258803936,0.07652964259842666,1.855241126366239,1.1626509633538684,0.3809194220553248,0.34240092310120984
2MASS J19362997+4640224 b,Aschwaden Prediction,6.30263008,0.066385472,2MASS J19362997+4640224,11.57451405,6183.0,24949.97293,K04421.01,4 to 3,0.002005369,Conservative HZ,0.0328773622660595,0.04153100787108627,0.07255721258803936,0.07652964259842666,1.855241126366239,1.1626509633538684,0.3809194220553248,0.34240092310120984
2MASS J19362997+4640224 c,Aschwaden Prediction,11.8174314,0.100942463,2MASS J19362997+4640224,11.57451405,6183.0,24949.97293,K04421.01,5 to 2,0.002005369,Not in HZ,0.0328773622660595,0.04153100787108627,0.07255721258803936,0.07652964259842666,1.855241126366239,1.1626509633538684,0.3809194220553248,0.34240092310120984
2MASS J19362997+4640224 b,Aschwaden Prediction,14.18091768,0.113988594,2MASS J19362997+4640224,11.57451405,6183.0,24949.97293,K04421.01,3 to 1,0.002005369,Not in HZ,0.0328773622660595,0.04153100787108627,0.07255721258803936,0.07652964259842666,1.855241126366239,1.1626509633538684,0.3809194220553248,0.34240092310120984
2MASS J19363310+4222138 b,Aschwaden Prediction,15.32929106,0.116356497,2MASS J19363310+4222138,11.57451405,5975.0,24949.97293,K02220.04,2 to 1,0.002005369,Not in HZ,0.03329940393839182,0.0420614648901634,0.07381252744382591,0.07785380545756469,1.808511929160764,1.133510400184393,0.3680731553651515,0.33085264125844677
2MASS J19363310+4222138 c,Aschwaden Prediction,11.49696829,0.096050172,2MASS J19363310+4222138,11.57451405,5975.0,24949.97293,K02220.04,3 to 2,0.002005369,Not in HZ,0.03329940393839182,0.0420614648901634,0.07381252744382591,0.07785380545756469,1.808511929160764,1.133510400184393,0.3680731553651515,0.33085264125844677
2MASS J19363310+4222138 b,Aschwaden Prediction,12.77440922,0.103039357,2MASS J19363310+4222138,11.57451405,5975.0,24949.97293,K02220.04,5 to 3,0.002005369,Not in HZ,0.03329940393839182,0.0420614648901634,0.07381252744382591,0.07785380545756469,1.808511929160764,1.133510400184393,0.3680731553651515,0.33085264125844677
2MASS J19363310+4222138 c,Aschwaden Prediction,9.580806913,0.085057115,2MASS J19363310+4222138,11.57451405,5975.0,24949.97293,K02220.04,5 to 4,0.002005369,Not in HZ,0.03329940393839182,0.0420614648901634,0.07381252744382591,0.07785380545756469,1.808511929160764,1.133510400184393,0.3680731553651515,0.33085264125844677
2MASS J19363310+4222138 b,Aschwaden Prediction,10.21952737,0.088796626,2MASS J19363310+4222138,11.57451405,5975.0,24949.97293,K02220.04,4 to 3,0.002005369,Not in HZ,0.03329940393839182,0.0420614648901634,0.07381252744382591,0.07785380545756469,1.808511929160764,1.133510400184393,0.3680731553651515,0.33085264125844677
2MASS J19363310+4222138 c,Aschwaden Prediction,19.16161383,0.135019754,2MASS J19363310+4222138,11.57451405,5975.0,24949.97293,K02220.04,5 to 2,0.002005369,Not in HZ,0.03329940393839182,0.0420614648901634,0.07381252744382591,0.07785380545756469,1.808511929160764,1.133510400184393,0.3680731553651515,0.33085264125844677
2MASS J19363310+4222138 b,Aschwaden Prediction,22.99393659,0.152470144,2MASS J19363310+4222138,11.57451405,5975.0,24949.97293,K02220.04,3 to 1,0.002005369,Not in HZ,0.03329940393839182,0.0420614648901634,0.07381252744382591,0.07785380545756469,1.808511929160764,1.133510400184393,0.3680731553651515,0.33085264125844677
2MASS J19374656+4620095 b,Aschwaden Prediction,15.45910486,0.122388621,2MASS J19374656+4620095,11.57451405,5947.0,24949.97293,K06209.01,2 to 1,0.002005369,Not in HZ,0.03335661857957672,0.04213336883626945,0.07398719300717918,0.07803804453923954,1.8023131821276333,1.1296448500726999,0.366337346332877,0.32929227331160155
2MASS J19374656+4620095 c,Aschwaden Prediction,11.59432865,0.101029581,2MASS J19374656+4620095,11.57451405,5947.0,24949.97293,K06209.01,3 to 2,0.002005369,Not in HZ,0.03335661857957672,0.04213336883626945,0.07398719300717918,0.07803804453923954,1.8023131821276333,1.1296448500726999,0.366337346332877,0.32929227331160155
2MASS J19374656+4620095 b,Aschwaden Prediction,12.88258738,0.108381097,2MASS J19374656+4620095,11.57451405,5947.0,24949.97293,K06209.01,5 to 3,0.002005369,Not in HZ,0.03335661857957672,0.04213336883626945,0.07398719300717918,0.07803804453923954,1.8023131821276333,1.1296448500726999,0.366337346332877,0.32929227331160155
2MASS J19374656+4620095 c,Aschwaden Prediction,9.661940538,0.089466625,2MASS J19374656+4620095,11.57451405,5947.0,24949.97293,K06209.01,5 to 4,0.002005369,Not in HZ,0.03335661857957672,0.04213336883626945,0.07398719300717918,0.07803804453923954,1.8023131821276333,1.1296448500726999,0.366337346332877,0.32929227331160155
2MASS J19374656+4620095 b,Aschwaden Prediction,10.30606991,0.093399998,2MASS J19374656+4620095,11.57451405,5947.0,24949.97293,K06209.01,4 to 3,0.002005369,Not in HZ,0.03335661857957672,0.04213336883626945,0.07398719300717918,0.07803804453923954,1.8023131821276333,1.1296448500726999,0.366337346332877,0.32929227331160155
2MASS J19374656+4620095 c,Aschwaden Prediction,19.32388108,0.142019414,2MASS J19374656+4620095,11.57451405,5947.0,24949.97293,K06209.01,5 to 2,0.002005369,Not in HZ,0.03335661857957672,0.04213336883626945,0.07398719300717918,0.07803804453923954,1.8023131821276333,1.1296448500726999,0.366337346332877,0.32929227331160155
2MASS J19374656+4620095 b,Aschwaden Prediction,23.18865729,0.160374463,2MASS J19374656+4620095,11.57451405,5947.0,24949.97293,K06209.01,3 to 1,0.002005369,Not in HZ,0.03335661857957672,0.04213336883626945,0.07398719300717918,0.07803804453923954,1.8023131821276333,1.1296448500726999,0.366337346332877,0.32929227331160155
2MASS J19381389+4051018 b,Aschwaden Prediction,23.7349646,0.178423878,2MASS J19381389+4051018,11.57451405,6266.0,24949.97293,K06132.01,2 to 1,0.002005369,Not in HZ,0.0327116048828639,0.04132264158877361,0.07207889408541916,0.07602506931436136,1.8740906480094424,1.1744056833542986,0.3859917904904551,0.3469609893836426
2MASS J19381389+4051018 c,Aschwaden Prediction,17.80122345,0.147285666,2MASS J19381389+4051018,11.57451405,6266.0,24949.97293,K06132.01,3 to 2,0.002005369,Not in HZ,0.0327116048828639,0.04132264158877361,0.07207889408541916,0.07602506931436136,1.8740906480094424,1.1744056833542986,0.3859917904904551,0.3469609893836426
2MASS J19381389+4051018 b,Aschwaden Prediction,19.77913717,0.158003053,2MASS J19381389+4051018,11.57451405,6266.0,24949.97293,K06132.01,5 to 3,0.002005369,Not in HZ,0.0327116048828639,0.04132264158877361,0.07207889408541916,0.07602506931436136,1.8740906480094424,1.1744056833542986,0.3859917904904551,0.3469609893836426
2MASS J19381389+4051018 c,Aschwaden Prediction,14.83435288,0.130428646,2MASS J19381389+4051018,11.57451405,6266.0,24949.97293,K06132.01,5 to 4,0.002005369,Not in HZ,0.0327116048828639,0.04132264158877361,0.07207889408541916,0.07602506931436136,1.8740906480094424,1.1744056833542986,0.3859917904904551,0.3469609893836426
2MASS J19381389+4051018 b,Aschwaden Prediction,15.82330973,0.136162903,2MASS J19381389+4051018,11.57451405,6266.0,24949.97293,K06132.01,4 to 3,0.002005369,Not in HZ,0.0327116048828639,0.04132264158877361,0.07207889408541916,0.07602506931436136,1.8740906480094424,1.1744056833542986,0.3859917904904551,0.3469609893836426
2MASS J19381389+4051018 c,Aschwaden Prediction,29.66870575,0.20704257,2MASS J19381389+4051018,11.57451405,6266.0,24949.97293,K06132.01,5 to 2,0.002005369,Not in HZ,0.0327116048828639,0.04132264158877361,0.07207889408541916,0.07602506931436136,1.8740906480094424,1.1744056833542986,0.3859917904904551,0.3469609893836426
2MASS J19381389+4051018 b,Aschwaden Prediction,35.6024469,0.233801422,2MASS J19381389+4051018,11.57451405,6266.0,24949.97293,K06132.01,3 to 1,0.002005369,Not in HZ,0.0327116048828639,0.04132264158877361,0.07207889408541916,0.07602506931436136,1.8740906480094424,1.1744056833542986,0.3859917904904551,0.3469609893836426
2MASS J19415954+3838402 b,Aschwaden Prediction,8.65417084,0.083497295,2MASS J19415954+3838402,11.57451405,6444.0,24949.97293,K03398.02,2 to 1,0.002005369,Not in HZ,0.03236456907351189,0.04088634676319627,0.07110161307195702,0.07499410429692265,1.9144967762170397,1.1996033830201303,0.3966755110079181,0.35656610111732484
2MASS J19415954+3838402 c,Aschwaden Prediction,6.49062813,0.068925499,2MASS J19415954+3838402,11.57451405,6444.0,24949.97293,K03398.02,3 to 2,0.002005369,Conservative HZ,0.03236456907351189,0.04088634676319627,0.07110161307195702,0.07499410429692265,1.9144967762170397,1.1996033830201303,0.3966755110079181,0.35656610111732484
2MASS J19415954+3838402 b,Aschwaden Prediction,7.211809033,0.07394093,2MASS J19415954+3838402,11.57451405,6444.0,24949.97293,K03398.02,5 to 3,0.002005369,Optimistic HZ,0.03236456907351189,0.04088634676319627,0.07110161307195702,0.07499410429692265,1.9144967762170397,1.1996033830201303,0.3966755110079181,0.35656610111732484
2MASS J19415954+3838402 c,Aschwaden Prediction,5.408856775,0.061036893,2MASS J19415954+3838402,11.57451405,6444.0,24949.97293,K03398.02,5 to 4,0.002005369,Conservative HZ,0.03236456907351189,0.04088634676319627,0.07110161307195702,0.07499410429692265,1.9144967762170397,1.1996033830201303,0.3966755110079181,0.35656610111732484
2MASS J19415954+3838402 b,Aschwaden Prediction,5.769447227,0.063720362,2MASS J19415954+3838402,11.57451405,6444.0,24949.97293,K03398.02,4 to 3,0.002005369,Conservative HZ,0.03236456907351189,0.04088634676319627,0.07110161307195702,0.07499410429692265,1.9144967762170397,1.1996033830201303,0.3966755110079181,0.35656610111732484
2MASS J19415954+3838402 c,Aschwaden Prediction,10.81771355,0.096890028,2MASS J19415954+3838402,11.57451405,6444.0,24949.97293,K03398.02,5 to 2,0.002005369,Not in HZ,0.03236456907351189,0.04088634676319627,0.07110161307195702,0.07499410429692265,1.9144967762170397,1.1996033830201303,0.3966755110079181,0.35656610111732484
2MASS J19415954+3838402 b,Aschwaden Prediction,12.98125626,0.109412409,2MASS J19415954+3838402,11.57451405,6444.0,24949.97293,K03398.02,3 to 1,0.002005369,Not in HZ,0.03236456907351189,0.04088634676319627,0.07110161307195702,0.07499410429692265,1.9144967762170397,1.1996033830201303,0.3966755110079181,0.35656610111732484
2MASS J19420358+5112134 b,Aschwaden Prediction,24.920444,0.162073647,2MASS J19420358+5112134,11.57451405,5861.0,24949.97293,K04895.01,2 to 1,0.002005369,Not in HZ,0.03353245817266239,0.04235434115599652,0.07453132034205395,0.07861198670734626,1.7834605780201853,1.1178883654649538,0.36100786798213497,0.3245015331538541
2MASS J19420358+5112134 c,Aschwaden Prediction,18.690333,0.133788848,2MASS J19420358+5112134,11.57451405,5861.0,24949.97293,K04895.01,3 to 2,0.002005369,Not in HZ,0.03353245817266239,0.04235434115599652,0.07453132034205395,0.07861198670734626,1.7834605780201853,1.1178883654649538,0.36100786798213497,0.3245015331538541
2MASS J19420358+5112134 b,Aschwaden Prediction,20.76703667,0.143524125,2MASS J19420358+5112134,11.57451405,5861.0,24949.97293,K04895.01,5 to 3,0.002005369,Not in HZ,0.03353245817266239,0.04235434115599652,0.07453132034205395,0.07861198670734626,1.7834605780201853,1.1178883654649538,0.36100786798213497,0.3245015331538541
2MASS J19420358+5112134 c,Aschwaden Prediction,15.5752775,0.118476555,2MASS J19420358+5112134,11.57451405,5861.0,24949.97293,K04895.01,5 to 4,0.002005369,Not in HZ,0.03353245817266239,0.04235434115599652,0.07453132034205395,0.07861198670734626,1.7834605780201853,1.1178883654649538,0.36100786798213497,0.3245015331538541
2MASS J19420358+5112134 b,Aschwaden Prediction,16.61362933,0.123685342,2MASS J19420358+5112134,11.57451405,5861.0,24949.97293,K04895.01,4 to 3,0.002005369,Not in HZ,0.03353245817266239,0.04235434115599652,0.07453132034205395,0.07861198670734626,1.7834605780201853,1.1178883654649538,0.36100786798213497,0.3245015331538541
2MASS J19420358+5112134 c,Aschwaden Prediction,31.150555,0.188069808,2MASS J19420358+5112134,11.57451405,5861.0,24949.97293,K04895.01,5 to 2,0.002005369,Not in HZ,0.03353245817266239,0.04235434115599652,0.07453132034205395,0.07861198670734626,1.7834605780201853,1.1178883654649538,0.36100786798213497,0.3245015331538541
2MASS J19420358+5112134 b,Aschwaden Prediction,37.380666,0.212376558,2MASS J19420358+5112134,11.57451405,5861.0,24949.97293,K04895.01,3 to 1,0.002005369,Not in HZ,0.03353245817266239,0.04235434115599652,0.07453132034205395,0.07861198670734626,1.7834605780201853,1.1178883654649538,0.36100786798213497,0.3245015331538541
2MASS J19433657+3955060 b,Aschwaden Prediction,9.55004002,0.079687533,2MASS J19433657+3955060,11.57451405,5275.0,24949.97293,K01884.01,2 to 1,0.002005369,Optimistic HZ,0.03469331975092429,0.04381267148796438,0.07847411273540501,0.08277041482049168,1.666105812501314,1.0447077746920432,0.3256427915037765,0.2927143633674118
2MASS J19433657+3955060 c,Aschwaden Prediction,7.162530015,0.065780609,2MASS J19433657+3955060,11.57451405,5275.0,24949.97293,K01884.01,3 to 2,0.002005369,Conservative HZ,0.03469331975092429,0.04381267148796438,0.07847411273540501,0.08277041482049168,1.666105812501314,1.0447077746920432,0.3256427915037765,0.2927143633674118
2MASS J19433657+3955060 b,Aschwaden Prediction,7.958366683,0.0705672,2MASS J19433657+3955060,11.57451405,5275.0,24949.97293,K01884.01,5 to 3,0.002005369,Conservative HZ,0.03469331975092429,0.04381267148796438,0.07847411273540501,0.08277041482049168,1.666105812501314,1.0447077746920432,0.3256427915037765,0.2927143633674118
2MASS J19433657+3955060 c,Aschwaden Prediction,5.968775013,0.05825194,2MASS J19433657+3955060,11.57451405,5275.0,24949.97293,K01884.01,5 to 4,0.002005369,Conservative HZ,0.03469331975092429,0.04381267148796438,0.07847411273540501,0.08277041482049168,1.666105812501314,1.0447077746920432,0.3256427915037765,0.2927143633674118
2MASS J19433657+3955060 b,Aschwaden Prediction,6.366693347,0.060812969,2MASS J19433657+3955060,11.57451405,5275.0,24949.97293,K01884.01,4 to 3,0.002005369,Conservative HZ,0.03469331975092429,0.04381267148796438,0.07847411273540501,0.08277041482049168,1.666105812501314,1.0447077746920432,0.3256427915037765,0.2927143633674118
2MASS J19433657+3955060 c,Aschwaden Prediction,11.93755003,0.092469191,2MASS J19433657+3955060,11.57451405,5275.0,24949.97293,K01884.01,5 to 2,0.002005369,Not in HZ,0.03469331975092429,0.04381267148796438,0.07847411273540501,0.08277041482049168,1.666105812501314,1.0447077746920432,0.3256427915037765,0.2927143633674118
2MASS J19433657+3955060 b,Aschwaden Prediction,14.32506003,0.104420208,2MASS J19433657+3955060,11.57451405,5275.0,24949.97293,K01884.01,3 to 1,0.002005369,Not in HZ,0.03469331975092429,0.04381267148796438,0.07847411273540501,0.08277041482049168,1.666105812501314,1.0447077746920432,0.3256427915037765,0.2927143633674118
2MASS J19435254+3852018 b,Aschwaden Prediction,23.6373222,0.16572467,2MASS J19435254+3852018,11.57451405,6148.0,24949.97293,K04526.01,2 to 1,0.002005369,Not in HZ,0.032947823574979676,0.041619576809766724,0.07276294569231377,0.07674666458773986,1.847314476047434,1.1577078475631166,0.3787684111453389,0.3404671982645182
2MASS J19435254+3852018 c,Aschwaden Prediction,17.72799165,0.136802701,2MASS J19435254+3852018,11.57451405,6148.0,24949.97293,K04526.01,3 to 2,0.002005369,Not in HZ,0.032947823574979676,0.041619576809766724,0.07276294569231377,0.07674666458773986,1.847314476047434,1.1577078475631166,0.3787684111453389,0.3404671982645182
2MASS J19435254+3852018 b,Aschwaden Prediction,19.6977685,0.146757284,2MASS J19435254+3852018,11.57451405,6148.0,24949.97293,K04526.01,5 to 3,0.002005369,Not in HZ,0.032947823574979676,0.041619576809766724,0.07276294569231377,0.07674666458773986,1.847314476047434,1.1577078475631166,0.3787684111453389,0.3404671982645182
2MASS J19435254+3852018 c,Aschwaden Prediction,14.77332638,0.121145469,2MASS J19435254+3852018,11.57451405,6148.0,24949.97293,K04526.01,5 to 4,0.002005369,Not in HZ,0.032947823574979676,0.041619576809766724,0.07276294569231377,0.07674666458773986,1.847314476047434,1.1577078475631166,0.3787684111453389,0.3404671982645182
2MASS J19435254+3852018 b,Aschwaden Prediction,15.7582148,0.126471593,2MASS J19435254+3852018,11.57451405,6148.0,24949.97293,K04526.01,4 to 3,0.002005369,Not in HZ,0.032947823574979676,0.041619576809766724,0.07276294569231377,0.07674666458773986,1.847314476047434,1.1577078475631166,0.3787684111453389,0.3404671982645182
2MASS J19435254+3852018 c,Aschwaden Prediction,29.54665275,0.192306444,2MASS J19435254+3852018,11.57451405,6148.0,24949.97293,K04526.01,5 to 2,0.002005369,Not in HZ,0.032947823574979676,0.041619576809766724,0.07276294569231377,0.07674666458773986,1.847314476047434,1.1577078475631166,0.3787684111453389,0.3404671982645182
2MASS J19435254+3852018 b,Aschwaden Prediction,35.4559833,0.217160751,2MASS J19435254+3852018,11.57451405,6148.0,24949.97293,K04526.01,3 to 1,0.002005369,Not in HZ,0.032947823574979676,0.041619576809766724,0.07276294569231377,0.07674666458773986,1.847314476047434,1.1577078475631166,0.3787684111453389,0.3404671982645182
2MASS J19475090+4815230 b,Aschwaden Prediction,19.09397998,0.15127932,2MASS J19475090+4815230,11.57451405,6271.0,24949.97293,K04149.01,2 to 1,0.002005369,Not in HZ,0.03270168784360962,0.0413101748105015,0.07205052183329838,0.0759951393207143,1.8752274852698867,1.1751146256207605,0.3862958441562692,0.34723433805381204
2MASS J19475090+4815230 c,Aschwaden Prediction,14.32048499,0.124878327,2MASS J19475090+4815230,11.57451405,6271.0,24949.97293,K04149.01,3 to 2,0.002005369,Not in HZ,0.03270168784360962,0.0413101748105015,0.07205052183329838,0.0759951393207143,1.8752274852698867,1.1751146256207605,0.3862958441562692,0.34723433805381204
2MASS J19475090+4815230 b,Aschwaden Prediction,15.91164998,0.133965222,2MASS J19475090+4815230,11.57451405,6271.0,24949.97293,K04149.01,5 to 3,0.002005369,Not in HZ,0.03270168784360962,0.0413101748105015,0.07205052183329838,0.0759951393207143,1.8752274852698867,1.1751146256207605,0.3862958441562692,0.34723433805381204
2MASS J19475090+4815230 c,Aschwaden Prediction,11.93373749,0.110585854,2MASS J19475090+4815230,11.57451405,6271.0,24949.97293,K04149.01,5 to 4,0.002005369,Not in HZ,0.03270168784360962,0.0413101748105015,0.07205052183329838,0.0759951393207143,1.8752274852698867,1.1751146256207605,0.3862958441562692,0.34723433805381204
2MASS J19475090+4815230 b,Aschwaden Prediction,12.72931999,0.115447728,2MASS J19475090+4815230,11.57451405,6271.0,24949.97293,K04149.01,4 to 3,0.002005369,Not in HZ,0.03270168784360962,0.0413101748105015,0.07205052183329838,0.0759951393207143,1.8752274852698867,1.1751146256207605,0.3862958441562692,0.34723433805381204
2MASS J19475090+4815230 c,Aschwaden Prediction,23.86747498,0.175544101,2MASS J19475090+4815230,11.57451405,6271.0,24949.97293,K04149.01,5 to 2,0.002005369,Not in HZ,0.03270168784360962,0.0413101748105015,0.07205052183329838,0.0759951393207143,1.8752274852698867,1.1751146256207605,0.3862958441562692,0.34723433805381204
2MASS J19475090+4815230 b,Aschwaden Prediction,28.64096997,0.198231988,2MASS J19475090+4815230,11.57451405,6271.0,24949.97293,K04149.01,3 to 1,0.002005369,Not in HZ,0.03270168784360962,0.0413101748105015,0.07205052183329838,0.0759951393207143,1.8752274852698867,1.1751146256207605,0.3862958441562692,0.34723433805381204
2MASS J19493448+3949445 b,Aschwaden Prediction,12.1920026,0.10524469,2MASS J19493448+3949445,11.57451405,6234.0,24949.97293,K02971.01,2 to 1,0.002005369,Not in HZ,0.03277526709451348,0.04140267043380899,0.07226168007176703,0.07621788984951348,1.8668173047700232,1.1698699616471526,0.38404152703098626,0.34520768504874993
2MASS J19493448+3949445 c,Aschwaden Prediction,9.14400195,0.086877577,2MASS J19493448+3949445,11.57451405,6234.0,24949.97293,K02971.01,3 to 2,0.002005369,Not in HZ,0.03277526709451348,0.04140267043380899,0.07226168007176703,0.07621788984951348,1.8668173047700232,1.1698699616471526,0.38404152703098626,0.34520768504874993
2MASS J19493448+3949445 b,Aschwaden Prediction,10.16000217,0.09319931,2MASS J19493448+3949445,11.57451405,6234.0,24949.97293,K02971.01,5 to 3,0.002005369,Not in HZ,0.03277526709451348,0.04140267043380899,0.07226168007176703,0.07621788984951348,1.8668173047700232,1.1698699616471526,0.38404152703098626,0.34520768504874993
2MASS J19493448+3949445 c,Aschwaden Prediction,7.620001625,0.076934335,2MASS J19493448+3949445,11.57451405,6234.0,24949.97293,K02971.01,5 to 4,0.002005369,Not in HZ,0.03277526709451348,0.04140267043380899,0.07226168007176703,0.07621788984951348,1.8668173047700232,1.1698699616471526,0.38404152703098626,0.34520768504874993
2MASS J19493448+3949445 b,Aschwaden Prediction,8.128001733,0.08031673,2MASS J19493448+3949445,11.57451405,6234.0,24949.97293,K02971.01,4 to 3,0.002005369,Not in HZ,0.03277526709451348,0.04140267043380899,0.07226168007176703,0.07621788984951348,1.8668173047700232,1.1698699616471526,0.38404152703098626,0.34520768504874993
2MASS J19493448+3949445 c,Aschwaden Prediction,15.24000325,0.122125644,2MASS J19493448+3949445,11.57451405,6234.0,24949.97293,K02971.01,5 to 2,0.002005369,Not in HZ,0.03277526709451348,0.04140267043380899,0.07226168007176703,0.07621788984951348,1.8668173047700232,1.1698699616471526,0.38404152703098626,0.34520768504874993
2MASS J19493448+3949445 b,Aschwaden Prediction,18.2880039,0.137909557,2MASS J19493448+3949445,11.57451405,6234.0,24949.97293,K02971.01,3 to 1,0.002005369,Not in HZ,0.03277526709451348,0.04140267043380899,0.07226168007176703,0.07621788984951348,1.8668173047700232,1.1698699616471526,0.38404152703098626,0.34520768504874993
2MASS J19494301+4033428 b,Aschwaden Prediction,5.27195798,0.050003133,2MASS J19494301+4033428,11.57451405,3842.0,24949.97293,K03444.01,2 to 1,0.002005369,Conservative HZ,0.03655839056097474,0.046153245750040296,0.08813534852983491,0.09295594370774109,1.500445276691255,0.941433829704815,0.25816302700012866,0.2320812038485924
2MASS J19494301+4033428 c,Aschwaden Prediction,3.953968485,0.041276677,2MASS J19494301+4033428,11.57451405,3842.0,24949.97293,K03444.01,3 to 2,0.002005369,Not in HZ,0.03655839056097474,0.046153245750040296,0.08813534852983491,0.09295594370774109,1.500445276691255,0.941433829704815,0.25816302700012866,0.2320812038485924
2MASS J19494301+4033428 b,Aschwaden Prediction,4.393298317,0.044280215,2MASS J19494301+4033428,11.57451405,3842.0,24949.97293,K03444.01,5 to 3,0.002005369,Not in HZ,0.03655839056097474,0.046153245750040296,0.08813534852983491,0.09295594370774109,1.500445276691255,0.941433829704815,0.25816302700012866,0.2320812038485924
2MASS J19494301+4033428 c,Aschwaden Prediction,3.294973738,0.036552512,2MASS J19494301+4033428,11.57451405,3842.0,24949.97293,K03444.01,5 to 4,0.002005369,Not in HZ,0.03655839056097474,0.046153245750040296,0.08813534852983491,0.09295594370774109,1.500445276691255,0.941433829704815,0.25816302700012866,0.2320812038485924
2MASS J19494301+4033428 b,Aschwaden Prediction,3.514638653,0.038159532,2MASS J19494301+4033428,11.57451405,3842.0,24949.97293,K03444.01,4 to 3,0.002005369,Not in HZ,0.03655839056097474,0.046153245750040296,0.08813534852983491,0.09295594370774109,1.500445276691255,0.941433829704815,0.25816302700012866,0.2320812038485924
2MASS J19494301+4033428 c,Aschwaden Prediction,6.589947475,0.058023496,2MASS J19494301+4033428,11.57451405,3842.0,24949.97293,K03444.01,5 to 2,0.002005369,Conservative HZ,0.03655839056097474,0.046153245750040296,0.08813534852983491,0.09295594370774109,1.500445276691255,0.941433829704815,0.25816302700012866,0.2320812038485924
2MASS J19494301+4033428 b,Aschwaden Prediction,7.90793697,0.06552264,2MASS J19494301+4033428,11.57451405,3842.0,24949.97293,K03444.01,3 to 1,0.002005369,Conservative HZ,0.03655839056097474,0.046153245750040296,0.08813534852983491,0.09295594370774109,1.500445276691255,0.941433829704815,0.25816302700012866,0.2320812038485924
2MASS J19494301+4033428 c,Aschwaden Prediction,25.34280786,0.142707355,2MASS J19494301+4033428,11.57451405,3842.0,24949.97293,K03444.02,2 to 1,0.002005369,Not in HZ,0.03655839056097474,0.046153245750040296,0.08813534852983491,0.09295594370774109,1.500445276691255,0.941433829704815,0.25816302700012866,0.2320812038485924
2MASS J19494301+4033428 b,Aschwaden Prediction,19.0071059,0.117802326,2MASS J19494301+4033428,11.57451405,3842.0,24949.97293,K03444.02,3 to 2,0.002005369,Not in HZ,0.03655839056097474,0.046153245750040296,0.08813534852983491,0.09295594370774109,1.500445276691255,0.941433829704815,0.25816302700012866,0.2320812038485924
2MASS J19494301+4033428 c,Aschwaden Prediction,21.11900655,0.126374328,2MASS J19494301+4033428,11.57451405,3842.0,24949.97293,K03444.02,5 to 3,0.002005369,Not in HZ,0.03655839056097474,0.046153245750040296,0.08813534852983491,0.09295594370774109,1.500445276691255,0.941433829704815,0.25816302700012866,0.2320812038485924
2MASS J19494301+4033428 b,Aschwaden Prediction,15.83925491,0.104319709,2MASS J19494301+4033428,11.57451405,3842.0,24949.97293,K03444.02,5 to 4,0.002005369,Not in HZ,0.03655839056097474,0.046153245750040296,0.08813534852983491,0.09295594370774109,1.500445276691255,0.941433829704815,0.25816302700012866,0.2320812038485924
2MASS J19494301+4033428 c,Aschwaden Prediction,16.89520524,0.108906094,2MASS J19494301+4033428,11.57451405,3842.0,24949.97293,K03444.02,4 to 3,0.002005369,Not in HZ,0.03655839056097474,0.046153245750040296,0.08813534852983491,0.09295594370774109,1.500445276691255,0.941433829704815,0.25816302700012866,0.2320812038485924
2MASS J19494301+4033428 b,Aschwaden Prediction,31.67850983,0.165597216,2MASS J19494301+4033428,11.57451405,3842.0,24949.97293,K03444.02,5 to 2,0.002005369,Not in HZ,0.03655839056097474,0.046153245750040296,0.08813534852983491,0.09295594370774109,1.500445276691255,0.941433829704815,0.25816302700012866,0.2320812038485924
2MASS J19494301+4033428 c,Aschwaden Prediction,38.01421179,0.186999536,2MASS J19494301+4033428,11.57451405,3842.0,24949.97293,K03444.02,3 to 1,0.002005369,Not in HZ,0.03655839056097474,0.046153245750040296,0.08813534852983491,0.09295594370774109,1.500445276691255,0.941433829704815,0.25816302700012866,0.2320812038485924
2MASS J19494301+4033428 b,Aschwaden Prediction,28.30040654,0.153501682,2MASS J19494301+4033428,11.57451405,3842.0,24949.97293,K03444.03,2 to 1,0.002005369,Not in HZ,0.03655839056097474,0.046153245750040296,0.08813534852983491,0.09295594370774109,1.500445276691255,0.941433829704815,0.25816302700012866,0.2320812038485924
2MASS J19494301+4033428 c,Aschwaden Prediction,21.22530491,0.126712846,2MASS J19494301+4033428,11.57451405,3842.0,24949.97293,K03444.03,3 to 2,0.002005369,Not in HZ,0.03655839056097474,0.046153245750040296,0.08813534852983491,0.09295594370774109,1.500445276691255,0.941433829704815,0.25816302700012866,0.2320812038485924
2MASS J19494301+4033428 b,Aschwaden Prediction,23.58367212,0.135933231,2MASS J19494301+4033428,11.57451405,3842.0,24949.97293,K03444.03,5 to 3,0.002005369,Not in HZ,0.03655839056097474,0.046153245750040296,0.08813534852983491,0.09295594370774109,1.500445276691255,0.941433829704815,0.25816302700012866,0.2320812038485924
2MASS J19494301+4033428 c,Aschwaden Prediction,17.68775409,0.11221041,2MASS J19494301+4033428,11.57451405,3842.0,24949.97293,K03444.03,5 to 4,0.002005369,Not in HZ,0.03655839056097474,0.046153245750040296,0.08813534852983491,0.09295594370774109,1.500445276691255,0.941433829704815,0.25816302700012866,0.2320812038485924
2MASS J19494301+4033428 b,Aschwaden Prediction,18.86693769,0.117143708,2MASS J19494301+4033428,11.57451405,3842.0,24949.97293,K03444.03,4 to 3,0.002005369,Not in HZ,0.03655839056097474,0.046153245750040296,0.08813534852983491,0.09295594370774109,1.500445276691255,0.941433829704815,0.25816302700012866,0.2320812038485924
2MASS J19494301+4033428 c,Aschwaden Prediction,35.37550818,0.178122923,2MASS J19494301+4033428,11.57451405,3842.0,24949.97293,K03444.03,5 to 2,0.002005369,Not in HZ,0.03655839056097474,0.046153245750040296,0.08813534852983491,0.09295594370774109,1.500445276691255,0.941433829704815,0.25816302700012866,0.2320812038485924
2MASS J19494301+4033428 b,Aschwaden Prediction,42.45060981,0.201144106,2MASS J19494301+4033428,11.57451405,3842.0,24949.97293,K03444.03,3 to 1,0.002005369,Not in HZ,0.03655839056097474,0.046153245750040296,0.08813534852983491,0.09295594370774109,1.500445276691255,0.941433829704815,0.25816302700012866,0.2320812038485924
2MASS J19504847+4649239 b,Aschwaden Prediction,24.8654472,0.167312071,2MASS J19504847+4649239,11.57451405,5896.0,24949.97293,K03462.01,2 to 1,0.002005369,Not in HZ,0.03346089742311251,0.04226441518196627,0.0743085148276532,0.07837697447305272,1.7910970885902697,1.1226504872415715,0.36317599449544763,0.32645047710975766
2MASS J19504847+4649239 c,Aschwaden Prediction,18.6490854,0.138113071,2MASS J19504847+4649239,11.57451405,5896.0,24949.97293,K03462.01,3 to 2,0.002005369,Not in HZ,0.03346089742311251,0.04226441518196627,0.0743085148276532,0.07837697447305272,1.7910970885902697,1.1226504872415715,0.36317599449544763,0.32645047710975766
2MASS J19504847+4649239 b,Aschwaden Prediction,20.721206,0.148163005,2MASS J19504847+4649239,11.57451405,5896.0,24949.97293,K03462.01,5 to 3,0.002005369,Not in HZ,0.03346089742311251,0.04226441518196627,0.0743085148276532,0.07837697447305272,1.7910970885902697,1.1226504872415715,0.36317599449544763,0.32645047710975766
2MASS J19504847+4649239 c,Aschwaden Prediction,15.5409045,0.122305866,2MASS J19504847+4649239,11.57451405,5896.0,24949.97293,K03462.01,5 to 4,0.002005369,Not in HZ,0.03346089742311251,0.04226441518196627,0.0743085148276532,0.07837697447305272,1.7910970885902697,1.1226504872415715,0.36317599449544763,0.32645047710975766
2MASS J19504847+4649239 b,Aschwaden Prediction,16.5769648,0.127683007,2MASS J19504847+4649239,11.57451405,5896.0,24949.97293,K03462.01,4 to 3,0.002005369,Not in HZ,0.03346089742311251,0.04226441518196627,0.0743085148276532,0.07837697447305272,1.7910970885902697,1.1226504872415715,0.36317599449544763,0.32645047710975766
2MASS J19504847+4649239 c,Aschwaden Prediction,31.081809,0.19414846,2MASS J19504847+4649239,11.57451405,5896.0,24949.97293,K03462.01,5 to 2,0.002005369,Not in HZ,0.03346089742311251,0.04226441518196627,0.0743085148276532,0.07837697447305272,1.7910970885902697,1.1226504872415715,0.36317599449544763,0.32645047710975766
2MASS J19504847+4649239 b,Aschwaden Prediction,37.2981708,0.219240835,2MASS J19504847+4649239,11.57451405,5896.0,24949.97293,K03462.01,3 to 1,0.002005369,Not in HZ,0.03346089742311251,0.04226441518196627,0.0743085148276532,0.07837697447305272,1.7910970885902697,1.1226504872415715,0.36317599449544763,0.32645047710975766
2MASS J19505382+4331387 b,Aschwaden Prediction,1.681182364,0.025557157,2MASS J19505382+4331387,11.57451405,5440.0,24949.97293,K01499.02,2 to 1,0.002005369,Not in HZ,0.034378234940276156,0.0434169340032979,0.07733206174988563,0.08156597821346535,1.6967862909540805,1.06383921298384,0.33533209251880003,0.30142286891630404
2MASS J19505382+4331387 c,Aschwaden Prediction,1.260886773,0.021096968,2MASS J19505382+4331387,11.57451405,5440.0,24949.97293,K01499.02,3 to 2,0.002005369,Not in HZ,0.034378234940276156,0.0434169340032979,0.07733206174988563,0.08156597821346535,1.6967862909540805,1.06383921298384,0.33533209251880003,0.30142286891630404
2MASS J19505382+4331387 b,Aschwaden Prediction,1.400985303,0.02263211,2MASS J19505382+4331387,11.57451405,5440.0,24949.97293,K01499.02,5 to 3,0.002005369,Not in HZ,0.034378234940276156,0.0434169340032979,0.07733206174988563,0.08156597821346535,1.6967862909540805,1.06383921298384,0.33533209251880003,0.30142286891630404
2MASS J19505382+4331387 c,Aschwaden Prediction,1.050738978,0.018682395,2MASS J19505382+4331387,11.57451405,5440.0,24949.97293,K01499.02,5 to 4,0.002005369,Not in HZ,0.034378234940276156,0.0434169340032979,0.07733206174988563,0.08156597821346535,1.6967862909540805,1.06383921298384,0.33533209251880003,0.30142286891630404
2MASS J19505382+4331387 b,Aschwaden Prediction,1.120788243,0.019503761,2MASS J19505382+4331387,11.57451405,5440.0,24949.97293,K01499.02,4 to 3,0.002005369,Not in HZ,0.034378234940276156,0.0434169340032979,0.07733206174988563,0.08156597821346535,1.6967862909540805,1.06383921298384,0.33533209251880003,0.30142286891630404
2MASS J19505382+4331387 c,Aschwaden Prediction,2.101477955,0.029656454,2MASS J19505382+4331387,11.57451405,5440.0,24949.97293,K01499.02,5 to 2,0.002005369,Not in HZ,0.034378234940276156,0.0434169340032979,0.07733206174988563,0.08156597821346535,1.6967862909540805,1.06383921298384,0.33533209251880003,0.30142286891630404
2MASS J19505382+4331387 b,Aschwaden Prediction,2.521773546,0.03348935,2MASS J19505382+4331387,11.57451405,5440.0,24949.97293,K01499.02,3 to 1,0.002005369,Not in HZ,0.034378234940276156,0.0434169340032979,0.07733206174988563,0.08156597821346535,1.6967862909540805,1.06383921298384,0.33533209251880003,0.30142286891630404
2MASS J19514768+4515181 b,Aschwaden Prediction,8.5851548,0.083656035,2MASS J19514768+4515181,11.57451405,6032.0,24949.97293,K04782.01,2 to 1,0.002005369,Not in HZ,0.033183112748381864,0.04191531101519375,0.07346094635817604,0.07748294963167278,1.8212101068018645,1.141429022953807,0.371604752373822,0.3340273336439662
2MASS J19514768+4515181 c,Aschwaden Prediction,6.4388661,0.069056536,2MASS J19514768+4515181,11.57451405,6032.0,24949.97293,K04782.01,3 to 2,0.002005369,Conservative HZ,0.033183112748381864,0.04191531101519375,0.07346094635817604,0.07748294963167278,1.8212101068018645,1.141429022953807,0.371604752373822,0.3340273336439662
2MASS J19514768+4515181 b,Aschwaden Prediction,7.154295667,0.074081502,2MASS J19514768+4515181,11.57451405,6032.0,24949.97293,K04782.01,5 to 3,0.002005369,Optimistic HZ,0.033183112748381864,0.04191531101519375,0.07346094635817604,0.07748294963167278,1.8212101068018645,1.141429022953807,0.371604752373822,0.3340273336439662
2MASS J19514768+4515181 c,Aschwaden Prediction,5.36572175,0.061152933,2MASS J19514768+4515181,11.57451405,6032.0,24949.97293,K04782.01,5 to 4,0.002005369,Conservative HZ,0.033183112748381864,0.04191531101519375,0.07346094635817604,0.07748294963167278,1.8212101068018645,1.141429022953807,0.371604752373822,0.3340273336439662
2MASS J19514768+4515181 b,Aschwaden Prediction,5.723436533,0.063841503,2MASS J19514768+4515181,11.57451405,6032.0,24949.97293,K04782.01,4 to 3,0.002005369,Conservative HZ,0.033183112748381864,0.04191531101519375,0.07346094635817604,0.07748294963167278,1.8212101068018645,1.141429022953807,0.371604752373822,0.3340273336439662
2MASS J19514768+4515181 c,Aschwaden Prediction,10.7314435,0.09707423,2MASS J19514768+4515181,11.57451405,6032.0,24949.97293,K04782.01,5 to 2,0.002005369,Not in HZ,0.033183112748381864,0.04191531101519375,0.07346094635817604,0.07748294963167278,1.8212101068018645,1.141429022953807,0.371604752373822,0.3340273336439662
2MASS J19514768+4515181 b,Aschwaden Prediction,12.8777322,0.109620417,2MASS J19514768+4515181,11.57451405,6032.0,24949.97293,K04782.01,3 to 1,0.002005369,Not in HZ,0.033183112748381864,0.04191531101519375,0.07346094635817604,0.07748294963167278,1.8212101068018645,1.141429022953807,0.371604752373822,0.3340273336439662
2MASS J19532486+4149122 b,Aschwaden Prediction,7.3586929,0.068258245,2MASS J19532486+4149122,11.57451405,5676.0,24949.97293,K02840.01,2 to 1,0.002005369,Conservative HZ,0.03390897568964677,0.04282743550790605,0.07573715317172282,0.07988384364338708,1.744074190163284,1.0933272122704238,0.34960396031945723,0.3142507994535236
2MASS J19532486+4149122 c,Aschwaden Prediction,5.519019675,0.05634594,2MASS J19532486+4149122,11.57451405,5676.0,24949.97293,K02840.01,3 to 2,0.002005369,Conservative HZ,0.03390897568964677,0.04282743550790605,0.07573715317172282,0.07988384364338708,1.744074190163284,1.0933272122704238,0.34960396031945723,0.3142507994535236
2MASS J19532486+4149122 b,Aschwaden Prediction,6.132244083,0.060446008,2MASS J19532486+4149122,11.57451405,5676.0,24949.97293,K02840.01,5 to 3,0.002005369,Conservative HZ,0.03390897568964677,0.04282743550790605,0.07573715317172282,0.07988384364338708,1.744074190163284,1.0933272122704238,0.34960396031945723,0.3142507994535236
2MASS J19532486+4149122 c,Aschwaden Prediction,4.599183063,0.04989708,2MASS J19532486+4149122,11.57451405,5676.0,24949.97293,K02840.01,5 to 4,0.002005369,Conservative HZ,0.03390897568964677,0.04282743550790605,0.07573715317172282,0.07988384364338708,1.744074190163284,1.0933272122704238,0.34960396031945723,0.3142507994535236
2MASS J19532486+4149122 b,Aschwaden Prediction,4.905795267,0.05209079,2MASS J19532486+4149122,11.57451405,5676.0,24949.97293,K02840.01,4 to 3,0.002005369,Conservative HZ,0.03390897568964677,0.04282743550790605,0.07573715317172282,0.07988384364338708,1.744074190163284,1.0933272122704238,0.34960396031945723,0.3142507994535236
2MASS J19532486+4149122 c,Aschwaden Prediction,9.198366125,0.079206677,2MASS J19532486+4149122,11.57451405,5676.0,24949.97293,K02840.01,5 to 2,0.002005369,Optimistic HZ,0.03390897568964677,0.04282743550790605,0.07573715317172282,0.07988384364338708,1.744074190163284,1.0933272122704238,0.34960396031945723,0.3142507994535236
2MASS J19532486+4149122 b,Aschwaden Prediction,11.03803935,0.089443604,2MASS J19532486+4149122,11.57451405,5676.0,24949.97293,K02840.01,3 to 1,0.002005369,Not in HZ,0.03390897568964677,0.04282743550790605,0.07573715317172282,0.07988384364338708,1.744074190163284,1.0933272122704238,0.34960396031945723,0.3142507994535236
2MASS J19534063+4504172 b,Aschwaden Prediction,4.54098176,0.043653529,2MASS J19534063+4504172,11.57451405,4671.0,24949.97293,K02421.01,2 to 1,0.002005369,Not in HZ,0.03569675848117252,0.04507246157132609,0.0827075548202768,0.08723449456968693,1.5737535955482038,0.9871240722985273,0.2931594742703972,0.26352255879626396
2MASS J19534063+4504172 c,Aschwaden Prediction,3.40573632,0.036035194,2MASS J19534063+4504172,11.57451405,4671.0,24949.97293,K02421.01,3 to 2,0.002005369,Not in HZ,0.03569675848117252,0.04507246157132609,0.0827075548202768,0.08723449456968693,1.5737535955482038,0.9871240722985273,0.2931594742703972,0.26352255879626396
2MASS J19534063+4504172 b,Aschwaden Prediction,3.784151467,0.03865733,2MASS J19534063+4504172,11.57451405,4671.0,24949.97293,K02421.01,5 to 3,0.002005369,Not in HZ,0.03569675848117252,0.04507246157132609,0.0827075548202768,0.08723449456968693,1.5737535955482038,0.9871240722985273,0.2931594742703972,0.26352255879626396
2MASS J19534063+4504172 c,Aschwaden Prediction,2.8381136,0.031910923,2MASS J19534063+4504172,11.57451405,4671.0,24949.97293,K02421.01,5 to 4,0.002005369,Not in HZ,0.03569675848117252,0.04507246157132609,0.0827075548202768,0.08723449456968693,1.5737535955482038,0.9871240722985273,0.2931594742703972,0.26352255879626396
2MASS J19534063+4504172 b,Aschwaden Prediction,3.027321173,0.033313878,2MASS J19534063+4504172,11.57451405,4671.0,24949.97293,K02421.01,4 to 3,0.002005369,Not in HZ,0.03569675848117252,0.04507246157132609,0.0827075548202768,0.08723449456968693,1.5737535955482038,0.9871240722985273,0.2931594742703972,0.26352255879626396
2MASS J19534063+4504172 c,Aschwaden Prediction,5.6762272,0.050655433,2MASS J19534063+4504172,11.57451405,4671.0,24949.97293,K02421.01,5 to 2,0.002005369,Conservative HZ,0.03569675848117252,0.04507246157132609,0.0827075548202768,0.08723449456968693,1.5737535955482038,0.9871240722985273,0.2931594742703972,0.26352255879626396
2MASS J19534063+4504172 b,Aschwaden Prediction,6.81147264,0.057202305,2MASS J19534063+4504172,11.57451405,4671.0,24949.97293,K02421.01,3 to 1,0.002005369,Conservative HZ,0.03569675848117252,0.04507246157132609,0.0827075548202768,0.08723449456968693,1.5737535955482038,0.9871240722985273,0.2931594742703972,0.26352255879626396
2MASS J19541844+4437178 b,Aschwaden Prediction,8.65699072,0.087783278,2MASS J19541844+4437178,11.57451405,6070.0,24949.97293,K03111.01,2 to 1,0.002005369,Not in HZ,0.033105788974087585,0.04181812662630742,0.07322963885380078,0.07723895790225782,1.82972748702743,1.1467404985918899,0.3739560057864251,0.336140998428909
2MASS J19541844+4437178 c,Aschwaden Prediction,6.49274304,0.0724635,2MASS J19541844+4437178,11.57451405,6070.0,24949.97293,K03111.01,3 to 2,0.002005369,Conservative HZ,0.033105788974087585,0.04181812662630742,0.07322963885380078,0.07723895790225782,1.82972748702743,1.1467404985918899,0.3739560057864251,0.336140998428909
2MASS J19541844+4437178 b,Aschwaden Prediction,7.214158933,0.077736377,2MASS J19541844+4437178,11.57451405,6070.0,24949.97293,K03111.01,5 to 3,0.002005369,Not in HZ,0.033105788974087585,0.04181812662630742,0.07322963885380078,0.07723895790225782,1.82972748702743,1.1467404985918899,0.3739560057864251,0.336140998428909
2MASS J19541844+4437178 c,Aschwaden Prediction,5.4106192,0.064169966,2MASS J19541844+4437178,11.57451405,6070.0,24949.97293,K03111.01,5 to 4,0.002005369,Conservative HZ,0.033105788974087585,0.04181812662630742,0.07322963885380078,0.07723895790225782,1.82972748702743,1.1467404985918899,0.3739560057864251,0.336140998428909
2MASS J19541844+4437178 b,Aschwaden Prediction,5.771327147,0.066991179,2MASS J19541844+4437178,11.57451405,6070.0,24949.97293,K03111.01,4 to 3,0.002005369,Conservative HZ,0.033105788974087585,0.04181812662630742,0.07322963885380078,0.07723895790225782,1.82972748702743,1.1467404985918899,0.3739560057864251,0.336140998428909
2MASS J19541844+4437178 c,Aschwaden Prediction,10.8212384,0.101863471,2MASS J19541844+4437178,11.57451405,6070.0,24949.97293,K03111.01,5 to 2,0.002005369,Not in HZ,0.033105788974087585,0.04181812662630742,0.07322963885380078,0.07723895790225782,1.82972748702743,1.1467404985918899,0.3739560057864251,0.336140998428909
2MASS J19541844+4437178 b,Aschwaden Prediction,12.98548608,0.115028635,2MASS J19541844+4437178,11.57451405,6070.0,24949.97293,K03111.01,3 to 1,0.002005369,Not in HZ,0.033105788974087585,0.04181812662630742,0.07322963885380078,0.07723895790225782,1.82972748702743,1.1467404985918899,0.3739560057864251,0.336140998428909
2MASS J19550200+4109355 b,Aschwaden Prediction,12.69456858,0.101752407,2MASS J19550200+4109355,11.57451405,5472.0,24949.97293,K03029.01,2 to 1,0.002005369,Not in HZ,0.03431570761368996,0.043338393476465155,0.07711277662762729,0.08133470729113706,1.7029754199160378,1.0676986178608205,0.33724196777616455,0.3031394658295437
2MASS J19550200+4109355 c,Aschwaden Prediction,9.520926435,0.083994762,2MASS J19550200+4109355,11.57451405,5472.0,24949.97293,K03029.01,3 to 2,0.002005369,Not in HZ,0.03431570761368996,0.043338393476465155,0.07711277662762729,0.08133470729113706,1.7029754199160378,1.0676986178608205,0.33724196777616455,0.3031394658295437
2MASS J19550200+4109355 b,Aschwaden Prediction,10.57880715,0.090106723,2MASS J19550200+4109355,11.57451405,5472.0,24949.97293,K03029.01,5 to 3,0.002005369,Not in HZ,0.03431570761368996,0.043338393476465155,0.07711277662762729,0.08133470729113706,1.7029754199160378,1.0676986178608205,0.33724196777616455,0.3031394658295437
2MASS J19550200+4109355 c,Aschwaden Prediction,7.934105363,0.074381461,2MASS J19550200+4109355,11.57451405,5472.0,24949.97293,K03029.01,5 to 4,0.002005369,Conservative HZ,0.03431570761368996,0.043338393476465155,0.07711277662762729,0.08133470729113706,1.7029754199160378,1.0676986178608205,0.33724196777616455,0.3031394658295437
2MASS J19550200+4109355 b,Aschwaden Prediction,8.46304572,0.07765162,2MASS J19550200+4109355,11.57451405,5472.0,24949.97293,K03029.01,4 to 3,0.002005369,Optimistic HZ,0.03431570761368996,0.043338393476465155,0.07711277662762729,0.08133470729113706,1.7029754199160378,1.0676986178608205,0.33724196777616455,0.3031394658295437
2MASS J19550200+4109355 c,Aschwaden Prediction,15.86821073,0.11807321,2MASS J19550200+4109355,11.57451405,5472.0,24949.97293,K03029.01,5 to 2,0.002005369,Not in HZ,0.03431570761368996,0.043338393476465155,0.07711277662762729,0.08133470729113706,1.7029754199160378,1.0676986178608205,0.33724196777616455,0.3031394658295437
2MASS J19550200+4109355 b,Aschwaden Prediction,19.04185287,0.133333373,2MASS J19550200+4109355,11.57451405,5472.0,24949.97293,K03029.01,3 to 1,0.002005369,Not in HZ,0.03431570761368996,0.043338393476465155,0.07711277662762729,0.08133470729113706,1.7029754199160378,1.0676986178608205,0.33724196777616455,0.3031394658295437
2MASS J20011977+4459100 b,Aschwaden Prediction,19.261906,0.143659795,2MASS J20011977+4459100,11.57451405,6432.0,24949.97293,K03741.02,2 to 1,0.002005369,Not in HZ,0.03238752711115292,0.04091521183540182,0.07116530506027627,0.0750612968502921,1.9117835396841423,1.1979113754548505,0.39596579027948614,0.3559280129336481
2MASS J20011977+4459100 c,Aschwaden Prediction,14.4464295,0.118588548,2MASS J20011977+4459100,11.57451405,6432.0,24949.97293,K03741.02,3 to 2,0.002005369,Not in HZ,0.03238752711115292,0.04091521183540182,0.07116530506027627,0.0750612968502921,1.9117835396841423,1.1979113754548505,0.39596579027948614,0.3559280129336481
2MASS J20011977+4459100 b,Aschwaden Prediction,16.05158833,0.12721776,2MASS J20011977+4459100,11.57451405,6432.0,24949.97293,K03741.02,5 to 3,0.002005369,Not in HZ,0.03238752711115292,0.04091521183540182,0.07116530506027627,0.0750612968502921,1.9117835396841423,1.1979113754548505,0.39596579027948614,0.3559280129336481
2MASS J20011977+4459100 c,Aschwaden Prediction,12.03869125,0.105015947,2MASS J20011977+4459100,11.57451405,6432.0,24949.97293,K03741.02,5 to 4,0.002005369,Not in HZ,0.03238752711115292,0.04091521183540182,0.07116530506027627,0.0750612968502921,1.9117835396841423,1.1979113754548505,0.39596579027948614,0.3559280129336481
2MASS J20011977+4459100 b,Aschwaden Prediction,12.84127067,0.109632942,2MASS J20011977+4459100,11.57451405,6432.0,24949.97293,K03741.02,4 to 3,0.002005369,Not in HZ,0.03238752711115292,0.04091521183540182,0.07116530506027627,0.0750612968502921,1.9117835396841423,1.1979113754548505,0.39596579027948614,0.3559280129336481
2MASS J20011977+4459100 c,Aschwaden Prediction,24.0773825,0.166702425,2MASS J20011977+4459100,11.57451405,6432.0,24949.97293,K03741.02,5 to 2,0.002005369,Not in HZ,0.03238752711115292,0.04091521183540182,0.07116530506027627,0.0750612968502921,1.9117835396841423,1.1979113754548505,0.39596579027948614,0.3559280129336481
2MASS J20011977+4459100 b,Aschwaden Prediction,28.892859,0.188247586,2MASS J20011977+4459100,11.57451405,6432.0,24949.97293,K03741.02,3 to 1,0.002005369,Not in HZ,0.03238752711115292,0.04091521183540182,0.07116530506027627,0.0750612968502921,1.9117835396841423,1.1979113754548505,0.39596579027948614,0.3559280129336481
2MASS J20033659+4436453 b,Aschwaden Prediction,38.4802828,0.203663555,2MASS J20033659+4436453,11.57451405,5243.0,24949.97293,K06182.01,2 to 1,0.002005369,Not in HZ,0.034752812822317874,0.04388738534001442,0.07869738525024868,0.083005876312181,1.6604063078495015,1.041153782953733,0.3237976489731042,0.2910560421172933
2MASS J20033659+4436453 c,Aschwaden Prediction,28.8602121,0.16812056,2MASS J20033659+4436453,11.57451405,5243.0,24949.97293,K06182.01,3 to 2,0.002005369,Not in HZ,0.034752812822317874,0.04388738534001442,0.07869738525024868,0.083005876312181,1.6604063078495015,1.041153782953733,0.3237976489731042,0.2910560421172933
2MASS J20033659+4436453 b,Aschwaden Prediction,32.06690233,0.180354018,2MASS J20033659+4436453,11.57451405,5243.0,24949.97293,K06182.01,5 to 3,0.002005369,Not in HZ,0.034752812822317874,0.04388738534001442,0.07869738525024868,0.083005876312181,1.6604063078495015,1.041153782953733,0.3237976489731042,0.2910560421172933
2MASS J20033659+4436453 c,Aschwaden Prediction,24.05017675,0.148878962,2MASS J20033659+4436453,11.57451405,5243.0,24949.97293,K06182.01,5 to 4,0.002005369,Not in HZ,0.034752812822317874,0.04388738534001442,0.07869738525024868,0.083005876312181,1.6604063078495015,1.041153782953733,0.3237976489731042,0.2910560421172933
2MASS J20033659+4436453 b,Aschwaden Prediction,25.65352187,0.155424381,2MASS J20033659+4436453,11.57451405,5243.0,24949.97293,K06182.01,4 to 3,0.002005369,Not in HZ,0.034752812822317874,0.04388738534001442,0.07869738525024868,0.083005876312181,1.6604063078495015,1.041153782953733,0.3237976489731042,0.2910560421172933
2MASS J20033659+4436453 c,Aschwaden Prediction,48.1003535,0.236330621,2MASS J20033659+4436453,11.57451405,5243.0,24949.97293,K06182.01,5 to 2,0.002005369,Not in HZ,0.034752812822317874,0.04388738534001442,0.07869738525024868,0.083005876312181,1.6604063078495015,1.041153782953733,0.3237976489731042,0.2910560421172933
2MASS J20033659+4436453 b,Aschwaden Prediction,57.7204242,0.266874754,2MASS J20033659+4436453,11.57451405,5243.0,24949.97293,K06182.01,3 to 1,0.002005369,Not in HZ,0.034752812822317874,0.04388738534001442,0.07869738525024868,0.083005876312181,1.6604063078495015,1.041153782953733,0.3237976489731042,0.2910560421172933
2MASS J20061507+4414254 b,Aschwaden Prediction,9.345081,0.087148318,2MASS J20061507+4414254,11.57451405,6146.0,24949.97293,K04567.01,2 to 1,0.002005369,Not in HZ,0.03295185867050756,0.04162464878363102,0.07277477205762557,0.076759139816841,1.846862080687108,1.1574257307706455,0.37864531657555256,0.34035653883929695
2MASS J20061507+4414254 c,Aschwaden Prediction,7.00881075,0.071939351,2MASS J20061507+4414254,11.57451405,6146.0,24949.97293,K04567.01,3 to 2,0.002005369,Conservative HZ,0.03295185867050756,0.04162464878363102,0.07277477205762557,0.076759139816841,1.846862080687108,1.1574257307706455,0.37864531657555256,0.34035653883929695
2MASS J20061507+4414254 b,Aschwaden Prediction,7.7875675,0.077174089,2MASS J20061507+4414254,11.57451405,6146.0,24949.97293,K04567.01,5 to 3,0.002005369,Not in HZ,0.03295185867050756,0.04162464878363102,0.07277477205762557,0.076759139816841,1.846862080687108,1.1574257307706455,0.37864531657555256,0.34035653883929695
2MASS J20061507+4414254 c,Aschwaden Prediction,5.840675625,0.063705807,2MASS J20061507+4414254,11.57451405,6146.0,24949.97293,K04567.01,5 to 4,0.002005369,Conservative HZ,0.03295185867050756,0.04162464878363102,0.07277477205762557,0.076759139816841,1.846862080687108,1.1574257307706455,0.37864531657555256,0.34035653883929695
2MASS J20061507+4414254 b,Aschwaden Prediction,6.230054,0.066506614,2MASS J20061507+4414254,11.57451405,6146.0,24949.97293,K04567.01,4 to 3,0.002005369,Conservative HZ,0.03295185867050756,0.04162464878363102,0.07277477205762557,0.076759139816841,1.846862080687108,1.1574257307706455,0.37864531657555256,0.34035653883929695
2MASS J20061507+4414254 c,Aschwaden Prediction,11.68135125,0.101126665,2MASS J20061507+4414254,11.57451405,6146.0,24949.97293,K04567.01,5 to 2,0.002005369,Not in HZ,0.03295185867050756,0.04162464878363102,0.07277477205762557,0.076759139816841,1.846862080687108,1.1574257307706455,0.37864531657555256,0.34035653883929695
2MASS J20061507+4414254 b,Aschwaden Prediction,14.0176215,0.114196602,2MASS J20061507+4414254,11.57451405,6146.0,24949.97293,K04567.01,3 to 1,0.002005369,Not in HZ,0.03295185867050756,0.04162464878363102,0.07277477205762557,0.076759139816841,1.846862080687108,1.1574257307706455,0.37864531657555256,0.34035653883929695
Barnard's star b,Aschwaden Prediction,4.6814,0.02984314,Barnard's star,9.5,3195.0,1.82823,Barnard's star c,2 to 1,0.013551894,Not in HZ,0.09585584276773378,0.12100457807442011,0.23856585101144265,0.25160303500719056,1.4749008173409142,0.9255425570348432,0.2381131831167766,0.21407612990089186
Barnard's star c,Aschwaden Prediction,3.51105,0.024634969,Barnard's star,9.5,3195.0,1.82823,Barnard's star c,3 to 2,0.013551894,Not in HZ,0.09585584276773378,0.12100457807442011,0.23856585101144265,0.25160303500719056,1.4749008173409142,0.9255425570348432,0.2381131831167766,0.21407612990089186
Barnard's star b,Aschwaden Prediction,3.901166667,0.026427557,Barnard's star,9.5,3195.0,1.82823,Barnard's star c,5 to 3,0.013551894,Not in HZ,0.09585584276773378,0.12100457807442011,0.23856585101144265,0.25160303500719056,1.4749008173409142,0.9255425570348432,0.2381131831167766,0.21407612990089186
Barnard's star c,Aschwaden Prediction,2.925875,0.021815468,Barnard's star,9.5,3195.0,1.82823,Barnard's star c,5 to 4,0.013551894,Not in HZ,0.09585584276773378,0.12100457807442011,0.23856585101144265,0.25160303500719056,1.4749008173409142,0.9255425570348432,0.2381131831167766,0.21407612990089186
Barnard's star b,Aschwaden Prediction,3.120933333,0.022774578,Barnard's star,9.5,3195.0,1.82823,Barnard's star c,4 to 3,0.013551894,Not in HZ,0.09585584276773378,0.12100457807442011,0.23856585101144265,0.25160303500719056,1.4749008173409142,0.9255425570348432,0.2381131831167766,0.21407612990089186
Barnard's star c,Aschwaden Prediction,5.85175,0.034629896,Barnard's star,9.5,3195.0,1.82823,Barnard's star c,5 to 2,0.013551894,Not in HZ,0.09585584276773378,0.12100457807442011,0.23856585101144265,0.25160303500719056,1.4749008173409142,0.9255425570348432,0.2381131831167766,0.21407612990089186
Barnard's star b,Aschwaden Prediction,7.0221,0.039105576,Barnard's star,9.5,3195.0,1.82823,Barnard's star c,3 to 1,0.013551894,Not in HZ,0.09585584276773378,0.12100457807442011,0.23856585101144265,0.25160303500719056,1.4749008173409142,0.9255425570348432,0.2381131831167766,0.21407612990089186
Barnard's star c,Aschwaden Prediction,8.2486,0.043494789,Barnard's star,9.5,3195.0,1.82823,Barnard's Star c,2 to 1,0.013551894,Not in HZ,0.09585584276773378,0.12100457807442011,0.23856585101144265,0.25160303500719056,1.4749008173409142,0.9255425570348432,0.2381131831167766,0.21407612990089186
Barnard's star b,Aschwaden Prediction,6.18645,0.035904157,Barnard's star,9.5,3195.0,1.82823,Barnard's Star c,3 to 2,0.013551894,Not in HZ,0.09585584276773378,0.12100457807442011,0.23856585101144265,0.25160303500719056,1.4749008173409142,0.9255425570348432,0.2381131831167766,0.21407612990089186
Barnard's star c,Aschwaden Prediction,6.873833333,0.038516758,Barnard's star,9.5,3195.0,1.82823,Barnard's Star c,5 to 3,0.013551894,Not in HZ,0.09585584276773378,0.12100457807442011,0.23856585101144265,0.25160303500719056,1.4749008173409142,0.9255425570348432,0.2381131831167766,0.21407612990089186
Barnard's star b,Aschwaden Prediction,5.155375,0.031794884,Barnard's star,9.5,3195.0,1.82823,Barnard's Star c,5 to 4,0.013551894,Not in HZ,0.09585584276773378,0.12100457807442011,0.23856585101144265,0.25160303500719056,1.4749008173409142,0.9255425570348432,0.2381131831167766,0.21407612990089186
Barnard's star c,Aschwaden Prediction,5.499066667,0.033192736,Barnard's star,9.5,3195.0,1.82823,Barnard's Star c,4 to 3,0.013551894,Not in HZ,0.09585584276773378,0.12100457807442011,0.23856585101144265,0.25160303500719056,1.4749008173409142,0.9255425570348432,0.2381131831167766,0.21407612990089186
Barnard's star b,Aschwaden Prediction,10.31075,0.050471232,Barnard's star,9.5,3195.0,1.82823,Barnard's Star c,5 to 2,0.013551894,Not in HZ,0.09585584276773378,0.12100457807442011,0.23856585101144265,0.25160303500719056,1.4749008173409142,0.9255425570348432,0.2381131831167766,0.21407612990089186
Barnard's star c,Aschwaden Prediction,12.3729,0.056994297,Barnard's star,9.5,3195.0,1.82823,Barnard's Star c,3 to 1,0.013551894,Not in HZ,0.09585584276773378,0.12100457807442011,0.23856585101144265,0.25160303500719056,1.4749008173409142,0.9255425570348432,0.2381131831167766,0.21407612990089186
Barnard's star b,Aschwaden Prediction,13.4754,0.06047998,Barnard's star,9.5,3195.0,1.82823,Barnard's star d,2 to 1,0.013551894,Not in HZ,0.09585584276773378,0.12100457807442011,0.23856585101144265,0.25160303500719056,1.4749008173409142,0.9255425570348432,0.2381131831167766,0.21407612990089186
Barnard's star c,Aschwaden Prediction,10.10655,0.049925124,Barnard's star,9.5,3195.0,1.82823,Barnard's star d,3 to 2,0.013551894,Not in HZ,0.09585584276773378,0.12100457807442011,0.23856585101144265,0.25160303500719056,1.4749008173409142,0.9255425570348432,0.2381131831167766,0.21407612990089186
Barnard's star b,Aschwaden Prediction,11.2295,0.053557974,Barnard's star,9.5,3195.0,1.82823,Barnard's star d,5 to 3,0.013551894,Not in HZ,0.09585584276773378,0.12100457807442011,0.23856585101144265,0.25160303500719056,1.4749008173409142,0.9255425570348432,0.2381131831167766,0.21407612990089186
Barnard's star c,Aschwaden Prediction,8.422125,0.044211134,Barnard's star,9.5,3195.0,1.82823,Barnard's star d,5 to 4,0.013551894,Not in HZ,0.09585584276773378,0.12100457807442011,0.23856585101144265,0.25160303500719056,1.4749008173409142,0.9255425570348432,0.2381131831167766,0.21407612990089186
Barnard's star b,Aschwaden Prediction,8.9836,0.046154863,Barnard's star,9.5,3195.0,1.82823,Barnard's star d,4 to 3,0.013551894,Not in HZ,0.09585584276773378,0.12100457807442011,0.23856585101144265,0.25160303500719056,1.4749008173409142,0.9255425570348432,0.2381131831167766,0.21407612990089186
Barnard's star c,Aschwaden Prediction,16.84425,0.0701808,Barnard's star,9.5,3195.0,1.82823,Barnard's star d,5 to 2,0.013551894,Not in HZ,0.09585584276773378,0.12100457807442011,0.23856585101144265,0.25160303500719056,1.4749008173409142,0.9255425570348432,0.2381131831167766,0.21407612990089186
Barnard's star b,Aschwaden Prediction,20.2131,0.079251194,Barnard's star,9.5,3195.0,1.82823,Barnard's star d,3 to 1,0.013551894,Not in HZ,0.09585584276773378,0.12100457807442011,0.23856585101144265,0.25160303500719056,1.4749008173409142,0.9255425570348432,0.2381131831167766,0.21407612990089186
EPIC 211939692 b,Aschwaden Prediction,53.7098,69.65101595,EPIC 211939692,12.0,6417.0,24949.97293,EPIC 211939692.01,2 to 1,0.001355189,Not in HZ,0.02664811754724976,0.03366446459177012,0.05856787799244032,0.061774229136676566,1.9083885273812649,1.1957942049037682,0.3950762197327473,0.355128231412468
EPIC 211939692 c,Aschwaden Prediction,40.28235,57.49564687,EPIC 211939692,12.0,6417.0,24949.97293,EPIC 211939692.01,3 to 2,0.001355189,Not in HZ,0.02664811754724976,0.03366446459177012,0.05856787799244032,0.061774229136676566,1.9083885273812649,1.1957942049037682,0.3950762197327473,0.355128231412468
EPIC 211939692 b,Aschwaden Prediction,44.75816667,61.67937412,EPIC 211939692,12.0,6417.0,24949.97293,EPIC 211939692.01,5 to 3,0.001355189,Not in HZ,0.02664811754724976,0.03366446459177012,0.05856787799244032,0.061774229136676566,1.9083885273812649,1.1957942049037682,0.3950762197327473,0.355128231412468
EPIC 211939692 c,Aschwaden Prediction,33.568625,50.91520153,EPIC 211939692,12.0,6417.0,24949.97293,EPIC 211939692.01,5 to 4,0.001355189,Not in HZ,0.02664811754724976,0.03366446459177012,0.05856787799244032,0.061774229136676566,1.9083885273812649,1.1957942049037682,0.3950762197327473,0.355128231412468
EPIC 211939692 b,Aschwaden Prediction,35.80653333,53.15367331,EPIC 211939692,12.0,6417.0,24949.97293,EPIC 211939692.01,4 to 3,0.001355189,Not in HZ,0.02664811754724976,0.03366446459177012,0.05856787799244032,0.061774229136676566,1.9083885273812649,1.1957942049037682,0.3950762197327473,0.355128231412468
EPIC 211939692 c,Aschwaden Prediction,67.13725,80.82284447,EPIC 211939692,12.0,6417.0,24949.97293,EPIC 211939692.01,5 to 2,0.001355189,Not in HZ,0.02664811754724976,0.03366446459177012,0.05856787799244032,0.061774229136676566,1.9083885273812649,1.1957942049037682,0.3950762197327473,0.355128231412468
EPIC 211939692 b,Aschwaden Prediction,80.5647,91.26865032,EPIC 211939692,12.0,6417.0,24949.97293,EPIC 211939692.01,3 to 1,0.001355189,Not in HZ,0.02664811754724976,0.03366446459177012,0.05856787799244032,0.061774229136676566,1.9083885273812649,1.1957942049037682,0.3950762197327473,0.355128231412468
EPIC 211939692 c,Aschwaden Prediction,79.106,69.65101595,EPIC 211939692,12.0,6417.0,24949.97293,EPIC 211939692.02,2 to 1,0.001355189,Not in HZ,0.02664811754724976,0.03366446459177012,0.05856787799244032,0.061774229136676566,1.9083885273812649,1.1957942049037682,0.3950762197327473,0.355128231412468
EPIC 211939692 b,Aschwaden Prediction,59.3295,57.49564687,EPIC 211939692,12.0,6417.0,24949.97293,EPIC 211939692.02,3 to 2,0.001355189,Not in HZ,0.02664811754724976,0.03366446459177012,0.05856787799244032,0.061774229136676566,1.9083885273812649,1.1957942049037682,0.3950762197327473,0.355128231412468
EPIC 211939692 c,Aschwaden Prediction,65.92166667,61.67937412,EPIC 211939692,12.0,6417.0,24949.97293,EPIC 211939692.02,5 to 3,0.001355189,Not in HZ,0.02664811754724976,0.03366446459177012,0.05856787799244032,0.061774229136676566,1.9083885273812649,1.1957942049037682,0.3950762197327473,0.355128231412468
EPIC 211939692 b,Aschwaden Prediction,49.44125,50.91520153,EPIC 211939692,12.0,6417.0,24949.97293,EPIC 211939692.02,5 to 4,0.001355189,Not in HZ,0.02664811754724976,0.03366446459177012,0.05856787799244032,0.061774229136676566,1.9083885273812649,1.1957942049037682,0.3950762197327473,0.355128231412468
EPIC 211939692 c,Aschwaden Prediction,52.73733333,53.15367331,EPIC 211939692,12.0,6417.0,24949.97293,EPIC 211939692.02,4 to 3,0.001355189,Not in HZ,0.02664811754724976,0.03366446459177012,0.05856787799244032,0.061774229136676566,1.9083885273812649,1.1957942049037682,0.3950762197327473,0.355128231412468
EPIC 211939692 b,Aschwaden Prediction,98.8825,80.82284447,EPIC 211939692,12.0,6417.0,24949.97293,EPIC 211939692.02,5 to 2,0.001355189,Not in HZ,0.02664811754724976,0.03366446459177012,0.05856787799244032,0.061774229136676566,1.9083885273812649,1.1957942049037682,0.3950762197327473,0.355128231412468
EPIC 211939692 c,Aschwaden Prediction,118.659,91.26865032,EPIC 211939692,12.0,6417.0,24949.97293,EPIC 211939692.02,3 to 1,0.001355189,Not in HZ,0.02664811754724976,0.03366446459177012,0.05856787799244032,0.061774229136676566,1.9083885273812649,1.1957942049037682,0.3950762197327473,0.355128231412468
EPIC 211939692 b,Aschwaden Prediction,460.0,69.65101595,EPIC 211939692,12.0,6417.0,24949.97293,EPIC 211939692.03,2 to 1,0.001355189,Not in HZ,0.02664811754724976,0.03366446459177012,0.05856787799244032,0.061774229136676566,1.9083885273812649,1.1957942049037682,0.3950762197327473,0.355128231412468
EPIC 211939692 c,Aschwaden Prediction,345.0,57.49564687,EPIC 211939692,12.0,6417.0,24949.97293,EPIC 211939692.03,3 to 2,0.001355189,Not in HZ,0.02664811754724976,0.03366446459177012,0.05856787799244032,0.061774229136676566,1.9083885273812649,1.1957942049037682,0.3950762197327473,0.355128231412468
EPIC 211939692 b,Aschwaden Prediction,383.3333333,61.67937412,EPIC 211939692,12.0,6417.0,24949.97293,EPIC 211939692.03,5 to 3,0.001355189,Not in HZ,0.02664811754724976,0.03366446459177012,0.05856787799244032,0.061774229136676566,1.9083885273812649,1.1957942049037682,0.3950762197327473,0.355128231412468
EPIC 211939692 c,Aschwaden Prediction,287.5,50.91520153,EPIC 211939692,12.0,6417.0,24949.97293,EPIC 211939692.03,5 to 4,0.001355189,Not in HZ,0.02664811754724976,0.03366446459177012,0.05856787799244032,0.061774229136676566,1.9083885273812649,1.1957942049037682,0.3950762197327473,0.355128231412468
EPIC 211939692 b,Aschwaden Prediction,306.6666667,53.15367331,EPIC 211939692,12.0,6417.0,24949.97293,EPIC 211939692.03,4 to 3,0.001355189,Not in HZ,0.02664811754724976,0.03366446459177012,0.05856787799244032,0.061774229136676566,1.9083885273812649,1.1957942049037682,0.3950762197327473,0.355128231412468
EPIC 211939692 c,Aschwaden Prediction,575.0,80.82284447,EPIC 211939692,12.0,6417.0,24949.97293,EPIC 211939692.03,5 to 2,0.001355189,Not in HZ,0.02664811754724976,0.03366446459177012,0.05856787799244032,0.061774229136676566,1.9083885273812649,1.1957942049037682,0.3950762197327473,0.355128231412468
EPIC 211939692 b,Aschwaden Prediction,690.0,91.26865032,EPIC 211939692,12.0,6417.0,24949.97293,EPIC 211939692.03,3 to 1,0.001355189,Not in HZ,0.02664811754724976,0.03366446459177012,0.05856787799244032,0.061774229136676566,1.9083885273812649,1.1957942049037682,0.3950762197327473,0.355128231412468
GJ 620 d,Aschwaden Prediction,15.304,0.100006266,GJ 620,10.0,5988.457018,16.54,GJ 620 b,2 to 1,0.008550667,Conservative HZ,0.06870379931898768,0.08678216803428586,0.15224442499609525,0.16057988278213564,1.811500611831698,1.1353741500670544,0.3689072555916748,0.3316024421512944
GJ 620 b,Aschwaden Prediction,11.478,0.082553354,GJ 620,10.0,5988.457018,16.54,GJ 620 b,3 to 2,0.008550667,Not in HZ,0.06870379931898768,0.08678216803428586,0.15224442499609525,0.16057988278213564,1.811500611831698,1.1353741500670544,0.3689072555916748,0.3316024421512944
GJ 620 c,Aschwaden Prediction,12.75333333,0.08856043,GJ 620,10.0,5988.457018,16.54,GJ 620 b,5 to 3,0.008550667,Conservative HZ,0.06870379931898768,0.08678216803428586,0.15224442499609525,0.16057988278213564,1.811500611831698,1.1353741500670544,0.3689072555916748,0.3316024421512944
GJ 620 b,Aschwaden Prediction,9.565,0.073105024,GJ 620,10.0,5988.457018,16.54,GJ 620 b,5 to 4,0.008550667,Not in HZ,0.06870379931898768,0.08678216803428586,0.15224442499609525,0.16057988278213564,1.811500611831698,1.1353741500670544,0.3689072555916748,0.3316024421512944
GJ 620 c,Aschwaden Prediction,10.20266667,0.076319065,GJ 620,10.0,5988.457018,16.54,GJ 620 b,4 to 3,0.008550667,Not in HZ,0.06870379931898768,0.08678216803428586,0.15224442499609525,0.16057988278213564,1.811500611831698,1.1353741500670544,0.3689072555916748,0.3316024421512944
GJ 620 b,Aschwaden Prediction,19.13,0.116046992,GJ 620,10.0,5988.457018,16.54,GJ 620 b,5 to 2,0.008550667,Conservative HZ,0.06870379931898768,0.08678216803428586,0.15224442499609525,0.16057988278213564,1.811500611831698,1.1353741500670544,0.3689072555916748,0.3316024421512944
GJ 620 c,Aschwaden Prediction,22.956,0.131045281,GJ 620,10.0,5988.457018,16.54,GJ 620 b,3 to 1,0.008550667,Conservative HZ,0.06870379931898768,0.08678216803428586,0.15224442499609525,0.16057988278213564,1.811500611831698,1.1353741500670544,0.3689072555916748,0.3316024421512944
GJ 667 C b,Aschwaden Prediction,33.892,0.141754914,GJ 667 C,10.22,3600.0,6.84,GJ 667 Cd,2 to 1,0.006982324,Conservative HZ,0.06848326539762592,0.08645427218330641,0.1671073294897777,0.1762446632739761,1.4887818903012806,0.9341725020334398,0.2500397175748,0.22478537245166405
GJ 667 C c,Aschwaden Prediction,25.419,0.117016103,GJ 667 C,10.22,3600.0,6.84,GJ 667 Cd,3 to 2,0.006982324,Conservative HZ,0.06848326539762592,0.08645427218330641,0.1671073294897777,0.1762446632739761,1.4887818903012806,0.9341725020334398,0.2500397175748,0.22478537245166405
GJ 667 C b,Aschwaden Prediction,28.24333333,0.125530895,GJ 667 C,10.22,3600.0,6.84,GJ 667 Cd,5 to 3,0.006982324,Conservative HZ,0.06848326539762592,0.08645427218330641,0.1671073294897777,0.1762446632739761,1.4887818903012806,0.9341725020334398,0.2500397175748,0.22478537245166405
GJ 667 C c,Aschwaden Prediction,21.1825,0.103623471,GJ 667 C,10.22,3600.0,6.84,GJ 667 Cd,5 to 4,0.006982324,Conservative HZ,0.06848326539762592,0.08645427218330641,0.1671073294897777,0.1762446632739761,1.4887818903012806,0.9341725020334398,0.2500397175748,0.22478537245166405
GJ 667 C b,Aschwaden Prediction,22.59466667,0.108179246,GJ 667 C,10.22,3600.0,6.84,GJ 667 Cd,4 to 3,0.006982324,Conservative HZ,0.06848326539762592,0.08645427218330641,0.1671073294897777,0.1762446632739761,1.4887818903012806,0.9341725020334398,0.2500397175748,0.22478537245166405
GJ 667 C c,Aschwaden Prediction,42.365,0.164492006,GJ 667 C,10.22,3600.0,6.84,GJ 667 Cd,5 to 2,0.006982324,Conservative HZ,0.06848326539762592,0.08645427218330641,0.1671073294897777,0.1762446632739761,1.4887818903012806,0.9341725020334398,0.2500397175748,0.22478537245166405
GJ 667 C b,Aschwaden Prediction,50.838,0.185751485,GJ 667 C,10.22,3600.0,6.84,GJ 667 Cd,3 to 1,0.006982324,Not in HZ,0.06848326539762592,0.08645427218330641,0.1671073294897777,0.1762446632739761,1.4887818903012806,0.9341725020334398,0.2500397175748,0.22478537245166405
GJ 739 e,Aschwaden Prediction,90.646,0.333354221,GJ 739,11.0,5988.457018,14.15,GJ 739 b,2 to 1,0.003404082,Not in HZ,0.043349167756376136,0.05475584753200969,0.09605974028433106,0.10131905871322315,1.8115006118316985,1.1353741500670544,0.36890725559167475,0.3316024421512945
GJ 739 b,Aschwaden Prediction,67.9845,0.275177846,GJ 739,11.0,5988.457018,14.15,GJ 739 b,3 to 2,0.003404082,Not in HZ,0.043349167756376136,0.05475584753200969,0.09605974028433106,0.10131905871322315,1.8115006118316985,1.1353741500670544,0.36890725559167475,0.3316024421512945
GJ 739 c,Aschwaden Prediction,75.53833333,0.295201433,GJ 739,11.0,5988.457018,14.15,GJ 739 b,5 to 3,0.003404082,Not in HZ,0.043349167756376136,0.05475584753200969,0.09605974028433106,0.10131905871322315,1.8115006118316985,1.1353741500670544,0.36890725559167475,0.3316024421512945
GJ 739 b,Aschwaden Prediction,56.65375,0.243683414,GJ 739,11.0,5988.457018,14.15,GJ 739 b,5 to 4,0.003404082,Not in HZ,0.043349167756376136,0.05475584753200969,0.09605974028433106,0.10131905871322315,1.8115006118316985,1.1353741500670544,0.36890725559167475,0.3316024421512945
GJ 739 c,Aschwaden Prediction,60.43066667,0.254396883,GJ 739,11.0,5988.457018,14.15,GJ 739 b,4 to 3,0.003404082,Not in HZ,0.043349167756376136,0.05475584753200969,0.09605974028433106,0.10131905871322315,1.8115006118316985,1.1353741500670544,0.36890725559167475,0.3316024421512945
GJ 739 b,Aschwaden Prediction,113.3075,0.386823307,GJ 739,11.0,5988.457018,14.15,GJ 739 b,5 to 2,0.003404082,Not in HZ,0.043349167756376136,0.05475584753200969,0.09605974028433106,0.10131905871322315,1.8115006118316985,1.1353741500670544,0.36890725559167475,0.3316024421512945
GJ 739 c,Aschwaden Prediction,135.969,0.436817603,GJ 739,11.0,5988.457018,14.15,GJ 739 b,3 to 1,0.003404082,Not in HZ,0.043349167756376136,0.05475584753200969,0.09605974028433106,0.10131905871322315,1.8115006118316985,1.1353741500670544,0.36890725559167475,0.3316024421512945
GJ 739 b,Aschwaden Prediction,277.46,1.090544523,GJ 739,11.0,5988.457018,14.15,GJ 739 c,2 to 1,0.003404082,Not in HZ,0.043349167756376136,0.05475584753200969,0.09605974028433106,0.10131905871322315,1.8115006118316985,1.1353741500670544,0.36890725559167475,0.3316024421512945
GJ 739 c,Aschwaden Prediction,208.095,0.900224669,GJ 739,11.0,5988.457018,14.15,GJ 739 c,3 to 2,0.003404082,Not in HZ,0.043349167756376136,0.05475584753200969,0.09605974028433106,0.10131905871322315,1.8115006118316985,1.1353741500670544,0.36890725559167475,0.3316024421512945
GJ 739 b,Aschwaden Prediction,231.2166667,0.965730402,GJ 739,11.0,5988.457018,14.15,GJ 739 c,5 to 3,0.003404082,Not in HZ,0.043349167756376136,0.05475584753200969,0.09605974028433106,0.10131905871322315,1.8115006118316985,1.1353741500670544,0.36890725559167475,0.3316024421512945
GJ 739 c,Aschwaden Prediction,173.4125,0.797192882,GJ 739,11.0,5988.457018,14.15,GJ 739 c,5 to 4,0.003404082,Not in HZ,0.043349167756376136,0.05475584753200969,0.09605974028433106,0.10131905871322315,1.8115006118316985,1.1353741500670544,0.36890725559167475,0.3316024421512945
GJ 739 b,Aschwaden Prediction,184.9733333,0.832241232,GJ 739,11.0,5988.457018,14.15,GJ 739 c,4 to 3,0.003404082,Not in HZ,0.043349167756376136,0.05475584753200969,0.09605974028433106,0.10131905871322315,1.8115006118316985,1.1353741500670544,0.36890725559167475,0.3316024421512945
GJ 739 c,Aschwaden Prediction,346.825,1.26546482,GJ 739,11.0,5988.457018,14.15,GJ 739 c,5 to 2,0.003404082,Not in HZ,0.043349167756376136,0.05475584753200969,0.09605974028433106,0.10131905871322315,1.8115006118316985,1.1353741500670544,0.36890725559167475,0.3316024421512945
GJ 739 b,Aschwaden Prediction,416.19,1.429017586,GJ 739,11.0,5988.457018,14.15,GJ 739 c,3 to 1,0.003404082,Not in HZ,0.043349167756376136,0.05475584753200969,0.09605974028433106,0.10131905871322315,1.8115006118316985,1.1353741500670544,0.36890725559167475,0.3316024421512945
HD 10180 c,Aschwaden Prediction,2.35536,0.035319673,HD 10180,7.33,5911.0,39.4,HD 10180 b,2 to 1,0.1,Not in HZ,0.23607072440832347,0.29818201172277153,0.5240663756916891,0.5527594638624235,1.7943854314916245,1.1247010979806245,0.36410564135027607,0.3272861490985556
HD 10180 b,Aschwaden Prediction,1.76652,0.029155748,HD 10180,7.33,5911.0,39.4,HD 10180 b,3 to 2,0.1,Not in HZ,0.23607072440832347,0.29818201172277153,0.5240663756916891,0.5527594638624235,1.7943854314916245,1.1247010979806245,0.36410564135027607,0.3272861490985556
HD 10180 c,Aschwaden Prediction,1.9628,0.031277295,HD 10180,7.33,5911.0,39.4,HD 10180 b,5 to 3,0.1,Not in HZ,0.23607072440832347,0.29818201172277153,0.5240663756916891,0.5527594638624235,1.7943854314916245,1.1247010979806245,0.36410564135027607,0.3272861490985556
HD 10180 b,Aschwaden Prediction,1.4721,0.025818838,HD 10180,7.33,5911.0,39.4,HD 10180 b,5 to 4,0.1,Not in HZ,0.23607072440832347,0.29818201172277153,0.5240663756916891,0.5527594638624235,1.7943854314916245,1.1247010979806245,0.36410564135027607,0.3272861490985556
HD 10180 c,Aschwaden Prediction,1.57024,0.026953955,HD 10180,7.33,5911.0,39.4,HD 10180 b,4 to 3,0.1,Not in HZ,0.23607072440832347,0.29818201172277153,0.5240663756916891,0.5527594638624235,1.7943854314916245,1.1247010979806245,0.36410564135027607,0.3272861490985556
HD 10180 b,Aschwaden Prediction,2.9442,0.04098485,HD 10180,7.33,5911.0,39.4,HD 10180 b,5 to 2,0.1,Not in HZ,0.23607072440832347,0.29818201172277153,0.5240663756916891,0.5527594638624235,1.7943854314916245,1.1247010979806245,0.36410564135027607,0.3272861490985556
HD 10180 c,Aschwaden Prediction,3.53304,0.046281865,HD 10180,7.33,5911.0,39.4,HD 10180 b,3 to 1,0.1,Not in HZ,0.23607072440832347,0.29818201172277153,0.5240663756916891,0.5527594638624235,1.7943854314916245,1.1247010979806245,0.36410564135027607,0.3272861490985556
HD 10180 b,Aschwaden Prediction,19.31,0.143501055,HD 10180,7.33,5911.0,39.4,HD 10180 i,2 to 1,0.1,Not in HZ,0.23607072440832347,0.29818201172277153,0.5240663756916891,0.5527594638624235,1.7943854314916245,1.1247010979806245,0.36410564135027607,0.3272861490985556
HD 10180 c,Aschwaden Prediction,14.4825,0.118457511,HD 10180,7.33,5911.0,39.4,HD 10180 i,3 to 2,0.1,Not in HZ,0.23607072440832347,0.29818201172277153,0.5240663756916891,0.5527594638624235,1.7943854314916245,1.1247010979806245,0.36410564135027607,0.3272861490985556
HD 10180 b,Aschwaden Prediction,16.09166667,0.127077188,HD 10180,7.33,5911.0,39.4,HD 10180 i,5 to 3,0.1,Not in HZ,0.23607072440832347,0.29818201172277153,0.5240663756916891,0.5527594638624235,1.7943854314916245,1.1247010979806245,0.36410564135027607,0.3272861490985556
HD 10180 c,Aschwaden Prediction,12.06875,0.104899908,HD 10180,7.33,5911.0,39.4,HD 10180 i,5 to 4,0.1,Not in HZ,0.23607072440832347,0.29818201172277153,0.5240663756916891,0.5527594638624235,1.7943854314916245,1.1247010979806245,0.36410564135027607,0.3272861490985556
HD 10180 b,Aschwaden Prediction,12.87333333,0.109511801,HD 10180,7.33,5911.0,39.4,HD 10180 i,4 to 3,0.1,Not in HZ,0.23607072440832347,0.29818201172277153,0.5240663756916891,0.5527594638624235,1.7943854314916245,1.1247010979806245,0.36410564135027607,0.3272861490985556
HD 10180 c,Aschwaden Prediction,24.1375,0.166518224,HD 10180,7.33,5911.0,39.4,HD 10180 i,5 to 2,0.1,Not in HZ,0.23607072440832347,0.29818201172277153,0.5240663756916891,0.5527594638624235,1.7943854314916245,1.1247010979806245,0.36410564135027607,0.3272861490985556
HD 10180 b,Aschwaden Prediction,28.965,0.188039578,HD 10180,7.33,5911.0,39.4,HD 10180 i,3 to 1,0.1,Not in HZ,0.23607072440832347,0.29818201172277153,0.5240663756916891,0.5527594638624235,1.7943854314916245,1.1247010979806245,0.36410564135027607,0.3272861490985556
HD 30177 A b,Aschwaden Prediction,40.855876,0.236998977,HD 30177 A,8.41,5580.0,54.7,HD 30177 Ad,2 to 1,0.036982818,Conservative HZ,0.14644739377813765,0.18495923906835063,0.32800350724622535,0.3459619440928017,1.7243948048,1.0810553744,0.343750252,0.30898923024
HD 30177 A c,Aschwaden Prediction,30.641907,0.195638345,HD 30177 A,8.41,5580.0,54.7,HD 30177 Ad,3 to 2,0.036982818,Conservative HZ,0.14644739377813765,0.18495923906835063,0.32800350724622535,0.3459619440928017,1.7243948048,1.0810553744,0.343750252,0.30898923024
HD 30177 A b,Aschwaden Prediction,34.04656333,0.209874162,HD 30177 A,8.41,5580.0,54.7,HD 30177 Ad,5 to 3,0.036982818,Conservative HZ,0.14644739377813765,0.18495923906835063,0.32800350724622535,0.3459619440928017,1.7243948048,1.0810553744,0.343750252,0.30898923024
HD 30177 A c,Aschwaden Prediction,25.5349225,0.173247303,HD 30177 A,8.41,5580.0,54.7,HD 30177 Ad,5 to 4,0.036982818,Not in HZ,0.14644739377813765,0.18495923906835063,0.32800350724622535,0.3459619440928017,1.7243948048,1.0810553744,0.343750252,0.30898923024
HD 30177 A b,Aschwaden Prediction,27.23725067,0.18086407,HD 30177 A,8.41,5580.0,54.7,HD 30177 Ad,4 to 3,0.036982818,Not in HZ,0.14644739377813765,0.18495923906835063,0.32800350724622535,0.3459619440928017,1.7243948048,1.0810553744,0.343750252,0.30898923024
HD 30177 A c,Aschwaden Prediction,51.069845,0.275012951,HD 30177 A,8.41,5580.0,54.7,HD 30177 Ad,5 to 2,0.036982818,Conservative HZ,0.14644739377813765,0.18495923906835063,0.32800350724622535,0.3459619440928017,1.7243948048,1.0810553744,0.343750252,0.30898923024
HD 30177 A b,Aschwaden Prediction,61.283814,0.310556515,HD 30177 A,8.41,5580.0,54.7,HD 30177 Ad,3 to 1,0.036982818,Conservative HZ,0.14644739377813765,0.18495923906835063,0.32800350724622535,0.3459619440928017,1.7243948048,1.0810553744,0.343750252,0.30898923024
HD 4917 b,Aschwaden Prediction,1642.0,69.65101595,HD 4917,8.04,4802.0,134.4,HD 4917 c,2 to 1,0.0519996,Not in HZ,0.18078867925384742,0.22827998138051409,0.41650891118288413,0.4393078888026939,1.590953692022573,0.9978478961212196,0.2997446275541383,0.26943995586071356
HD 4917 c,Aschwaden Prediction,1231.5,57.49564687,HD 4917,8.04,4802.0,134.4,HD 4917 c,3 to 2,0.0519996,Not in HZ,0.18078867925384742,0.22827998138051409,0.41650891118288413,0.4393078888026939,1.590953692022573,0.9978478961212196,0.2997446275541383,0.26943995586071356
HD 4917 b,Aschwaden Prediction,1368.333333,61.67937412,HD 4917,8.04,4802.0,134.4,HD 4917 c,5 to 3,0.0519996,Not in HZ,0.18078867925384742,0.22827998138051409,0.41650891118288413,0.4393078888026939,1.590953692022573,0.9978478961212196,0.2997446275541383,0.26943995586071356
HD 4917 c,Aschwaden Prediction,1026.25,50.91520153,HD 4917,8.04,4802.0,134.4,HD 4917 c,5 to 4,0.0519996,Not in HZ,0.18078867925384742,0.22827998138051409,0.41650891118288413,0.4393078888026939,1.590953692022573,0.9978478961212196,0.2997446275541383,0.26943995586071356
HD 4917 b,Aschwaden Prediction,1094.666667,53.15367331,HD 4917,8.04,4802.0,134.4,HD 4917 c,4 to 3,0.0519996,Not in HZ,0.18078867925384742,0.22827998138051409,0.41650891118288413,0.4393078888026939,1.590953692022573,0.9978478961212196,0.2997446275541383,0.26943995586071356
HD 4917 c,Aschwaden Prediction,2052.5,80.82284447,HD 4917,8.04,4802.0,134.4,HD 4917 c,5 to 2,0.0519996,Not in HZ,0.18078867925384742,0.22827998138051409,0.41650891118288413,0.4393078888026939,1.590953692022573,0.9978478961212196,0.2997446275541383,0.26943995586071356
HD 4917 b,Aschwaden Prediction,2463.0,91.26865032,HD 4917,8.04,4802.0,134.4,HD 4917 c,3 to 1,0.0519996,Not in HZ,0.18078867925384742,0.22827998138051409,0.41650891118288413,0.4393078888026939,1.590953692022573,0.9978478961212196,0.2997446275541383,0.26943995586071356
HIP 14342 d,Aschwaden Prediction,206459.6288,69.65101595,HIP 14342,8.66,5988.457018,88.9,HIP 14342 b,2 to 1,0.029376497,Not in HZ,0.12734466668715724,0.1608534953271612,0.28218986065225554,0.2976398954970508,1.8115006118316983,1.1353741500670542,0.3689072555916747,0.33160244215129453
HIP 14342 b,Aschwaden Prediction,154844.7216,57.49564687,HIP 14342,8.66,5988.457018,88.9,HIP 14342 b,3 to 2,0.029376497,Not in HZ,0.12734466668715724,0.1608534953271612,0.28218986065225554,0.2976398954970508,1.8115006118316983,1.1353741500670542,0.3689072555916747,0.33160244215129453
HIP 14342 c,Aschwaden Prediction,172049.6907,61.67937412,HIP 14342,8.66,5988.457018,88.9,HIP 14342 b,5 to 3,0.029376497,Not in HZ,0.12734466668715724,0.1608534953271612,0.28218986065225554,0.2976398954970508,1.8115006118316983,1.1353741500670542,0.3689072555916747,0.33160244215129453
HIP 14342 b,Aschwaden Prediction,129037.268,50.91520153,HIP 14342,8.66,5988.457018,88.9,HIP 14342 b,5 to 4,0.029376497,Not in HZ,0.12734466668715724,0.1608534953271612,0.28218986065225554,0.2976398954970508,1.8115006118316983,1.1353741500670542,0.3689072555916747,0.33160244215129453
HIP 14342 c,Aschwaden Prediction,137639.7525,53.15367331,HIP 14342,8.66,5988.457018,88.9,HIP 14342 b,4 to 3,0.029376497,Not in HZ,0.12734466668715724,0.1608534953271612,0.28218986065225554,0.2976398954970508,1.8115006118316983,1.1353741500670542,0.3689072555916747,0.33160244215129453
HIP 14342 b,Aschwaden Prediction,258074.536,80.82284447,HIP 14342,8.66,5988.457018,88.9,HIP 14342 b,5 to 2,0.029376497,Not in HZ,0.12734466668715724,0.1608534953271612,0.28218986065225554,0.2976398954970508,1.8115006118316983,1.1353741500670542,0.3689072555916747,0.33160244215129453
HIP 14342 c,Aschwaden Prediction,309689.4432,91.26865032,HIP 14342,8.66,5988.457018,88.9,HIP 14342 b,3 to 1,0.029376497,Not in HZ,0.12734466668715724,0.1608534953271612,0.28218986065225554,0.2976398954970508,1.8115006118316983,1.1353741500670542,0.3689072555916747,0.33160244215129453
HIP 96516 d,Aschwaden Prediction,201.5802636,0.673058046,HIP 96516,5.66,4890.0,177.583,HIP 96516  b,2 to 1,0.465586094,Not in HZ,0.5388626952073853,0.6804319008735985,1.2368991236391156,1.3046077511852148,1.6034069528762294,1.0056125097782898,0.30432065976842493,0.27355212413634905
HIP 96516 b,Aschwaden Prediction,151.1851977,0.555597176,HIP 96516,5.66,4890.0,177.583,HIP 96516  b,3 to 2,0.465586094,Not in HZ,0.5388626952073853,0.6804319008735985,1.2368991236391156,1.3046077511852148,1.6034069528762294,1.0056125097782898,0.30432065976842493,0.27355212413634905
HIP 96516 c,Aschwaden Prediction,167.983553,0.59602575,HIP 96516,5.66,4890.0,177.583,HIP 96516  b,5 to 3,0.465586094,Not in HZ,0.5388626952073853,0.6804319008735985,1.2368991236391156,1.3046077511852148,1.6034069528762294,1.0056125097782898,0.30432065976842493,0.27355212413634905
HIP 96516 b,Aschwaden Prediction,125.9876648,0.492008416,HIP 96516,5.66,4890.0,177.583,HIP 96516  b,5 to 4,0.465586094,Not in HZ,0.5388626952073853,0.6804319008735985,1.2368991236391156,1.3046077511852148,1.6034069528762294,1.0056125097782898,0.30432065976842493,0.27355212413634905
HIP 96516 c,Aschwaden Prediction,134.3868424,0.513639421,HIP 96516,5.66,4890.0,177.583,HIP 96516  b,4 to 3,0.465586094,Not in HZ,0.5388626952073853,0.6804319008735985,1.2368991236391156,1.3046077511852148,1.6034069528762294,1.0056125097782898,0.30432065976842493,0.27355212413634905
HIP 96516 b,Aschwaden Prediction,251.9753295,0.781014678,HIP 96516,5.66,4890.0,177.583,HIP 96516  b,5 to 2,0.465586094,Conservative HZ,0.5388626952073853,0.6804319008735985,1.2368991236391156,1.3046077511852148,1.6034069528762294,1.0056125097782898,0.30432065976842493,0.27355212413634905
HIP 96516 c,Aschwaden Prediction,302.3703954,0.881955541,HIP 96516,5.66,4890.0,177.583,HIP 96516  b,3 to 1,0.465586094,Conservative HZ,0.5388626952073853,0.6804319008735985,1.2368991236391156,1.3046077511852148,1.6034069528762294,1.0056125097782898,0.30432065976842493,0.27355212413634905
K2-266 A b,Aschwaden Prediction,12.2004,0.089815152,K2-266 A,11.57451405,4362.0,77.5586,K2-266 Af,2 to 1,0.002005369,Not in HZ,0.03609165349451115,0.04556797259872101,0.08481748993354898,0.08945892372862899,1.539503706178307,0.9657726096495922,0.2787555130103079,0.2505803198701754
K2-266 A c,Aschwaden Prediction,9.1503,0.074140774,K2-266 A,11.57451405,4362.0,77.5586,K2-266 Af,3 to 2,0.002005369,Conservative HZ,0.03609165349451115,0.04556797259872101,0.08481748993354898,0.08945892372862899,1.539503706178307,0.9657726096495922,0.2787555130103079,0.2505803198701754
K2-266 A b,Aschwaden Prediction,10.167,0.0795357,K2-266 A,11.57451405,4362.0,77.5586,K2-266 Af,5 to 3,0.002005369,Conservative HZ,0.03609165349451115,0.04556797259872101,0.08481748993354898,0.08945892372862899,1.539503706178307,0.9657726096495922,0.2787555130103079,0.2505803198701754
K2-266 A c,Aschwaden Prediction,7.62525,0.065655274,K2-266 A,11.57451405,4362.0,77.5586,K2-266 Af,5 to 4,0.002005369,Conservative HZ,0.03609165349451115,0.04556797259872101,0.08481748993354898,0.08945892372862899,1.539503706178307,0.9657726096495922,0.2787555130103079,0.2505803198701754
K2-266 A b,Aschwaden Prediction,8.1336,0.068541789,K2-266 A,11.57451405,4362.0,77.5586,K2-266 Af,4 to 3,0.002005369,Conservative HZ,0.03609165349451115,0.04556797259872101,0.08481748993354898,0.08945892372862899,1.539503706178307,0.9657726096495922,0.2787555130103079,0.2505803198701754
K2-266 A c,Aschwaden Prediction,15.2505,0.104221251,K2-266 A,11.57451405,4362.0,77.5586,K2-266 Af,5 to 2,0.002005369,Not in HZ,0.03609165349451115,0.04556797259872101,0.08481748993354898,0.08945892372862899,1.539503706178307,0.9657726096495922,0.2787555130103079,0.2505803198701754
K2-266 A b,Aschwaden Prediction,18.3006,0.117691143,K2-266 A,11.57451405,4362.0,77.5586,K2-266 Af,3 to 1,0.002005369,Not in HZ,0.03609165349451115,0.04556797259872101,0.08481748993354898,0.08945892372862899,1.539503706178307,0.9657726096495922,0.2787555130103079,0.2505803198701754
KIC 3542116 b,Aschwaden Prediction,206459.6288,0.952440631,KIC 3542116,11.57451405,6925.0,227.7,Exocomet KIC 3542116 1,2 to 1,0.002005369,Not in HZ,0.03152004556421165,0.039824322759410266,0.0688444176829638,0.07261262554701414,2.0184622146177147,1.2644378830942433,0.4231134543702765,0.3803382609112319
KIC 3542116 c,Aschwaden Prediction,154844.7216,0.786222418,KIC 3542116,11.57451405,6925.0,227.7,Exocomet KIC 3542116 1,3 to 2,0.002005369,Not in HZ,0.03152004556421165,0.039824322759410266,0.0688444176829638,0.07261262554701414,2.0184622146177147,1.2644378830942433,0.4231134543702765,0.3803382609112319
KIC 3542116 b,Aschwaden Prediction,172049.6907,0.843432665,KIC 3542116,11.57451405,6925.0,227.7,Exocomet KIC 3542116 1,5 to 3,0.002005369,Not in HZ,0.03152004556421165,0.039824322759410266,0.0688444176829638,0.07261262554701414,2.0184622146177147,1.2644378830942433,0.4231134543702765,0.3803382609112319
KIC 3542116 c,Aschwaden Prediction,129037.268,0.696238325,KIC 3542116,11.57451405,6925.0,227.7,Exocomet KIC 3542116 1,5 to 4,0.002005369,Not in HZ,0.03152004556421165,0.039824322759410266,0.0688444176829638,0.07261262554701414,2.0184622146177147,1.2644378830942433,0.4231134543702765,0.3803382609112319
KIC 3542116 b,Aschwaden Prediction,137639.7525,0.726848237,KIC 3542116,11.57451405,6925.0,227.7,Exocomet KIC 3542116 1,4 to 3,0.002005369,Not in HZ,0.03152004556421165,0.039824322759410266,0.0688444176829638,0.07261262554701414,2.0184622146177147,1.2644378830942433,0.4231134543702765,0.3803382609112319
KIC 3542116 c,Aschwaden Prediction,258074.536,1.10520945,KIC 3542116,11.57451405,6925.0,227.7,Exocomet KIC 3542116 1,5 to 2,0.002005369,Not in HZ,0.03152004556421165,0.039824322759410266,0.0688444176829638,0.07261262554701414,2.0184622146177147,1.2644378830942433,0.4231134543702765,0.3803382609112319
KIC 3542116 b,Aschwaden Prediction,309689.4432,1.248050294,KIC 3542116,11.57451405,6925.0,227.7,Exocomet KIC 3542116 1,3 to 1,0.002005369,Not in HZ,0.03152004556421165,0.039824322759410266,0.0688444176829638,0.07261262554701414,2.0184622146177147,1.2644378830942433,0.4231134543702765,0.3803382609112319
KIC 3542116 c,Aschwaden Prediction,206459.6288,0.952440631,KIC 3542116,11.57451405,6925.0,227.7,Exocomet KIC 3542116 2,2 to 1,0.002005369,Not in HZ,0.03152004556421165,0.039824322759410266,0.0688444176829638,0.07261262554701414,2.0184622146177147,1.2644378830942433,0.4231134543702765,0.3803382609112319
KIC 3542116 b,Aschwaden Prediction,154844.7216,0.786222418,KIC 3542116,11.57451405,6925.0,227.7,Exocomet KIC 3542116 2,3 to 2,0.002005369,Not in HZ,0.03152004556421165,0.039824322759410266,0.0688444176829638,0.07261262554701414,2.0184622146177147,1.2644378830942433,0.4231134543702765,0.3803382609112319
KIC 3542116 c,Aschwaden Prediction,172049.6907,0.843432665,KIC 3542116,11.57451405,6925.0,227.7,Exocomet KIC 3542116 2,5 to 3,0.002005369,Not in HZ,0.03152004556421165,0.039824322759410266,0.0688444176829638,0.07261262554701414,2.0184622146177147,1.2644378830942433,0.4231134543702765,0.3803382609112319
KIC 3542116 b,Aschwaden Prediction,129037.268,0.696238325,KIC 3542116,11.57451405,6925.0,227.7,Exocomet KIC 3542116 2,5 to 4,0.002005369,Not in HZ,0.03152004556421165,0.039824322759410266,0.0688444176829638,0.07261262554701414,2.0184622146177147,1.2644378830942433,0.4231134543702765,0.3803382609112319
KIC 3542116 c,Aschwaden Prediction,137639.7525,0.726848237,KIC 3542116,11.57451405,6925.0,227.7,Exocomet KIC 3542116 2,4 to 3,0.002005369,Not in HZ,0.03152004556421165,0.039824322759410266,0.0688444176829638,0.07261262554701414,2.0184622146177147,1.2644378830942433,0.4231134543702765,0.3803382609112319
KIC 3542116 b,Aschwaden Prediction,258074.536,1.10520945,KIC 3542116,11.57451405,6925.0,227.7,Exocomet KIC 3542116 2,5 to 2,0.002005369,Not in HZ,0.03152004556421165,0.039824322759410266,0.0688444176829638,0.07261262554701414,2.0184622146177147,1.2644378830942433,0.4231134543702765,0.3803382609112319
KIC 3542116 c,Aschwaden Prediction,309689.4432,1.248050294,KIC 3542116,11.57451405,6925.0,227.7,Exocomet KIC 3542116 2,3 to 1,0.002005369,Not in HZ,0.03152004556421165,0.039824322759410266,0.0688444176829638,0.07261262554701414,2.0184622146177147,1.2644378830942433,0.4231134543702765,0.3803382609112319
KIC 3542116 b,Aschwaden Prediction,206459.6288,0.952440631,KIC 3542116,11.57451405,6925.0,227.7,Exocomet KIC 3542116 3,2 to 1,0.002005369,Not in HZ,0.03152004556421165,0.039824322759410266,0.0688444176829638,0.07261262554701414,2.0184622146177147,1.2644378830942433,0.4231134543702765,0.3803382609112319
KIC 3542116 c,Aschwaden Prediction,154844.7216,0.786222418,KIC 3542116,11.57451405,6925.0,227.7,Exocomet KIC 3542116 3,3 to 2,0.002005369,Not in HZ,0.03152004556421165,0.039824322759410266,0.0688444176829638,0.07261262554701414,2.0184622146177147,1.2644378830942433,0.4231134543702765,0.3803382609112319
KIC 3542116 b,Aschwaden Prediction,172049.6907,0.843432665,KIC 3542116,11.57451405,6925.0,227.7,Exocomet KIC 3542116 3,5 to 3,0.002005369,Not in HZ,0.03152004556421165,0.039824322759410266,0.0688444176829638,0.07261262554701414,2.0184622146177147,1.2644378830942433,0.4231134543702765,0.3803382609112319
KIC 3542116 c,Aschwaden Prediction,129037.268,0.696238325,KIC 3542116,11.57451405,6925.0,227.7,Exocomet KIC 3542116 3,5 to 4,0.002005369,Not in HZ,0.03152004556421165,0.039824322759410266,0.0688444176829638,0.07261262554701414,2.0184622146177147,1.2644378830942433,0.4231134543702765,0.3803382609112319
KIC 3542116 b,Aschwaden Prediction,137639.7525,0.726848237,KIC 3542116,11.57451405,6925.0,227.7,Exocomet KIC 3542116 3,4 to 3,0.002005369,Not in HZ,0.03152004556421165,0.039824322759410266,0.0688444176829638,0.07261262554701414,2.0184622146177147,1.2644378830942433,0.4231134543702765,0.3803382609112319
KIC 3542116 c,Aschwaden Prediction,258074.536,1.10520945,KIC 3542116,11.57451405,6925.0,227.7,Exocomet KIC 3542116 3,5 to 2,0.002005369,Not in HZ,0.03152004556421165,0.039824322759410266,0.0688444176829638,0.07261262554701414,2.0184622146177147,1.2644378830942433,0.4231134543702765,0.3803382609112319
KIC 3542116 b,Aschwaden Prediction,309689.4432,1.248050294,KIC 3542116,11.57451405,6925.0,227.7,Exocomet KIC 3542116 3,3 to 1,0.002005369,Not in HZ,0.03152004556421165,0.039824322759410266,0.0688444176829638,0.07261262554701414,2.0184622146177147,1.2644378830942433,0.4231134543702765,0.3803382609112319
KIC 3542116 c,Aschwaden Prediction,206459.6288,1.587401052,KIC 3542116,11.57451405,6925.0,227.7,Exocomet KIC 3542116 4,2 to 1,0.002005369,Not in HZ,0.03152004556421165,0.039824322759410266,0.0688444176829638,0.07261262554701414,2.0184622146177147,1.2644378830942433,0.4231134543702765,0.3803382609112319
KIC 3542116 b,Aschwaden Prediction,154844.7216,1.310370697,KIC 3542116,11.57451405,6925.0,227.7,Exocomet KIC 3542116 4,3 to 2,0.002005369,Not in HZ,0.03152004556421165,0.039824322759410266,0.0688444176829638,0.07261262554701414,2.0184622146177147,1.2644378830942433,0.4231134543702765,0.3803382609112319
KIC 3542116 c,Aschwaden Prediction,172049.6907,1.405721109,KIC 3542116,11.57451405,6925.0,227.7,Exocomet KIC 3542116 4,5 to 3,0.002005369,Not in HZ,0.03152004556421165,0.039824322759410266,0.0688444176829638,0.07261262554701414,2.0184622146177147,1.2644378830942433,0.4231134543702765,0.3803382609112319
KIC 3542116 b,Aschwaden Prediction,129037.268,1.160397208,KIC 3542116,11.57451405,6925.0,227.7,Exocomet KIC 3542116 4,5 to 4,0.002005369,Not in HZ,0.03152004556421165,0.039824322759410266,0.0688444176829638,0.07261262554701414,2.0184622146177147,1.2644378830942433,0.4231134543702765,0.3803382609112319
KIC 3542116 c,Aschwaden Prediction,137639.7525,1.211413729,KIC 3542116,11.57451405,6925.0,227.7,Exocomet KIC 3542116 4,4 to 3,0.002005369,Not in HZ,0.03152004556421165,0.039824322759410266,0.0688444176829638,0.07261262554701414,2.0184622146177147,1.2644378830942433,0.4231134543702765,0.3803382609112319
KIC 3542116 b,Aschwaden Prediction,258074.536,1.842015749,KIC 3542116,11.57451405,6925.0,227.7,Exocomet KIC 3542116 4,5 to 2,0.002005369,Not in HZ,0.03152004556421165,0.039824322759410266,0.0688444176829638,0.07261262554701414,2.0184622146177147,1.2644378830942433,0.4231134543702765,0.3803382609112319
KIC 3542116 c,Aschwaden Prediction,309689.4432,2.080083823,KIC 3542116,11.57451405,6925.0,227.7,Exocomet KIC 3542116 4,3 to 1,0.002005369,Not in HZ,0.03152004556421165,0.039824322759410266,0.0688444176829638,0.07261262554701414,2.0184622146177147,1.2644378830942433,0.4231134543702765,0.3803382609112319
KIC 3542116 b,Aschwaden Prediction,206459.6288,1.587401052,KIC 3542116,11.57451405,6925.0,227.7,Exocomet KIC 3542116 5,2 to 1,0.002005369,Not in HZ,0.03152004556421165,0.039824322759410266,0.0688444176829638,0.07261262554701414,2.0184622146177147,1.2644378830942433,0.4231134543702765,0.3803382609112319
KIC 3542116 c,Aschwaden Prediction,154844.7216,1.310370697,KIC 3542116,11.57451405,6925.0,227.7,Exocomet KIC 3542116 5,3 to 2,0.002005369,Not in HZ,0.03152004556421165,0.039824322759410266,0.0688444176829638,0.07261262554701414,2.0184622146177147,1.2644378830942433,0.4231134543702765,0.3803382609112319
KIC 3542116 b,Aschwaden Prediction,172049.6907,1.405721109,KIC 3542116,11.57451405,6925.0,227.7,Exocomet KIC 3542116 5,5 to 3,0.002005369,Not in HZ,0.03152004556421165,0.039824322759410266,0.0688444176829638,0.07261262554701414,2.0184622146177147,1.2644378830942433,0.4231134543702765,0.3803382609112319
KIC 3542116 c,Aschwaden Prediction,129037.268,1.160397208,KIC 3542116,11.57451405,6925.0,227.7,Exocomet KIC 3542116 5,5 to 4,0.002005369,Not in HZ,0.03152004556421165,0.039824322759410266,0.0688444176829638,0.07261262554701414,2.0184622146177147,1.2644378830942433,0.4231134543702765,0.3803382609112319
KIC 3542116 b,Aschwaden Prediction,137639.7525,1.211413729,KIC 3542116,11.57451405,6925.0,227.7,Exocomet KIC 3542116 5,4 to 3,0.002005369,Not in HZ,0.03152004556421165,0.039824322759410266,0.0688444176829638,0.07261262554701414,2.0184622146177147,1.2644378830942433,0.4231134543702765,0.3803382609112319
KIC 3542116 c,Aschwaden Prediction,258074.536,1.842015749,KIC 3542116,11.57451405,6925.0,227.7,Exocomet KIC 3542116 5,5 to 2,0.002005369,Not in HZ,0.03152004556421165,0.039824322759410266,0.0688444176829638,0.07261262554701414,2.0184622146177147,1.2644378830942433,0.4231134543702765,0.3803382609112319
KIC 3542116 b,Aschwaden Prediction,309689.4432,2.080083823,KIC 3542116,11.57451405,6925.0,227.7,Exocomet KIC 3542116 5,3 to 1,0.002005369,Not in HZ,0.03152004556421165,0.039824322759410266,0.0688444176829638,0.07261262554701414,2.0184622146177147,1.2644378830942433,0.4231134543702765,0.3803382609112319
KIC 3542116 c,Aschwaden Prediction,206459.6288,1.587401052,KIC 3542116,11.57451405,6925.0,227.7,Exocomet KIC 3542116 6,2 to 1,0.002005369,Not in HZ,0.03152004556421165,0.039824322759410266,0.0688444176829638,0.07261262554701414,2.0184622146177147,1.2644378830942433,0.4231134543702765,0.3803382609112319
KIC 3542116 b,Aschwaden Prediction,154844.7216,1.310370697,KIC 3542116,11.57451405,6925.0,227.7,Exocomet KIC 3542116 6,3 to 2,0.002005369,Not in HZ,0.03152004556421165,0.039824322759410266,0.0688444176829638,0.07261262554701414,2.0184622146177147,1.2644378830942433,0.4231134543702765,0.3803382609112319
KIC 3542116 c,Aschwaden Prediction,172049.6907,1.405721109,KIC 3542116,11.57451405,6925.0,227.7,Exocomet KIC 3542116 6,5 to 3,0.002005369,Not in HZ,0.03152004556421165,0.039824322759410266,0.0688444176829638,0.07261262554701414,2.0184622146177147,1.2644378830942433,0.4231134543702765,0.3803382609112319
KIC 3542116 b,Aschwaden Prediction,129037.268,1.160397208,KIC 3542116,11.57451405,6925.0,227.7,Exocomet KIC 3542116 6,5 to 4,0.002005369,Not in HZ,0.03152004556421165,0.039824322759410266,0.0688444176829638,0.07261262554701414,2.0184622146177147,1.2644378830942433,0.4231134543702765,0.3803382609112319
KIC 3542116 c,Aschwaden Prediction,137639.7525,1.211413729,KIC 3542116,11.57451405,6925.0,227.7,Exocomet KIC 3542116 6,4 to 3,0.002005369,Not in HZ,0.03152004556421165,0.039824322759410266,0.0688444176829638,0.07261262554701414,2.0184622146177147,1.2644378830942433,0.4231134543702765,0.3803382609112319
KIC 3542116 b,Aschwaden Prediction,258074.536,1.842015749,KIC 3542116,11.57451405,6925.0,227.7,Exocomet KIC 3542116 6,5 to 2,0.002005369,Not in HZ,0.03152004556421165,0.039824322759410266,0.0688444176829638,0.07261262554701414,2.0184622146177147,1.2644378830942433,0.4231134543702765,0.3803382609112319
KIC 3542116 c,Aschwaden Prediction,309689.4432,2.080083823,KIC 3542116,11.57451405,6925.0,227.7,Exocomet KIC 3542116 6,3 to 1,0.002005369,Not in HZ,0.03152004556421165,0.039824322759410266,0.0688444176829638,0.07261262554701414,2.0184622146177147,1.2644378830942433,0.4231134543702765,0.3803382609112319
KIC 3542116 b,Aschwaden Prediction,206459.6288,8.730705786,KIC 3542116,11.57451405,6925.0,227.7,Exocomet KIC 3542116 7,2 to 1,0.002005369,Not in HZ,0.03152004556421165,0.039824322759410266,0.0688444176829638,0.07261262554701414,2.0184622146177147,1.2644378830942433,0.4231134543702765,0.3803382609112319
KIC 3542116 c,Aschwaden Prediction,154844.7216,7.207038834,KIC 3542116,11.57451405,6925.0,227.7,Exocomet KIC 3542116 7,3 to 2,0.002005369,Not in HZ,0.03152004556421165,0.039824322759410266,0.0688444176829638,0.07261262554701414,2.0184622146177147,1.2644378830942433,0.4231134543702765,0.3803382609112319
KIC 3542116 b,Aschwaden Prediction,172049.6907,7.731466099,KIC 3542116,11.57451405,6925.0,227.7,Exocomet KIC 3542116 7,5 to 3,0.002005369,Not in HZ,0.03152004556421165,0.039824322759410266,0.0688444176829638,0.07261262554701414,2.0184622146177147,1.2644378830942433,0.4231134543702765,0.3803382609112319
KIC 3542116 c,Aschwaden Prediction,129037.268,6.382184646,KIC 3542116,11.57451405,6925.0,227.7,Exocomet KIC 3542116 7,5 to 4,0.002005369,Not in HZ,0.03152004556421165,0.039824322759410266,0.0688444176829638,0.07261262554701414,2.0184622146177147,1.2644378830942433,0.4231134543702765,0.3803382609112319
KIC 3542116 b,Aschwaden Prediction,137639.7525,6.662775507,KIC 3542116,11.57451405,6925.0,227.7,Exocomet KIC 3542116 7,4 to 3,0.002005369,Not in HZ,0.03152004556421165,0.039824322759410266,0.0688444176829638,0.07261262554701414,2.0184622146177147,1.2644378830942433,0.4231134543702765,0.3803382609112319
KIC 3542116 c,Aschwaden Prediction,258074.536,10.13108662,KIC 3542116,11.57451405,6925.0,227.7,Exocomet KIC 3542116 7,5 to 2,0.002005369,Not in HZ,0.03152004556421165,0.039824322759410266,0.0688444176829638,0.07261262554701414,2.0184622146177147,1.2644378830942433,0.4231134543702765,0.3803382609112319
KIC 3542116 b,Aschwaden Prediction,309689.4432,11.44046103,KIC 3542116,11.57451405,6925.0,227.7,Exocomet KIC 3542116 7,3 to 1,0.002005369,Not in HZ,0.03152004556421165,0.039824322759410266,0.0688444176829638,0.07261262554701414,2.0184622146177147,1.2644378830942433,0.4231134543702765,0.3803382609112319
KOI-4302 b,Aschwaden Prediction,6.845016,0.073496669,KOI-4302,11.57451405,6065.0,978.703,KOI-4302.01,2 to 1,0.002005369,Optimistic HZ,0.03311595155525001,0.041830899669520534,0.0732599296879745,0.07727090994557485,1.8286046504455642,1.1460402922957929,0.3736468300166515,0.33586306275718675
KOI-4302 c,Aschwaden Prediction,5.133762,0.060670163,KOI-4302,11.57451405,6065.0,978.703,KOI-4302.01,3 to 2,0.002005369,Conservative HZ,0.03311595155525001,0.041830899669520534,0.0732599296879745,0.07727090994557485,1.8286046504455642,1.1460402922957929,0.3736468300166515,0.33586306275718675
KOI-4302 b,Aschwaden Prediction,5.70418,0.065084887,KOI-4302,11.57451405,6065.0,978.703,KOI-4302.01,5 to 3,0.002005369,Conservative HZ,0.03311595155525001,0.041830899669520534,0.0732599296879745,0.07727090994557485,1.8286046504455642,1.1460402922957929,0.3736468300166515,0.33586306275718675
KOI-4302 c,Aschwaden Prediction,4.278135,0.053726391,KOI-4302,11.57451405,6065.0,978.703,KOI-4302.01,5 to 4,0.002005369,Conservative HZ,0.03311595155525001,0.041830899669520534,0.0732599296879745,0.07727090994557485,1.8286046504455642,1.1460402922957929,0.3736468300166515,0.33586306275718675
KOI-4302 b,Aschwaden Prediction,4.563344,0.056088456,KOI-4302,11.57451405,6065.0,978.703,KOI-4302.01,4 to 3,0.002005369,Conservative HZ,0.03311595155525001,0.041830899669520534,0.0732599296879745,0.07727090994557485,1.8286046504455642,1.1460402922957929,0.3736468300166515,0.33586306275718675
KOI-4302 c,Aschwaden Prediction,8.55627,0.085285329,KOI-4302,11.57451405,6065.0,978.703,KOI-4302.01,5 to 2,0.002005369,Not in HZ,0.03311595155525001,0.041830899669520534,0.0732599296879745,0.07727090994557485,1.8286046504455642,1.1460402922957929,0.3736468300166515,0.33586306275718675
KOI-4302 b,Aschwaden Prediction,10.267524,0.096307881,KOI-4302,11.57451405,6065.0,978.703,KOI-4302.01,3 to 1,0.002005369,Not in HZ,0.03311595155525001,0.041830899669520534,0.0732599296879745,0.07727090994557485,1.8286046504455642,1.1460402922957929,0.3736468300166515,0.33586306275718675
KOI-972 b,Aschwaden Prediction,15.643862,0.154771603,KOI-972,9.4,7800.0,227.0,KOI-972.01,2 to 1,0.014859356,Conservative HZ,0.08333862294412407,0.10530835899090622,0.1813329049496527,0.19125217080920928,2.13947564753648,1.3399058928430403,0.45190458704679987,0.406244263097424
KOI-972 c,Aschwaden Prediction,11.7328965,0.127761143,KOI-972,9.4,7800.0,227.0,KOI-972.01,3 to 2,0.014859356,Conservative HZ,0.08333862294412407,0.10530835899090622,0.1813329049496527,0.19125217080920928,2.13947564753648,1.3399058928430403,0.45190458704679987,0.406244263097424
KOI-972 b,Aschwaden Prediction,13.03655167,0.137057808,KOI-972,9.4,7800.0,227.0,KOI-972.01,5 to 3,0.014859356,Conservative HZ,0.08333862294412407,0.10530835899090622,0.1813329049496527,0.19125217080920928,2.13947564753648,1.3399058928430403,0.45190458704679987,0.406244263097424
KOI-972 c,Aschwaden Prediction,9.77741375,0.113138728,KOI-972,9.4,7800.0,227.0,KOI-972.01,5 to 4,0.014859356,Conservative HZ,0.08333862294412407,0.10530835899090622,0.1813329049496527,0.19125217080920928,2.13947564753648,1.3399058928430403,0.45190458704679987,0.406244263097424
KOI-972 b,Aschwaden Prediction,10.42924133,0.118112839,KOI-972,9.4,7800.0,227.0,KOI-972.01,4 to 3,0.014859356,Conservative HZ,0.08333862294412407,0.10530835899090622,0.1813329049496527,0.19125217080920928,2.13947564753648,1.3399058928430403,0.45190458704679987,0.406244263097424
KOI-972 c,Aschwaden Prediction,19.5548275,0.179596536,KOI-972,9.4,7800.0,227.0,KOI-972.01,5 to 2,0.014859356,Conservative HZ,0.08333862294412407,0.10530835899090622,0.1813329049496527,0.19125217080920928,2.13947564753648,1.3399058928430403,0.45190458704679987,0.406244263097424
KOI-972 b,Aschwaden Prediction,23.465793,0.202808173,KOI-972,9.4,7800.0,227.0,KOI-972.01,3 to 1,0.014859356,Not in HZ,0.08333862294412407,0.10530835899090622,0.1813329049496527,0.19125217080920928,2.13947564753648,1.3399058928430403,0.45190458704679987,0.406244263097424
Kepler-152 b,Aschwaden Prediction,19.49531756,0.132389248,Kepler-152,14.41,5050.0,441.09,KOI-416.03,2 to 1,0.000147231,Not in HZ,0.00951019513923317,0.012009224470602084,0.021690562251123747,0.02287799594657623,1.6278725699162298,1.0208674032022895,0.312937524272425,0.28129583667234903
Kepler-152 c,Aschwaden Prediction,14.62148817,0.109284916,Kepler-152,14.41,5050.0,441.09,KOI-416.03,3 to 2,0.000147231,Not in HZ,0.00951019513923317,0.012009224470602084,0.021690562251123747,0.02287799594657623,1.6278725699162298,1.0208674032022895,0.312937524272425,0.28129583667234903
Kepler-152 b,Aschwaden Prediction,16.24609797,0.11723714,Kepler-152,14.41,5050.0,441.09,KOI-416.03,5 to 3,0.000147231,Not in HZ,0.00951019513923317,0.012009224470602084,0.021690562251123747,0.02287799594657623,1.6278725699162298,1.0208674032022895,0.312937524272425,0.28129583667234903
Kepler-152 c,Aschwaden Prediction,12.18457348,0.096777127,Kepler-152,14.41,5050.0,441.09,KOI-416.03,5 to 4,0.000147231,Not in HZ,0.00951019513923317,0.012009224470602084,0.021690562251123747,0.02287799594657623,1.6278725699162298,1.0208674032022895,0.312937524272425,0.28129583667234903
Kepler-152 b,Aschwaden Prediction,12.99687837,0.101031905,Kepler-152,14.41,5050.0,441.09,KOI-416.03,4 to 3,0.000147231,Not in HZ,0.00951019513923317,0.012009224470602084,0.021690562251123747,0.02287799594657623,1.6278725699162298,1.0208674032022895,0.312937524272425,0.28129583667234903
Kepler-152 c,Aschwaden Prediction,24.36914695,0.153624113,Kepler-152,14.41,5050.0,441.09,KOI-416.03,5 to 2,0.000147231,Not in HZ,0.00951019513923317,0.012009224470602084,0.021690562251123747,0.02287799594657623,1.6278725699162298,1.0208674032022895,0.312937524272425,0.28129583667234903
Kepler-152 b,Aschwaden Prediction,29.24297634,0.173478991,Kepler-152,14.41,5050.0,441.09,KOI-416.03,3 to 1,0.000147231,Not in HZ,0.00951019513923317,0.012009224470602084,0.021690562251123747,0.02287799594657623,1.6278725699162298,1.0208674032022895,0.312937524272425,0.28129583667234903
Kepler-1576 b,Aschwaden Prediction,11.11684,0.097466425,Kepler-1576,11.57451405,5674.51,460.91,KOI-4246.02,2 to 1,0.002005369,Not in HZ,0.03391198699263143,0.04283121885420457,0.0757470410852041,0.07989427268727513,1.743764464718072,1.0931340703107284,0.3495126926465188,0.314168762997975
Kepler-1576 c,Aschwaden Prediction,8.33763,0.080456761,Kepler-1576,11.57451405,5674.51,460.91,KOI-4246.02,3 to 2,0.002005369,Not in HZ,0.03391198699263143,0.04283121885420457,0.0757470410852041,0.07989427268727513,1.743764464718072,1.0931340703107284,0.3495126926465188,0.314168762997975
Kepler-1576 b,Aschwaden Prediction,9.264033333,0.086311276,Kepler-1576,11.57451405,5674.51,460.91,KOI-4246.02,5 to 3,0.002005369,Not in HZ,0.03391198699263143,0.04283121885420457,0.0757470410852041,0.07989427268727513,1.743764464718072,1.0931340703107284,0.3495126926465188,0.314168762997975
Kepler-1576 c,Aschwaden Prediction,6.948025,0.071248389,Kepler-1576,11.57451405,5674.51,460.91,KOI-4246.02,5 to 4,0.002005369,Conservative HZ,0.03391198699263143,0.04283121885420457,0.0757470410852041,0.07989427268727513,1.743764464718072,1.0931340703107284,0.3495126926465188,0.314168762997975
Kepler-1576 b,Aschwaden Prediction,7.411226667,0.074380803,Kepler-1576,11.57451405,5674.51,460.91,KOI-4246.02,4 to 3,0.002005369,Conservative HZ,0.03391198699263143,0.04283121885420457,0.0757470410852041,0.07989427268727513,1.743764464718072,1.0931340703107284,0.3495126926465188,0.314168762997975
Kepler-1576 c,Aschwaden Prediction,13.89605,0.113099767,Kepler-1576,11.57451405,5674.51,460.91,KOI-4246.02,5 to 2,0.002005369,Not in HZ,0.03391198699263143,0.04283121885420457,0.0757470410852041,0.07989427268727513,1.743764464718072,1.0931340703107284,0.3495126926465188,0.314168762997975
Kepler-1576 b,Aschwaden Prediction,16.67526,0.127717147,Kepler-1576,11.57451405,5674.51,460.91,KOI-4246.02,3 to 1,0.002005369,Not in HZ,0.03391198699263143,0.04283121885420457,0.0757470410852041,0.07989427268727513,1.743764464718072,1.0931340703107284,0.3495126926465188,0.314168762997975
Kepler-160 b,Aschwaden Prediction,58.0,69.65101595,Kepler-160,11.57451405,5471.0,962.92,Kepler-160 e,2 to 1,0.002005369,Not in HZ,0.03431766773476622,0.043340855622486435,0.07711961670381948,0.08134192126981829,1.7027808878919255,1.0675773117538838,0.3371821474981333,0.30308569909678207
Kepler-160 c,Aschwaden Prediction,43.5,57.49564687,Kepler-160,11.57451405,5471.0,962.92,Kepler-160 e,3 to 2,0.002005369,Not in HZ,0.03431766773476622,0.043340855622486435,0.07711961670381948,0.08134192126981829,1.7027808878919255,1.0675773117538838,0.3371821474981333,0.30308569909678207
Kepler-160 b,Aschwaden Prediction,48.33333333,61.67937412,Kepler-160,11.57451405,5471.0,962.92,Kepler-160 e,5 to 3,0.002005369,Not in HZ,0.03431766773476622,0.043340855622486435,0.07711961670381948,0.08134192126981829,1.7027808878919255,1.0675773117538838,0.3371821474981333,0.30308569909678207
Kepler-160 c,Aschwaden Prediction,36.25,50.91520153,Kepler-160,11.57451405,5471.0,962.92,Kepler-160 e,5 to 4,0.002005369,Not in HZ,0.03431766773476622,0.043340855622486435,0.07711961670381948,0.08134192126981829,1.7027808878919255,1.0675773117538838,0.3371821474981333,0.30308569909678207
Kepler-160 b,Aschwaden Prediction,38.66666667,53.15367331,Kepler-160,11.57451405,5471.0,962.92,Kepler-160 e,4 to 3,0.002005369,Not in HZ,0.03431766773476622,0.043340855622486435,0.07711961670381948,0.08134192126981829,1.7027808878919255,1.0675773117538838,0.3371821474981333,0.30308569909678207
Kepler-160 c,Aschwaden Prediction,72.5,80.82284447,Kepler-160,11.57451405,5471.0,962.92,Kepler-160 e,5 to 2,0.002005369,Not in HZ,0.03431766773476622,0.043340855622486435,0.07711961670381948,0.08134192126981829,1.7027808878919255,1.0675773117538838,0.3371821474981333,0.30308569909678207
Kepler-160 b,Aschwaden Prediction,87.0,91.26865032,Kepler-160,11.57451405,5471.0,962.92,Kepler-160 e,3 to 1,0.002005369,Not in HZ,0.03431766773476622,0.043340855622486435,0.07711961670381948,0.08134192126981829,1.7027808878919255,1.0675773117538838,0.3371821474981333,0.30308569909678207
Kepler-1756 b,Aschwaden Prediction,9.4932965,0.079370053,Kepler-1756,11.57451405,4915.0,756.88,K01590.01,2 to 1,0.002005369,Conservative HZ,0.035324741572831345,0.04460550228835817,0.08100100939827819,0.08543510541985892,1.607075611560015,1.007899961808143,0.3056422832330265,0.2747398000322218
Kepler-1756 c,Aschwaden Prediction,7.119972375,0.065518535,Kepler-1756,11.57451405,4915.0,756.88,K01590.01,3 to 2,0.002005369,Conservative HZ,0.035324741572831345,0.04460550228835817,0.08100100939827819,0.08543510541985892,1.607075611560015,1.007899961808143,0.3056422832330265,0.2747398000322218
Kepler-1756 b,Aschwaden Prediction,7.911080417,0.070286055,Kepler-1756,11.57451405,4915.0,756.88,K01590.01,5 to 3,0.002005369,Conservative HZ,0.035324741572831345,0.04460550228835817,0.08100100939827819,0.08543510541985892,1.607075611560015,1.007899961808143,0.3056422832330265,0.2747398000322218
Kepler-1756 c,Aschwaden Prediction,5.933310313,0.05801986,Kepler-1756,11.57451405,4915.0,756.88,K01590.01,5 to 4,0.002005369,Conservative HZ,0.035324741572831345,0.04460550228835817,0.08100100939827819,0.08543510541985892,1.607075611560015,1.007899961808143,0.3056422832330265,0.2747398000322218
Kepler-1756 b,Aschwaden Prediction,6.328864333,0.060570686,Kepler-1756,11.57451405,4915.0,756.88,K01590.01,4 to 3,0.002005369,Conservative HZ,0.035324741572831345,0.04460550228835817,0.08100100939827819,0.08543510541985892,1.607075611560015,1.007899961808143,0.3056422832330265,0.2747398000322218
Kepler-1756 c,Aschwaden Prediction,11.86662063,0.092100787,Kepler-1756,11.57451405,4915.0,756.88,K01590.01,5 to 2,0.002005369,Not in HZ,0.035324741572831345,0.04460550228835817,0.08100100939827819,0.08543510541985892,1.607075611560015,1.007899961808143,0.3056422832330265,0.2747398000322218
Kepler-1756 b,Aschwaden Prediction,14.23994475,0.104004191,Kepler-1756,11.57451405,4915.0,756.88,K01590.01,3 to 1,0.002005369,Not in HZ,0.035324741572831345,0.04460550228835817,0.08100100939827819,0.08543510541985892,1.607075611560015,1.007899961808143,0.3056422832330265,0.2747398000322218
Kepler-1813 A b,Aschwaden Prediction,5.2924539,0.055559037,Kepler-1813 A,15.682,5167.0,809.32,K02248.02,2 to 1,4.56e-05,Not in HZ,0.00526147641392918,0.006644276377682981,0.011947339539277142,0.012601413419341427,1.6472123391268452,1.032926606345108,0.31946437131329736,0.28716157254572205
Kepler-1813 A c,Aschwaden Prediction,3.969340425,0.045862974,Kepler-1813 A,15.682,5167.0,809.32,K02248.02,3 to 2,4.56e-05,Not in HZ,0.00526147641392918,0.006644276377682981,0.011947339539277142,0.012601413419341427,1.6472123391268452,1.032926606345108,0.31946437131329736,0.28716157254572205
Kepler-1813 A b,Aschwaden Prediction,4.41037825,0.049200239,Kepler-1813 A,15.682,5167.0,809.32,K02248.02,5 to 3,4.56e-05,Not in HZ,0.00526147641392918,0.006644276377682981,0.011947339539277142,0.012601413419341427,1.6472123391268452,1.032926606345108,0.31946437131329736,0.28716157254572205
Kepler-1813 A c,Aschwaden Prediction,3.307783687,0.040613902,Kepler-1813 A,15.682,5167.0,809.32,K02248.02,5 to 4,4.56e-05,Not in HZ,0.00526147641392918,0.006644276377682981,0.011947339539277142,0.012601413419341427,1.6472123391268452,1.032926606345108,0.31946437131329736,0.28716157254572205
Kepler-1813 A b,Aschwaden Prediction,3.5283026,0.04239948,Kepler-1813 A,15.682,5167.0,809.32,K02248.02,4 to 3,4.56e-05,Not in HZ,0.00526147641392918,0.006644276377682981,0.011947339539277142,0.012601413419341427,1.6472123391268452,1.032926606345108,0.31946437131329736,0.28716157254572205
Kepler-1813 A c,Aschwaden Prediction,6.615567375,0.064470551,Kepler-1813 A,15.682,5167.0,809.32,K02248.02,5 to 2,4.56e-05,Not in HZ,0.00526147641392918,0.006644276377682981,0.011947339539277142,0.012601413419341427,1.6472123391268452,1.032926606345108,0.31946437131329736,0.28716157254572205
Kepler-1813 A b,Aschwaden Prediction,7.93868085,0.072802934,Kepler-1813 A,15.682,5167.0,809.32,K02248.02,3 to 1,4.56e-05,Not in HZ,0.00526147641392918,0.006644276377682981,0.011947339539277142,0.012601413419341427,1.6472123391268452,1.032926606345108,0.31946437131329736,0.28716157254572205
Kepler-1962 b,Aschwaden Prediction,6.67857284,0.067782025,Kepler-1962,11.57451405,5766.0,866.826,KOI-4524.02,2 to 1,0.002005369,Conservative HZ,0.03372633845663351,0.0425979627672365,0.07514490758879844,0.07925917850452438,1.7630146011111056,1.1051383195229705,0.355136399797895,0.31922372696300577
Kepler-1962 c,Aschwaden Prediction,5.00892963,0.055952829,Kepler-1962,11.57451405,5766.0,866.826,KOI-4524.02,3 to 2,0.002005369,Conservative HZ,0.03372633845663351,0.0425979627672365,0.07514490758879844,0.07925917850452438,1.7630146011111056,1.1051383195229705,0.355136399797895,0.31922372696300577
Kepler-1962 b,Aschwaden Prediction,5.565477367,0.060024291,Kepler-1962,11.57451405,5766.0,866.826,KOI-4524.02,5 to 3,0.002005369,Conservative HZ,0.03372633845663351,0.0425979627672365,0.07514490758879844,0.07925917850452438,1.7630146011111056,1.1051383195229705,0.355136399797895,0.31922372696300577
Kepler-1962 c,Aschwaden Prediction,4.174108025,0.049548961,Kepler-1962,11.57451405,5766.0,866.826,KOI-4524.02,5 to 4,0.002005369,Conservative HZ,0.03372633845663351,0.0425979627672365,0.07514490758879844,0.07925917850452438,1.7630146011111056,1.1051383195229705,0.355136399797895,0.31922372696300577
Kepler-1962 b,Aschwaden Prediction,4.452381893,0.051727366,Kepler-1962,11.57451405,5766.0,866.826,KOI-4524.02,4 to 3,0.002005369,Conservative HZ,0.03372633845663351,0.0425979627672365,0.07514490758879844,0.07925917850452438,1.7630146011111056,1.1051383195229705,0.355136399797895,0.31922372696300577
Kepler-1962 c,Aschwaden Prediction,8.34821605,0.078654072,Kepler-1962,11.57451405,5766.0,866.826,KOI-4524.02,5 to 2,0.002005369,Optimistic HZ,0.03372633845663351,0.0425979627672365,0.07514490758879844,0.07925917850452438,1.7630146011111056,1.1051383195229705,0.355136399797895,0.31922372696300577
Kepler-1962 b,Aschwaden Prediction,10.01785926,0.088819579,Kepler-1962,11.57451405,5766.0,866.826,KOI-4524.02,3 to 1,0.002005369,Not in HZ,0.03372633845663351,0.0425979627672365,0.07514490758879844,0.07925917850452438,1.7630146011111056,1.1051383195229705,0.355136399797895,0.31922372696300577
Kepler-1984 A b,Aschwaden Prediction,7.0621349,0.053812896,Kepler-1984 A,16.19,3638.0,203.05,K01681.01,2 to 1,2.86e-05,Not in HZ,0.004380582436395022,0.0055301356766230695,0.010668942189184655,0.011252342034574607,1.490398202181055,0.9351783848603836,0.2512599733663494,0.225881250550484
Kepler-1984 A c,Aschwaden Prediction,5.296601175,0.044421567,Kepler-1984 A,16.19,3638.0,203.05,K01681.01,3 to 2,2.86e-05,Not in HZ,0.004380582436395022,0.0055301356766230695,0.010668942189184655,0.011252342034574607,1.490398202181055,0.9351783848603836,0.2512599733663494,0.225881250550484
Kepler-1984 A b,Aschwaden Prediction,5.885112417,0.047653946,Kepler-1984 A,16.19,3638.0,203.05,K01681.01,5 to 3,2.86e-05,Not in HZ,0.004380582436395022,0.0055301356766230695,0.010668942189184655,0.011252342034574607,1.490398202181055,0.9351783848603836,0.2512599733663494,0.225881250550484
Kepler-1984 A c,Aschwaden Prediction,4.413834313,0.039337465,Kepler-1984 A,16.19,3638.0,203.05,K01681.01,5 to 4,2.86e-05,Not in HZ,0.004380582436395022,0.0055301356766230695,0.010668942189184655,0.011252342034574607,1.490398202181055,0.9351783848603836,0.2512599733663494,0.225881250550484
Kepler-1984 A b,Aschwaden Prediction,4.708089933,0.041066925,Kepler-1984 A,16.19,3638.0,203.05,K01681.01,4 to 3,2.86e-05,Not in HZ,0.004380582436395022,0.0055301356766230695,0.010668942189184655,0.011252342034574607,1.490398202181055,0.9351783848603836,0.2512599733663494,0.225881250550484
Kepler-1984 A c,Aschwaden Prediction,8.827668625,0.062444334,Kepler-1984 A,16.19,3638.0,203.05,K01681.01,5 to 2,2.86e-05,Not in HZ,0.004380582436395022,0.0055301356766230695,0.010668942189184655,0.011252342034574607,1.490398202181055,0.9351783848603836,0.2512599733663494,0.225881250550484
Kepler-1984 A b,Aschwaden Prediction,10.59320235,0.070514842,Kepler-1984 A,16.19,3638.0,203.05,K01681.01,3 to 1,2.86e-05,Not in HZ,0.004380582436395022,0.0055301356766230695,0.010668942189184655,0.011252342034574607,1.490398202181055,0.9351783848603836,0.2512599733663494,0.225881250550484
Kepler-1984 A c,Aschwaden Prediction,13.87822762,0.084449736,Kepler-1984 A,16.19,3638.0,203.05,K01681.03,2 to 1,2.86e-05,Not in HZ,0.004380582436395022,0.0055301356766230695,0.010668942189184655,0.011252342034574607,1.490398202181055,0.9351783848603836,0.2512599733663494,0.225881250550484
Kepler-1984 A b,Aschwaden Prediction,10.40867072,0.069711721,Kepler-1984 A,16.19,3638.0,203.05,K01681.03,3 to 2,2.86e-05,Not in HZ,0.004380582436395022,0.0055301356766230695,0.010668942189184655,0.011252342034574607,1.490398202181055,0.9351783848603836,0.2512599733663494,0.225881250550484
Kepler-1984 A c,Aschwaden Prediction,11.56518968,0.074784363,Kepler-1984 A,16.19,3638.0,203.05,K01681.03,5 to 3,2.86e-05,Not in HZ,0.004380582436395022,0.0055301356766230695,0.010668942189184655,0.011252342034574607,1.490398202181055,0.9351783848603836,0.2512599733663494,0.225881250550484
Kepler-1984 A b,Aschwaden Prediction,8.673892263,0.061733131,Kepler-1984 A,16.19,3638.0,203.05,K01681.03,5 to 4,2.86e-05,Not in HZ,0.004380582436395022,0.0055301356766230695,0.010668942189184655,0.011252342034574607,1.490398202181055,0.9351783848603836,0.2512599733663494,0.225881250550484
Kepler-1984 A c,Aschwaden Prediction,9.252151747,0.06444721,Kepler-1984 A,16.19,3638.0,203.05,K01681.03,4 to 3,2.86e-05,Not in HZ,0.004380582436395022,0.0055301356766230695,0.010668942189184655,0.011252342034574607,1.490398202181055,0.9351783848603836,0.2512599733663494,0.225881250550484
Kepler-1984 A b,Aschwaden Prediction,17.34778453,0.097995238,Kepler-1984 A,16.19,3638.0,203.05,K01681.03,5 to 2,2.86e-05,Not in HZ,0.004380582436395022,0.0055301356766230695,0.010668942189184655,0.011252342034574607,1.490398202181055,0.9351783848603836,0.2512599733663494,0.225881250550484
Kepler-1984 A c,Aschwaden Prediction,20.81734143,0.110660459,Kepler-1984 A,16.19,3638.0,203.05,K01681.03,3 to 1,2.86e-05,Not in HZ,0.004380582436395022,0.0055301356766230695,0.010668942189184655,0.011252342034574607,1.490398202181055,0.9351783848603836,0.2512599733663494,0.225881250550484
Kepler-1989 A b,Aschwaden Prediction,21.6408976,0.152073021,Kepler-1989 A,14.29,5953.0,1252.13,K00521.02,2 to 1,0.000164437,Not in HZ,0.00954827556675557,0.012060627907776922,0.021175749809016837,0.022335136589780365,1.8036391602571682,1.1304717320434898,0.3667093223641737,0.32962665203750185
Kepler-1989 A c,Aschwaden Prediction,16.2306732,0.125533513,Kepler-1989 A,14.29,5953.0,1252.13,K00521.02,3 to 2,0.000164437,Not in HZ,0.00954827556675557,0.012060627907776922,0.021175749809016837,0.022335136589780365,1.8036391602571682,1.1304717320434898,0.3667093223641737,0.32962665203750185
Kepler-1989 A b,Aschwaden Prediction,18.03408133,0.134668082,Kepler-1989 A,14.29,5953.0,1252.13,K00521.02,5 to 3,0.000164437,Not in HZ,0.00954827556675557,0.012060627907776922,0.021175749809016837,0.022335136589780365,1.8036391602571682,1.1304717320434898,0.3667093223641737,0.32962665203750185
Kepler-1989 A c,Aschwaden Prediction,13.525561,0.111166053,Kepler-1989 A,14.29,5953.0,1252.13,K00521.02,5 to 4,0.000164437,Not in HZ,0.00954827556675557,0.012060627907776922,0.021175749809016837,0.022335136589780365,1.8036391602571682,1.1304717320434898,0.3667093223641737,0.32962665203750185
Kepler-1989 A b,Aschwaden Prediction,14.42726507,0.116053435,Kepler-1989 A,14.29,5953.0,1252.13,K00521.02,4 to 3,0.000164437,Not in HZ,0.00954827556675557,0.012060627907776922,0.021175749809016837,0.022335136589780365,1.8036391602571682,1.1304717320434898,0.3667093223641737,0.32962665203750185
Kepler-1989 A c,Aschwaden Prediction,27.051122,0.176465109,Kepler-1989 A,14.29,5953.0,1252.13,K00521.02,5 to 2,0.000164437,Not in HZ,0.00954827556675557,0.012060627907776922,0.021175749809016837,0.022335136589780365,1.8036391602571682,1.1304717320434898,0.3667093223641737,0.32962665203750185
Kepler-1989 A b,Aschwaden Prediction,32.4613464,0.19927203,Kepler-1989 A,14.29,5953.0,1252.13,K00521.02,3 to 1,0.000164437,Not in HZ,0.00954827556675557,0.012060627907776922,0.021175749809016837,0.022335136589780365,1.8036391602571682,1.1304717320434898,0.3667093223641737,0.32962665203750185
Kepler-1995 b,Aschwaden Prediction,10.95431858,0.091434301,Kepler-1995,15.51,4693.0,595.331,K02037.02,2 to 1,5.35e-05,Not in HZ,0.005825400352603301,0.007355472562761478,0.013484089536800567,0.014222141222900817,1.5765299531504064,0.9888550194612235,0.29424597221386223,0.2644988623829096
Kepler-1995 c,Aschwaden Prediction,8.215738935,0.075477352,Kepler-1995,15.51,4693.0,595.331,K02037.02,3 to 2,5.35e-05,Not in HZ,0.005825400352603301,0.007355472562761478,0.013484089536800567,0.014222141222900817,1.5765299531504064,0.9888550194612235,0.29424597221386223,0.2644988623829096
Kepler-1995 b,Aschwaden Prediction,9.128598817,0.080969536,Kepler-1995,15.51,4693.0,595.331,K02037.02,5 to 3,5.35e-05,Not in HZ,0.005825400352603301,0.007355472562761478,0.013484089536800567,0.014222141222900817,1.5765299531504064,0.9888550194612235,0.29424597221386223,0.2644988623829096
Kepler-1995 c,Aschwaden Prediction,6.846449113,0.066838879,Kepler-1995,15.51,4693.0,595.331,K02037.02,5 to 4,5.35e-05,Not in HZ,0.005825400352603301,0.007355472562761478,0.013484089536800567,0.014222141222900817,1.5765299531504064,0.9888550194612235,0.29424597221386223,0.2644988623829096
Kepler-1995 b,Aschwaden Prediction,7.302879053,0.069777431,Kepler-1995,15.51,4693.0,595.331,K02037.02,4 to 3,5.35e-05,Not in HZ,0.005825400352603301,0.007355472562761478,0.013484089536800567,0.014222141222900817,1.5765299531504064,0.9888550194612235,0.29424597221386223,0.2644988623829096
Kepler-1995 c,Aschwaden Prediction,13.69289823,0.106100107,Kepler-1995,15.51,4693.0,595.331,K02037.02,5 to 2,5.35e-05,Not in HZ,0.005825400352603301,0.007355472562761478,0.013484089536800567,0.014222141222900817,1.5765299531504064,0.9888550194612235,0.29424597221386223,0.2644988623829096
Kepler-1995 b,Aschwaden Prediction,16.43147787,0.119812828,Kepler-1995,15.51,4693.0,595.331,K02037.02,3 to 1,5.35e-05,Not in HZ,0.005825400352603301,0.007355472562761478,0.013484089536800567,0.014222141222900817,1.5765299531504064,0.9888550194612235,0.29424597221386223,0.2644988623829096
Kepler-271 A b,Aschwaden Prediction,34.9065904,0.19572655,Kepler-271 A,13.58,5645.65,404.542,KOI-1151.04,2 to 1,0.000316228,Not in HZ,0.013489670657854209,0.017037451169788595,0.030155620137715406,0.0318066704022643,1.7377913366296576,1.0894092866151608,0.3477473213584355,0.31258195589387466
Kepler-271 A c,Aschwaden Prediction,26.1799428,0.161568707,Kepler-271 A,13.58,5645.65,404.542,KOI-1151.04,3 to 2,0.000316228,Not in HZ,0.013489670657854209,0.017037451169788595,0.030155620137715406,0.0318066704022643,1.7377913366296576,1.0894092866151608,0.3477473213584355,0.31258195589387466
Kepler-271 A b,Aschwaden Prediction,29.08882533,0.173325413,Kepler-271 A,13.58,5645.65,404.542,KOI-1151.04,5 to 3,0.000316228,Not in HZ,0.013489670657854209,0.017037451169788595,0.030155620137715406,0.0318066704022643,1.7377913366296576,1.0894092866151608,0.3477473213584355,0.31258195589387466
Kepler-271 A c,Aschwaden Prediction,21.816619,0.143076976,Kepler-271 A,13.58,5645.65,404.542,KOI-1151.04,5 to 4,0.000316228,Not in HZ,0.013489670657854209,0.017037451169788595,0.030155620137715406,0.0318066704022643,1.7377913366296576,1.0894092866151608,0.3477473213584355,0.31258195589387466
Kepler-271 A b,Aschwaden Prediction,23.27106027,0.149367313,Kepler-271 A,13.58,5645.65,404.542,KOI-1151.04,4 to 3,0.000316228,Not in HZ,0.013489670657854209,0.017037451169788595,0.030155620137715406,0.0318066704022643,1.7377913366296576,1.0894092866151608,0.3477473213584355,0.31258195589387466
Kepler-271 A c,Aschwaden Prediction,43.633238,0.227120542,Kepler-271 A,13.58,5645.65,404.542,KOI-1151.04,5 to 2,0.000316228,Not in HZ,0.013489670657854209,0.017037451169788595,0.030155620137715406,0.0318066704022643,1.7377913366296576,1.0894092866151608,0.3477473213584355,0.31258195589387466
Kepler-271 A b,Aschwaden Prediction,52.3598856,0.256474335,Kepler-271 A,13.58,5645.65,404.542,KOI-1151.04,3 to 1,0.000316228,Not in HZ,0.013489670657854209,0.017037451169788595,0.030155620137715406,0.0318066704022643,1.7377913366296576,1.0894092866151608,0.3477473213584355,0.31258195589387466
Kepler-385 b,Aschwaden Prediction,6.7475193,69.65101595,Kepler-385,11.57451405,6326.0,1493.94,KOI-2433.04,2 to 1,0.002005369,Not in HZ,0.03259318519634482,0.04117377166919738,0.07174185089275364,0.07566951821975532,1.8877335239406143,1.1829135144889125,0.3896270884106503,0.35022920586114353
Kepler-385 c,Aschwaden Prediction,5.060639475,57.49564687,Kepler-385,11.57451405,6326.0,1493.94,KOI-2433.04,3 to 2,0.002005369,Not in HZ,0.03259318519634482,0.04117377166919738,0.07174185089275364,0.07566951821975532,1.8877335239406143,1.1829135144889125,0.3896270884106503,0.35022920586114353
Kepler-385 b,Aschwaden Prediction,5.62293275,61.67937412,Kepler-385,11.57451405,6326.0,1493.94,KOI-2433.04,5 to 3,0.002005369,Not in HZ,0.03259318519634482,0.04117377166919738,0.07174185089275364,0.07566951821975532,1.8877335239406143,1.1829135144889125,0.3896270884106503,0.35022920586114353
Kepler-385 c,Aschwaden Prediction,4.217199563,50.91520153,Kepler-385,11.57451405,6326.0,1493.94,KOI-2433.04,5 to 4,0.002005369,Not in HZ,0.03259318519634482,0.04117377166919738,0.07174185089275364,0.07566951821975532,1.8877335239406143,1.1829135144889125,0.3896270884106503,0.35022920586114353
Kepler-385 b,Aschwaden Prediction,4.4983462,53.15367331,Kepler-385,11.57451405,6326.0,1493.94,KOI-2433.04,4 to 3,0.002005369,Not in HZ,0.03259318519634482,0.04117377166919738,0.07174185089275364,0.07566951821975532,1.8877335239406143,1.1829135144889125,0.3896270884106503,0.35022920586114353
Kepler-385 c,Aschwaden Prediction,8.434399125,80.82284447,Kepler-385,11.57451405,6326.0,1493.94,KOI-2433.04,5 to 2,0.002005369,Not in HZ,0.03259318519634482,0.04117377166919738,0.07174185089275364,0.07566951821975532,1.8877335239406143,1.1829135144889125,0.3896270884106503,0.35022920586114353
Kepler-385 b,Aschwaden Prediction,10.12127895,91.26865032,Kepler-385,11.57451405,6326.0,1493.94,KOI-2433.04,3 to 1,0.002005369,Not in HZ,0.03259318519634482,0.04117377166919738,0.07174185089275364,0.07566951821975532,1.8877335239406143,1.1829135144889125,0.3896270884106503,0.35022920586114353
Kepler-385 c,Aschwaden Prediction,12.1265062,69.65101595,Kepler-385,11.57451405,6326.0,1493.94,KOI-2433.06,2 to 1,0.002005369,Not in HZ,0.03259318519634482,0.04117377166919738,0.07174185089275364,0.07566951821975532,1.8877335239406143,1.1829135144889125,0.3896270884106503,0.35022920586114353
Kepler-385 b,Aschwaden Prediction,9.09487965,57.49564687,Kepler-385,11.57451405,6326.0,1493.94,KOI-2433.06,3 to 2,0.002005369,Not in HZ,0.03259318519634482,0.04117377166919738,0.07174185089275364,0.07566951821975532,1.8877335239406143,1.1829135144889125,0.3896270884106503,0.35022920586114353
Kepler-385 c,Aschwaden Prediction,10.10542183,61.67937412,Kepler-385,11.57451405,6326.0,1493.94,KOI-2433.06,5 to 3,0.002005369,Not in HZ,0.03259318519634482,0.04117377166919738,0.07174185089275364,0.07566951821975532,1.8877335239406143,1.1829135144889125,0.3896270884106503,0.35022920586114353
Kepler-385 b,Aschwaden Prediction,7.579066375,50.91520153,Kepler-385,11.57451405,6326.0,1493.94,KOI-2433.06,5 to 4,0.002005369,Not in HZ,0.03259318519634482,0.04117377166919738,0.07174185089275364,0.07566951821975532,1.8877335239406143,1.1829135144889125,0.3896270884106503,0.35022920586114353
Kepler-385 c,Aschwaden Prediction,8.084337467,53.15367331,Kepler-385,11.57451405,6326.0,1493.94,KOI-2433.06,4 to 3,0.002005369,Not in HZ,0.03259318519634482,0.04117377166919738,0.07174185089275364,0.07566951821975532,1.8877335239406143,1.1829135144889125,0.3896270884106503,0.35022920586114353
Kepler-385 b,Aschwaden Prediction,15.15813275,80.82284447,Kepler-385,11.57451405,6326.0,1493.94,KOI-2433.06,5 to 2,0.002005369,Not in HZ,0.03259318519634482,0.04117377166919738,0.07174185089275364,0.07566951821975532,1.8877335239406143,1.1829135144889125,0.3896270884106503,0.35022920586114353
Kepler-385 c,Aschwaden Prediction,18.1897593,91.26865032,Kepler-385,11.57451405,6326.0,1493.94,KOI-2433.06,3 to 1,0.002005369,Not in HZ,0.03259318519634482,0.04117377166919738,0.07174185089275364,0.07566951821975532,1.8877335239406143,1.1829135144889125,0.3896270884106503,0.35022920586114353
Kepler-385 b,Aschwaden Prediction,55.80852788,69.65101595,Kepler-385,11.57451405,6326.0,1493.94,KOI-2433.07,2 to 1,0.002005369,Not in HZ,0.03259318519634482,0.04117377166919738,0.07174185089275364,0.07566951821975532,1.8877335239406143,1.1829135144889125,0.3896270884106503,0.35022920586114353
Kepler-385 c,Aschwaden Prediction,41.85639591,57.49564687,Kepler-385,11.57451405,6326.0,1493.94,KOI-2433.07,3 to 2,0.002005369,Not in HZ,0.03259318519634482,0.04117377166919738,0.07174185089275364,0.07566951821975532,1.8877335239406143,1.1829135144889125,0.3896270884106503,0.35022920586114353
Kepler-385 b,Aschwaden Prediction,46.50710657,61.67937412,Kepler-385,11.57451405,6326.0,1493.94,KOI-2433.07,5 to 3,0.002005369,Not in HZ,0.03259318519634482,0.04117377166919738,0.07174185089275364,0.07566951821975532,1.8877335239406143,1.1829135144889125,0.3896270884106503,0.35022920586114353
Kepler-385 c,Aschwaden Prediction,34.88032993,50.91520153,Kepler-385,11.57451405,6326.0,1493.94,KOI-2433.07,5 to 4,0.002005369,Not in HZ,0.03259318519634482,0.04117377166919738,0.07174185089275364,0.07566951821975532,1.8877335239406143,1.1829135144889125,0.3896270884106503,0.35022920586114353
Kepler-385 b,Aschwaden Prediction,37.20568525,53.15367331,Kepler-385,11.57451405,6326.0,1493.94,KOI-2433.07,4 to 3,0.002005369,Not in HZ,0.03259318519634482,0.04117377166919738,0.07174185089275364,0.07566951821975532,1.8877335239406143,1.1829135144889125,0.3896270884106503,0.35022920586114353
Kepler-385 c,Aschwaden Prediction,69.76065985,80.82284447,Kepler-385,11.57451405,6326.0,1493.94,KOI-2433.07,5 to 2,0.002005369,Not in HZ,0.03259318519634482,0.04117377166919738,0.07174185089275364,0.07566951821975532,1.8877335239406143,1.1829135144889125,0.3896270884106503,0.35022920586114353
Kepler-385 b,Aschwaden Prediction,83.71279182,91.26865032,Kepler-385,11.57451405,6326.0,1493.94,KOI-2433.07,3 to 1,0.002005369,Not in HZ,0.03259318519634482,0.04117377166919738,0.07174185089275364,0.07566951821975532,1.8877335239406143,1.1829135144889125,0.3896270884106503,0.35022920586114353
Kepler-492 b,Aschwaden Prediction,9.6252,0.082544855,Kepler-492,11.57451405,5527.0,642.0,KOI-205.02,2 to 1,0.002005369,Not in HZ,0.034207328752081,0.043202252748512145,0.07673789876197332,0.08093933396170783,1.7137835668596453,1.0744383726526479,0.34054498633656083,0.3061082570031902
Kepler-492 c,Aschwaden Prediction,7.2189,0.068139276,Kepler-492,11.57451405,5527.0,642.0,KOI-205.02,3 to 2,0.002005369,Conservative HZ,0.034207328752081,0.043202252748512145,0.07673789876197332,0.08093933396170783,1.7137835668596453,1.0744383726526479,0.34054498633656083,0.3061082570031902
Kepler-492 b,Aschwaden Prediction,8.021,0.073097498,Kepler-492,11.57451405,5527.0,642.0,KOI-205.02,5 to 3,0.002005369,Conservative HZ,0.034207328752081,0.043202252748512145,0.07673789876197332,0.08093933396170783,1.7137835668596453,1.0744383726526479,0.34054498633656083,0.3061082570031902
Kepler-492 c,Aschwaden Prediction,6.01575,0.060340655,Kepler-492,11.57451405,5527.0,642.0,KOI-205.02,5 to 4,0.002005369,Conservative HZ,0.034207328752081,0.043202252748512145,0.07673789876197332,0.08093933396170783,1.7137835668596453,1.0744383726526479,0.34054498633656083,0.3061082570031902
Kepler-492 b,Aschwaden Prediction,6.4168,0.062993514,Kepler-492,11.57451405,5527.0,642.0,KOI-205.02,4 to 3,0.002005369,Conservative HZ,0.034207328752081,0.043202252748512145,0.07673789876197332,0.08093933396170783,1.7137835668596453,1.0744383726526479,0.34054498633656083,0.3061082570031902
Kepler-492 c,Aschwaden Prediction,12.0315,0.095784819,Kepler-492,11.57451405,5527.0,642.0,KOI-205.02,5 to 2,0.002005369,Not in HZ,0.034207328752081,0.043202252748512145,0.07673789876197332,0.08093933396170783,1.7137835668596453,1.0744383726526479,0.34054498633656083,0.3061082570031902
Kepler-492 b,Aschwaden Prediction,14.4378,0.108164359,Kepler-492,11.57451405,5527.0,642.0,KOI-205.02,3 to 1,0.002005369,Not in HZ,0.034207328752081,0.043202252748512145,0.07673789876197332,0.08093933396170783,1.7137835668596453,1.0744383726526479,0.34054498633656083,0.3061082570031902
Kepler-662 b,Aschwaden Prediction,10.08829014,0.074290369,Kepler-662,11.57451405,4897.0,641.0,KOI-750.02,2 to 1,0.002005369,Conservative HZ,0.03535387176896408,0.044642071344582375,0.0811275229630924,0.08556850833460437,1.6044283687658154,1.0062493728923876,0.30468976445140394,0.2738838187614471
Kepler-662 c,Aschwaden Prediction,7.566217605,0.061325349,Kepler-662,11.57451405,4897.0,641.0,KOI-750.02,3 to 2,0.002005369,Conservative HZ,0.03535387176896408,0.044642071344582375,0.0811275229630924,0.08556850833460437,1.6044283687658154,1.0062493728923876,0.30468976445140394,0.2738838187614471
Kepler-662 b,Aschwaden Prediction,8.40690845,0.065787748,Kepler-662,11.57451405,4897.0,641.0,KOI-750.02,5 to 3,0.002005369,Conservative HZ,0.03535387176896408,0.044642071344582375,0.0811275229630924,0.08556850833460437,1.6044283687658154,1.0062493728923876,0.30468976445140394,0.2738838187614471
Kepler-662 c,Aschwaden Prediction,6.305181338,0.054306589,Kepler-662,11.57451405,4897.0,641.0,KOI-750.02,5 to 4,0.002005369,Conservative HZ,0.03535387176896408,0.044642071344582375,0.0811275229630924,0.08556850833460437,1.6044283687658154,1.0062493728923876,0.30468976445140394,0.2738838187614471
Kepler-662 b,Aschwaden Prediction,6.72552676,0.056694162,Kepler-662,11.57451405,4897.0,641.0,KOI-750.02,4 to 3,0.002005369,Conservative HZ,0.03535387176896408,0.044642071344582375,0.0811275229630924,0.08556850833460437,1.6044283687658154,1.0062493728923876,0.30468976445140394,0.2738838187614471
Kepler-662 c,Aschwaden Prediction,12.61036268,0.086206337,Kepler-662,11.57451405,4897.0,641.0,KOI-750.02,5 to 2,0.002005369,Not in HZ,0.03535387176896408,0.044642071344582375,0.0811275229630924,0.08556850833460437,1.6044283687658154,1.0062493728923876,0.30468976445140394,0.2738838187614471
Kepler-662 b,Aschwaden Prediction,15.13243521,0.097347923,Kepler-662,11.57451405,4897.0,641.0,KOI-750.02,3 to 1,0.002005369,Not in HZ,0.03535387176896408,0.044642071344582375,0.0811275229630924,0.08556850833460437,1.6044283687658154,1.0062493728923876,0.30468976445140394,0.2738838187614471
Kepler-822 b,Aschwaden Prediction,42.0224136,0.228427011,Kepler-822,11.57451405,5928.0,956.0,KOI-1338.02,2 to 1,0.002005369,Not in HZ,0.03339546193232081,0.04218218371961544,0.07410642822720101,0.07816381428911195,1.7981229617557462,1.127031823926812,0.36515944112492604,0.3282334281734203
Kepler-822 c,Aschwaden Prediction,31.5168102,0.188562343,Kepler-822,11.57451405,5928.0,956.0,KOI-1338.02,3 to 2,0.002005369,Not in HZ,0.03339546193232081,0.04218218371961544,0.07410642822720101,0.07816381428911195,1.7981229617557462,1.127031823926812,0.36515944112492604,0.3282334281734203
Kepler-822 b,Aschwaden Prediction,35.018678,0.202283268,Kepler-822,11.57451405,5928.0,956.0,KOI-1338.02,5 to 3,0.002005369,Not in HZ,0.03339546193232081,0.04218218371961544,0.07410642822720101,0.07816381428911195,1.7981229617557462,1.127031823926812,0.36515944112492604,0.3282334281734203
Kepler-822 c,Aschwaden Prediction,26.2640085,0.166981158,Kepler-822,11.57451405,5928.0,956.0,KOI-1338.02,5 to 4,0.002005369,Not in HZ,0.03339546193232081,0.04218218371961544,0.07410642822720101,0.07816381428911195,1.7981229617557462,1.127031823926812,0.36515944112492604,0.3282334281734203
Kepler-822 b,Aschwaden Prediction,28.0149424,0.174322436,Kepler-822,11.57451405,5928.0,956.0,KOI-1338.02,4 to 3,0.002005369,Not in HZ,0.03339546193232081,0.04218218371961544,0.07410642822720101,0.07816381428911195,1.7981229617557462,1.127031823926812,0.36515944112492604,0.3282334281734203
Kepler-822 c,Aschwaden Prediction,52.528017,0.265066066,Kepler-822,11.57451405,5928.0,956.0,KOI-1338.02,5 to 2,0.002005369,Not in HZ,0.03339546193232081,0.04218218371961544,0.07410642822720101,0.07816381428911195,1.7981229617557462,1.127031823926812,0.36515944112492604,0.3282334281734203
Kepler-822 b,Aschwaden Prediction,63.0336204,0.299324062,Kepler-822,11.57451405,5928.0,956.0,KOI-1338.02,3 to 1,0.002005369,Not in HZ,0.03339546193232081,0.04218218371961544,0.07410642822720101,0.07816381428911195,1.7981229617557462,1.127031823926812,0.36515944112492604,0.3282334281734203
Kepler-87 b,Aschwaden Prediction,11.66784942,0.100006266,Kepler-87,15.0,5600.0,1277.88,KOI-1574.03,2 to 1,8.55e-05,Not in HZ,0.007033233051340686,0.008882845268493481,0.01574329187684476,0.016605250252138593,1.72844712313328,1.08358234516944,0.34496498909479995,0.3100810775332639
Kepler-87 c,Aschwaden Prediction,8.750887065,0.082553354,Kepler-87,15.0,5600.0,1277.88,KOI-1574.03,3 to 2,8.55e-05,Not in HZ,0.007033233051340686,0.008882845268493481,0.01574329187684476,0.016605250252138593,1.72844712313328,1.08358234516944,0.34496498909479995,0.3100810775332639
Kepler-87 b,Aschwaden Prediction,9.72320785,0.08856043,Kepler-87,15.0,5600.0,1277.88,KOI-1574.03,5 to 3,8.55e-05,Not in HZ,0.007033233051340686,0.008882845268493481,0.01574329187684476,0.016605250252138593,1.72844712313328,1.08358234516944,0.34496498909479995,0.3100810775332639
Kepler-87 c,Aschwaden Prediction,7.292405887,0.073105024,Kepler-87,15.0,5600.0,1277.88,KOI-1574.03,5 to 4,8.55e-05,Not in HZ,0.007033233051340686,0.008882845268493481,0.01574329187684476,0.016605250252138593,1.72844712313328,1.08358234516944,0.34496498909479995,0.3100810775332639
Kepler-87 b,Aschwaden Prediction,7.77856628,0.076319065,Kepler-87,15.0,5600.0,1277.88,KOI-1574.03,4 to 3,8.55e-05,Not in HZ,0.007033233051340686,0.008882845268493481,0.01574329187684476,0.016605250252138593,1.72844712313328,1.08358234516944,0.34496498909479995,0.3100810775332639
Kepler-87 c,Aschwaden Prediction,14.58481177,0.116046992,Kepler-87,15.0,5600.0,1277.88,KOI-1574.03,5 to 2,8.55e-05,Not in HZ,0.007033233051340686,0.008882845268493481,0.01574329187684476,0.016605250252138593,1.72844712313328,1.08358234516944,0.34496498909479995,0.3100810775332639
Kepler-87 b,Aschwaden Prediction,17.50177413,0.131045281,Kepler-87,15.0,5600.0,1277.88,KOI-1574.03,3 to 1,8.55e-05,Not in HZ,0.007033233051340686,0.008882845268493481,0.01574329187684476,0.016605250252138593,1.72844712313328,1.08358234516944,0.34496498909479995,0.3100810775332639
Kepler-879 b,Aschwaden Prediction,1.293432,0.023334795,Kepler-879,11.57451405,5644.0,802.672,Kepler-879 c,2 to 1,0.002005369,Not in HZ,0.03397354156153475,0.04290855363729435,0.0759500732344045,0.0801084150872231,1.7374513500639766,1.0891972746094551,0.3476465334504141,0.3124913628892238
Kepler-879 c,Aschwaden Prediction,0.970074,0.019262449,Kepler-879,11.57451405,5644.0,802.672,Kepler-879 c,3 to 2,0.002005369,Not in HZ,0.03397354156153475,0.04290855363729435,0.0759500732344045,0.0801084150872231,1.7374513500639766,1.0891972746094551,0.3476465334504141,0.3124913628892238
Kepler-879 b,Aschwaden Prediction,1.07786,0.0206641,Kepler-879,11.57451405,5644.0,802.672,Kepler-879 c,5 to 3,0.002005369,Not in HZ,0.03397354156153475,0.04290855363729435,0.0759500732344045,0.0801084150872231,1.7374513500639766,1.0891972746094551,0.3476465334504141,0.3124913628892238
Kepler-879 c,Aschwaden Prediction,0.808395,0.017057839,Kepler-879,11.57451405,5644.0,802.672,Kepler-879 c,5 to 4,0.002005369,Not in HZ,0.03397354156153475,0.04290855363729435,0.0759500732344045,0.0801084150872231,1.7374513500639766,1.0891972746094551,0.3476465334504141,0.3124913628892238
Kepler-879 b,Aschwaden Prediction,0.862288,0.017807782,Kepler-879,11.57451405,5644.0,802.672,Kepler-879 c,4 to 3,0.002005369,Not in HZ,0.03397354156153475,0.04290855363729435,0.0759500732344045,0.0801084150872231,1.7374513500639766,1.0891972746094551,0.3476465334504141,0.3124913628892238
Kepler-879 c,Aschwaden Prediction,1.61679,0.027077632,Kepler-879,11.57451405,5644.0,802.672,Kepler-879 c,5 to 2,0.002005369,Not in HZ,0.03397354156153475,0.04290855363729435,0.0759500732344045,0.0801084150872231,1.7374513500639766,1.0891972746094551,0.3476465334504141,0.3124913628892238
Kepler-879 b,Aschwaden Prediction,1.940148,0.030577232,Kepler-879,11.57451405,5644.0,802.672,Kepler-879 c,3 to 1,0.002005369,Not in HZ,0.03397354156153475,0.04290855363729435,0.0759500732344045,0.0801084150872231,1.7374513500639766,1.0891972746094551,0.3476465334504141,0.3124913628892238
Kepler-907 A b,Aschwaden Prediction,41.211002,0.231601813,Kepler-907 A,11.57451405,6106.0,352.0,KOI-1613.02,2 to 1,0.002005369,Not in HZ,0.033032738990877726,0.041726310495829186,0.07301286243460378,0.07701029171225286,1.8378291073400987,1.1517927121816243,0.37617986559984384,0.33814016492284094
Kepler-907 A c,Aschwaden Prediction,30.9082515,0.191183085,Kepler-907 A,11.57451405,6106.0,352.0,KOI-1613.02,3 to 2,0.002005369,Not in HZ,0.033032738990877726,0.041726310495829186,0.07301286243460378,0.07701029171225286,1.8378291073400987,1.1517927121816243,0.37617986559984384,0.33814016492284094
Kepler-907 A b,Aschwaden Prediction,34.34250167,0.20509471,Kepler-907 A,11.57451405,6106.0,352.0,KOI-1613.02,5 to 3,0.002005369,Not in HZ,0.033032738990877726,0.041726310495829186,0.07301286243460378,0.07701029171225286,1.8378291073400987,1.1517927121816243,0.37617986559984384,0.33814016492284094
Kepler-907 A c,Aschwaden Prediction,25.75687625,0.169301953,Kepler-907 A,11.57451405,6106.0,352.0,KOI-1613.02,5 to 4,0.002005369,Not in HZ,0.033032738990877726,0.041726310495829186,0.07301286243460378,0.07701029171225286,1.8378291073400987,1.1517927121816243,0.37617986559984384,0.33814016492284094
Kepler-907 A b,Aschwaden Prediction,27.47400133,0.176745263,Kepler-907 A,11.57451405,6106.0,352.0,KOI-1613.02,4 to 3,0.002005369,Not in HZ,0.033032738990877726,0.041726310495829186,0.07301286243460378,0.07701029171225286,1.8378291073400987,1.1517927121816243,0.37617986559984384,0.33814016492284094
Kepler-907 A c,Aschwaden Prediction,51.5137525,0.268750098,Kepler-907 A,11.57451405,6106.0,352.0,KOI-1613.02,5 to 2,0.002005369,Not in HZ,0.033032738990877726,0.041726310495829186,0.07301286243460378,0.07701029171225286,1.8378291073400987,1.1517927121816243,0.37617986559984384,0.33814016492284094
Kepler-907 A b,Aschwaden Prediction,61.816503,0.30348423,Kepler-907 A,11.57451405,6106.0,352.0,KOI-1613.02,3 to 1,0.002005369,Not in HZ,0.033032738990877726,0.041726310495829186,0.07301286243460378,0.07701029171225286,1.8378291073400987,1.1517927121816243,0.37617986559984384,0.33814016492284094
LoTr 5 A d,Aschwaden Prediction,11.9335,0.10556217,LoTr 5 A,8.88,5410.0,498.798,LoTr 5 Ab,2 to 1,0.023988329,Not in HZ,0.11910266368593098,0.15041566256573338,0.2681757378215414,0.28285823890189754,1.69105233219383,1.06026365507509,0.333550063946425,0.29982119470122903
LoTr 5 A b,Aschwaden Prediction,8.950125,0.087139651,LoTr 5 A,8.88,5410.0,498.798,LoTr 5 Ab,3 to 2,0.023988329,Not in HZ,0.11910266368593098,0.15041566256573338,0.2681757378215414,0.28285823890189754,1.69105233219383,1.06026365507509,0.333550063946425,0.29982119470122903
LoTr 5 A c,Aschwaden Prediction,9.944583333,0.093480454,LoTr 5 A,8.88,5410.0,498.798,LoTr 5 Ab,5 to 3,0.023988329,Not in HZ,0.11910266368593098,0.15041566256573338,0.2681757378215414,0.28285823890189754,1.69105233219383,1.06026365507509,0.333550063946425,0.29982119470122903
LoTr 5 A b,Aschwaden Prediction,7.4584375,0.077166414,LoTr 5 A,8.88,5410.0,498.798,LoTr 5 Ab,5 to 4,0.023988329,Not in HZ,0.11910266368593098,0.15041566256573338,0.2681757378215414,0.28285823890189754,1.69105233219383,1.06026365507509,0.333550063946425,0.29982119470122903
LoTr 5 A c,Aschwaden Prediction,7.955666667,0.080559013,LoTr 5 A,8.88,5410.0,498.798,LoTr 5 Ab,4 to 3,0.023988329,Not in HZ,0.11910266368593098,0.15041566256573338,0.2681757378215414,0.28285823890189754,1.69105233219383,1.06026365507509,0.333550063946425,0.29982119470122903
LoTr 5 A b,Aschwaden Prediction,14.916875,0.122494047,LoTr 5 A,8.88,5410.0,498.798,LoTr 5 Ab,5 to 2,0.023988329,Not in HZ,0.11910266368593098,0.15041566256573338,0.2681757378215414,0.28285823890189754,1.69105233219383,1.06026365507509,0.333550063946425,0.29982119470122903
LoTr 5 A c,Aschwaden Prediction,17.90025,0.138325574,LoTr 5 A,8.88,5410.0,498.798,LoTr 5 Ab,3 to 1,0.023988329,Not in HZ,0.11910266368593098,0.15041566256573338,0.2681757378215414,0.28285823890189754,1.69105233219383,1.06026365507509,0.333550063946425,0.29982119470122903
Sand 178 b,Aschwaden Prediction,39.98,69.65101595,Sand 178,14.0,3520.0,58.8285,Sand 178 c,2 to 1,0.000214783,Not in HZ,0.012023995482271078,0.015179129860445026,0.029456629917119795,0.031067133182419472,1.4856013839972801,0.9321936735534398,0.24753338864679994,0.22253460020846397
Sand 178 c,Aschwaden Prediction,29.985,57.49564687,Sand 178,14.0,3520.0,58.8285,Sand 178 c,3 to 2,0.000214783,Not in HZ,0.012023995482271078,0.015179129860445026,0.029456629917119795,0.031067133182419472,1.4856013839972801,0.9321936735534398,0.24753338864679994,0.22253460020846397
Sand 178 b,Aschwaden Prediction,33.31666667,61.67937412,Sand 178,14.0,3520.0,58.8285,Sand 178 c,5 to 3,0.000214783,Not in HZ,0.012023995482271078,0.015179129860445026,0.029456629917119795,0.031067133182419472,1.4856013839972801,0.9321936735534398,0.24753338864679994,0.22253460020846397
Sand 178 c,Aschwaden Prediction,24.9875,50.91520153,Sand 178,14.0,3520.0,58.8285,Sand 178 c,5 to 4,0.000214783,Not in HZ,0.012023995482271078,0.015179129860445026,0.029456629917119795,0.031067133182419472,1.4856013839972801,0.9321936735534398,0.24753338864679994,0.22253460020846397
Sand 178 b,Aschwaden Prediction,26.65333333,53.15367331,Sand 178,14.0,3520.0,58.8285,Sand 178 c,4 to 3,0.000214783,Not in HZ,0.012023995482271078,0.015179129860445026,0.029456629917119795,0.031067133182419472,1.4856013839972801,0.9321936735534398,0.24753338864679994,0.22253460020846397
Sand 178 c,Aschwaden Prediction,49.975,80.82284447,Sand 178,14.0,3520.0,58.8285,Sand 178 c,5 to 2,0.000214783,Not in HZ,0.012023995482271078,0.015179129860445026,0.029456629917119795,0.031067133182419472,1.4856013839972801,0.9321936735534398,0.24753338864679994,0.22253460020846397
Sand 178 b,Aschwaden Prediction,59.97,91.26865032,Sand 178,14.0,3520.0,58.8285,Sand 178 c,3 to 1,0.000214783,Not in HZ,0.012023995482271078,0.015179129860445026,0.029456629917119795,0.031067133182419472,1.4856013839972801,0.9321936735534398,0.24753338864679994,0.22253460020846397
Sand 178 c,Aschwaden Prediction,372.74,69.65101595,Sand 178,14.0,3520.0,58.8285,Sand 178 d,2 to 1,0.000214783,Not in HZ,0.012023995482271078,0.015179129860445026,0.029456629917119795,0.031067133182419472,1.4856013839972801,0.9321936735534398,0.24753338864679994,0.22253460020846397
Sand 178 b,Aschwaden Prediction,279.555,57.49564687,Sand 178,14.0,3520.0,58.8285,Sand 178 d,3 to 2,0.000214783,Not in HZ,0.012023995482271078,0.015179129860445026,0.029456629917119795,0.031067133182419472,1.4856013839972801,0.9321936735534398,0.24753338864679994,0.22253460020846397
Sand 178 c,Aschwaden Prediction,310.6166667,61.67937412,Sand 178,14.0,3520.0,58.8285,Sand 178 d,5 to 3,0.000214783,Not in HZ,0.012023995482271078,0.015179129860445026,0.029456629917119795,0.031067133182419472,1.4856013839972801,0.9321936735534398,0.24753338864679994,0.22253460020846397
Sand 178 b,Aschwaden Prediction,232.9625,50.91520153,Sand 178,14.0,3520.0,58.8285,Sand 178 d,5 to 4,0.000214783,Not in HZ,0.012023995482271078,0.015179129860445026,0.029456629917119795,0.031067133182419472,1.4856013839972801,0.9321936735534398,0.24753338864679994,0.22253460020846397
Sand 178 c,Aschwaden Prediction,248.4933333,53.15367331,Sand 178,14.0,3520.0,58.8285,Sand 178 d,4 to 3,0.000214783,Not in HZ,0.012023995482271078,0.015179129860445026,0.029456629917119795,0.031067133182419472,1.4856013839972801,0.9321936735534398,0.24753338864679994,0.22253460020846397
Sand 178 b,Aschwaden Prediction,465.925,80.82284447,Sand 178,14.0,3520.0,58.8285,Sand 178 d,5 to 2,0.000214783,Not in HZ,0.012023995482271078,0.015179129860445026,0.029456629917119795,0.031067133182419472,1.4856013839972801,0.9321936735534398,0.24753338864679994,0.22253460020846397
Sand 178 c,Aschwaden Prediction,559.11,91.26865032,Sand 178,14.0,3520.0,58.8285,Sand 178 d,3 to 1,0.000214783,Not in HZ,0.012023995482271078,0.015179129860445026,0.029456629917119795,0.031067133182419472,1.4856013839972801,0.9321936735534398,0.24753338864679994,0.22253460020846397
TOI-1438 d,Aschwaden Prediction,10.279325,0.088894459,TOI-1438,11.57451405,5269.0,110.51,TOI-1438 b,2 to 1,0.002005369,Not in HZ,0.03470451814325875,0.04382673508246264,0.07851594000971246,0.08281452573595278,1.6650307538438627,1.0440374081148542,0.32529592888406056,0.2924026195113793
TOI-1438 b,Aschwaden Prediction,7.70949375,0.073380759,TOI-1438,11.57451405,5269.0,110.51,TOI-1438 b,3 to 2,0.002005369,Conservative HZ,0.03470451814325875,0.04382673508246264,0.07851594000971246,0.08281452573595278,1.6650307538438627,1.0440374081148542,0.32529592888406056,0.2924026195113793
TOI-1438 c,Aschwaden Prediction,8.566104167,0.078720382,TOI-1438,11.57451405,5269.0,110.51,TOI-1438 b,5 to 3,0.002005369,Optimistic HZ,0.03470451814325875,0.04382673508246264,0.07851594000971246,0.08281452573595278,1.6650307538438627,1.0440374081148542,0.32529592888406056,0.2924026195113793
TOI-1438 b,Aschwaden Prediction,6.424578125,0.064982244,TOI-1438,11.57451405,5269.0,110.51,TOI-1438 b,5 to 4,0.002005369,Conservative HZ,0.03470451814325875,0.04382673508246264,0.07851594000971246,0.08281452573595278,1.6650307538438627,1.0440374081148542,0.32529592888406056,0.2924026195113793
TOI-1438 c,Aschwaden Prediction,6.852883333,0.067839169,TOI-1438,11.57451405,5269.0,110.51,TOI-1438 b,4 to 3,0.002005369,Conservative HZ,0.03470451814325875,0.04382673508246264,0.07851594000971246,0.08281452573595278,1.6650307538438627,1.0440374081148542,0.32529592888406056,0.2924026195113793
TOI-1438 b,Aschwaden Prediction,12.84915625,0.103152882,TOI-1438,11.57451405,5269.0,110.51,TOI-1438 b,5 to 2,0.002005369,Not in HZ,0.03470451814325875,0.04382673508246264,0.07851594000971246,0.08281452573595278,1.6650307538438627,1.0440374081148542,0.32529592888406056,0.2924026195113793
TOI-1438 c,Aschwaden Prediction,15.4189875,0.116484694,TOI-1438,11.57451405,5269.0,110.51,TOI-1438 b,3 to 1,0.002005369,Not in HZ,0.03470451814325875,0.04382673508246264,0.07851594000971246,0.08281452573595278,1.6650307538438627,1.0440374081148542,0.32529592888406056,0.2924026195113793
TOI-193 d,Aschwaden Prediction,1.5842,69.65101595,TOI-193,11.57451405,5222.0,24949.97293,TOI-193 b,2 to 1,0.002005369,Not in HZ,0.03479153858493791,0.043936017393179684,0.07884415153124602,0.08316065353736174,1.6567120351989237,1.0388501866577984,0.32259328961834943,0.28997363300734547
TOI-193 b,Aschwaden Prediction,1.18815,57.49564687,TOI-193,11.57451405,5222.0,24949.97293,TOI-193 b,3 to 2,0.002005369,Not in HZ,0.03479153858493791,0.043936017393179684,0.07884415153124602,0.08316065353736174,1.6567120351989237,1.0388501866577984,0.32259328961834943,0.28997363300734547
TOI-193 c,Aschwaden Prediction,1.320166667,61.67937412,TOI-193,11.57451405,5222.0,24949.97293,TOI-193 b,5 to 3,0.002005369,Not in HZ,0.03479153858493791,0.043936017393179684,0.07884415153124602,0.08316065353736174,1.6567120351989237,1.0388501866577984,0.32259328961834943,0.28997363300734547
TOI-193 b,Aschwaden Prediction,0.990125,50.91520153,TOI-193,11.57451405,5222.0,24949.97293,TOI-193 b,5 to 4,0.002005369,Not in HZ,0.03479153858493791,0.043936017393179684,0.07884415153124602,0.08316065353736174,1.6567120351989237,1.0388501866577984,0.32259328961834943,0.28997363300734547
TOI-193 c,Aschwaden Prediction,1.056133333,53.15367331,TOI-193,11.57451405,5222.0,24949.97293,TOI-193 b,4 to 3,0.002005369,Not in HZ,0.03479153858493791,0.043936017393179684,0.07884415153124602,0.08316065353736174,1.6567120351989237,1.0388501866577984,0.32259328961834943,0.28997363300734547
TOI-193 b,Aschwaden Prediction,1.98025,80.82284447,TOI-193,11.57451405,5222.0,24949.97293,TOI-193 b,5 to 2,0.002005369,Not in HZ,0.03479153858493791,0.043936017393179684,0.07884415153124602,0.08316065353736174,1.6567120351989237,1.0388501866577984,0.32259328961834943,0.28997363300734547
TOI-193 c,Aschwaden Prediction,2.3763,91.26865032,TOI-193,11.57451405,5222.0,24949.97293,TOI-193 b,3 to 1,0.002005369,Not in HZ,0.03479153858493791,0.043936017393179684,0.07884415153124602,0.08316065353736174,1.6567120351989237,1.0388501866577984,0.32259328961834943,0.28997363300734547
eps Crv d,Aschwaden Prediction,4.5834119,0.084132256,eps Crv,2.98,4314.0,24949.97293,eps Crv b,2 to 1,5.495408739,Not in HZ,1.8921304997820714,2.38891064719504,4.45680653007962,4.700685160807179,1.5349627035170157,0.9629421295880473,0.27666386291768064,0.2487010801294724
eps Crv b,Aschwaden Prediction,3.437558925,0.069449647,eps Crv,2.98,4314.0,24949.97293,eps Crv b,3 to 2,5.495408739,Not in HZ,1.8921304997820714,2.38891064719504,4.45680653007962,4.700685160807179,1.5349627035170157,0.9629421295880473,0.27666386291768064,0.2487010801294724
eps Crv c,Aschwaden Prediction,3.819509917,0.074503219,eps Crv,2.98,4314.0,24949.97293,eps Crv b,5 to 3,5.495408739,Not in HZ,1.8921304997820714,2.38891064719504,4.45680653007962,4.700685160807179,1.5349627035170157,0.9629421295880473,0.27666386291768064,0.2487010801294724
eps Crv b,Aschwaden Prediction,2.864632438,0.061501052,eps Crv,2.98,4314.0,24949.97293,eps Crv b,5 to 4,5.495408739,Not in HZ,1.8921304997820714,2.38891064719504,4.45680653007962,4.700685160807179,1.5349627035170157,0.9629421295880473,0.27666386291768064,0.2487010801294724
eps Crv c,Aschwaden Prediction,3.055607933,0.064204928,eps Crv,2.98,4314.0,24949.97293,eps Crv b,4 to 3,5.495408739,Not in HZ,1.8921304997820714,2.38891064719504,4.45680653007962,4.700685160807179,1.5349627035170157,0.9629421295880473,0.27666386291768064,0.2487010801294724
eps Crv b,Aschwaden Prediction,5.729264875,0.097626835,eps Crv,2.98,4314.0,24949.97293,eps Crv b,5 to 2,5.495408739,Not in HZ,1.8921304997820714,2.38891064719504,4.45680653007962,4.700685160807179,1.5349627035170157,0.9629421295880473,0.27666386291768064,0.2487010801294724
eps Crv c,Aschwaden Prediction,6.87511785,0.110244443,eps Crv,2.98,4314.0,24949.97293,eps Crv b,3 to 1,5.495408739,Not in HZ,1.8921304997820714,2.38891064719504,4.45680653007962,4.700685160807179,1.5349627035170157,0.9629421295880473,0.27666386291768064,0.2487010801294724
tau Cet e,Aschwaden Prediction,27.93,0.16667711,tau Cet,3.5,5344.0,3.65,tau Cet b,2 to 1,3.404081897,Not in HZ,1.424020862414382,1.7983707341132626,3.213413358293581,3.3893440985672494,1.6786776032948179,1.052547119698972,0.32966042222675007,0.2963252609553979
tau Cet b,Aschwaden Prediction,20.9475,0.137588923,tau Cet,3.5,5344.0,3.65,tau Cet b,3 to 2,3.404081897,Not in HZ,1.424020862414382,1.7983707341132626,3.213413358293581,3.3893440985672494,1.6786776032948179,1.052547119698972,0.32966042222675007,0.2963252609553979
tau Cet c,Aschwaden Prediction,23.275,0.147600716,tau Cet,3.5,5344.0,3.65,tau Cet b,5 to 3,3.404081897,Not in HZ,1.424020862414382,1.7983707341132626,3.213413358293581,3.3893440985672494,1.6786776032948179,1.052547119698972,0.32966042222675007,0.2963252609553979
tau Cet b,Aschwaden Prediction,17.45625,0.121841707,tau Cet,3.5,5344.0,3.65,tau Cet b,5 to 4,3.404081897,Not in HZ,1.424020862414382,1.7983707341132626,3.213413358293581,3.3893440985672494,1.6786776032948179,1.052547119698972,0.32966042222675007,0.2963252609553979
tau Cet c,Aschwaden Prediction,18.62,0.127198441,tau Cet,3.5,5344.0,3.65,tau Cet b,4 to 3,3.404081897,Not in HZ,1.424020862414382,1.7983707341132626,3.213413358293581,3.3893440985672494,1.6786776032948179,1.052547119698972,0.32966042222675007,0.2963252609553979
tau Cet b,Aschwaden Prediction,34.9125,0.193411654,tau Cet,3.5,5344.0,3.65,tau Cet b,5 to 2,3.404081897,Not in HZ,1.424020862414382,1.7983707341132626,3.213413358293581,3.3893440985672494,1.6786776032948179,1.052547119698972,0.32966042222675007,0.2963252609553979
tau Cet c,Aschwaden Prediction,41.895,0.218408801,tau Cet,3.5,5344.0,3.65,tau Cet b,3 to 1,3.404081897,Not in HZ,1.424020862414382,1.7983707341132626,3.213413358293581,3.3893440985672494,1.6786776032948179,1.052547119698972,0.32966042222675007,0.2963252609553979
tau Cet b,Aschwaden Prediction,70.724,0.309543205,tau Cet,3.5,5344.0,3.65,tau Cet c,2 to 1,3.404081897,Not in HZ,1.424020862414382,1.7983707341132626,3.213413358293581,3.3893440985672494,1.6786776032948179,1.052547119698972,0.32966042222675007,0.2963252609553979
tau Cet c,Aschwaden Prediction,53.043,0.255522286,tau Cet,3.5,5344.0,3.65,tau Cet c,3 to 2,3.404081897,Not in HZ,1.424020862414382,1.7983707341132626,3.213413358293581,3.3893440985672494,1.6786776032948179,1.052547119698972,0.32966042222675007,0.2963252609553979
tau Cet b,Aschwaden Prediction,58.93666667,0.274115616,tau Cet,3.5,5344.0,3.65,tau Cet c,5 to 3,3.404081897,Not in HZ,1.424020862414382,1.7983707341132626,3.213413358293581,3.3893440985672494,1.6786776032948179,1.052547119698972,0.32966042222675007,0.2963252609553979
tau Cet c,Aschwaden Prediction,44.2025,0.226277456,tau Cet,3.5,5344.0,3.65,tau Cet c,5 to 4,3.404081897,Not in HZ,1.424020862414382,1.7983707341132626,3.213413358293581,3.3893440985672494,1.6786776032948179,1.052547119698972,0.32966042222675007,0.2963252609553979
tau Cet b,Aschwaden Prediction,47.14933333,0.236225677,tau Cet,3.5,5344.0,3.65,tau Cet c,4 to 3,3.404081897,Not in HZ,1.424020862414382,1.7983707341132626,3.213413358293581,3.3893440985672494,1.6786776032948179,1.052547119698972,0.32966042222675007,0.2963252609553979
tau Cet c,Aschwaden Prediction,88.405,0.359193071,tau Cet,3.5,5344.0,3.65,tau Cet c,5 to 2,3.404081897,Not in HZ,1.424020862414382,1.7983707341132626,3.213413358293581,3.3893440985672494,1.6786776032948179,1.052547119698972,0.32966042222675007,0.2963252609553979
tau Cet b,Aschwaden Prediction,106.086,0.405616345,tau Cet,3.5,5344.0,3.65,tau Cet c,3 to 1,3.404081897,Not in HZ,1.424020862414382,1.7983707341132626,3.213413358293581,3.3893440985672494,1.6786776032948179,1.052547119698972,0.32966042222675007,0.2963252609553979
tau Cet c,Aschwaden Prediction,188.22,0.593687993,tau Cet,3.5,5344.0,3.65,tau Cet d,2 to 1,3.404081897,Not in HZ,1.424020862414382,1.7983707341132626,3.213413358293581,3.3893440985672494,1.6786776032948179,1.052547119698972,0.32966042222675007,0.2963252609553979
tau Cet b,Aschwaden Prediction,141.165,0.490078641,tau Cet,3.5,5344.0,3.65,tau Cet d,3 to 2,3.404081897,Not in HZ,1.424020862414382,1.7983707341132626,3.213413358293581,3.3893440985672494,1.6786776032948179,1.052547119698972,0.32966042222675007,0.2963252609553979
tau Cet c,Aschwaden Prediction,156.85,0.525739695,tau Cet,3.5,5344.0,3.65,tau Cet d,5 to 3,3.404081897,Not in HZ,1.424020862414382,1.7983707341132626,3.213413358293581,3.3893440985672494,1.6786776032948179,1.052547119698972,0.32966042222675007,0.2963252609553979
tau Cet b,Aschwaden Prediction,117.6375,0.433988556,tau Cet,3.5,5344.0,3.65,tau Cet d,5 to 4,3.404081897,Not in HZ,1.424020862414382,1.7983707341132626,3.213413358293581,3.3893440985672494,1.6786776032948179,1.052547119698972,0.32966042222675007,0.2963252609553979
tau Cet c,Aschwaden Prediction,125.48,0.453068734,tau Cet,3.5,5344.0,3.65,tau Cet d,4 to 3,3.404081897,Not in HZ,1.424020862414382,1.7983707341132626,3.213413358293581,3.3893440985672494,1.6786776032948179,1.052547119698972,0.32966042222675007,0.2963252609553979
tau Cet b,Aschwaden Prediction,235.275,0.68891389,tau Cet,3.5,5344.0,3.65,tau Cet d,5 to 2,3.404081897,Not in HZ,1.424020862414382,1.7983707341132626,3.213413358293581,3.3893440985672494,1.6786776032948179,1.052547119698972,0.32966042222675007,0.2963252609553979
tau Cet c,Aschwaden Prediction,282.33,0.77795135,tau Cet,3.5,5344.0,3.65,tau Cet d,3 to 1,3.404081897,Not in HZ,1.424020862414382,1.7983707341132626,3.213413358293581,3.3893440985672494,1.6786776032948179,1.052547119698972,0.32966042222675007,0.2963252609553979
