planet_name,planet_status,orbital_period,semi_major_axis,star_name,mag_v,star_teff,star_distance,luminosity,referenced_planet,harmonic_ratio,habitable_zone_status,HZ_distance_recent_venus,HZ_distance_runaway_greenhouse,HZ_distance_maximum_greenhouse,HZ_distance_early_mars
82 Eri f,Candidate,331.41,0.875,82 Eri,4.26,5490.0,6.06,0.620790766,,nan,Conservative HZ,2.696227741594996,2.134884146477202,1.20051823924404,1.1382014663792488
82 Eri g,Candidate,11.86,0.095,82 Eri,4.26,5490.0,6.06,0.620790766,,nan,Not in HZ,2.696227741594996,2.134884146477202,1.20051823924404,1.1382014663792488
82 Eri h,Candidate,3286.203561,6.0,82 Eri,4.26,5490.0,6.06,0.620790766,,nan,Not in HZ,2.696227741594996,2.134884146477202,1.20051823924404,1.1382014663792488
AS 209 b,Candidate,3286.203561,200.0,AS 209,11.3,5688.237937,12.124,0.0037957,,nan,Not in HZ,4.442616311109586,3.5174646778747105,1.9897236956778823,1.886439084290403
AS 209 c,Candidate,3286.203561,100.0,AS 209,11.3,5688.237937,12.124,0.0037957,,nan,Not in HZ,4.442616311109586,3.5174646778747105,1.9897236956778823,1.886439084290403
Barnard's star c,Candidate,4.1243,0.0274,Barnard's star,9.5,3195.0,1.82823,0.000452962,,nan,Not in HZ,3.7432015394229956,2.965241017494364,1.5040196938901358,1.4260866853240277
Barnard's Star c,Candidate,3286.203561,5.5,Barnard's star,9.5,3195.0,1.82823,0.000452962,,nan,Not in HZ,3.7432015394229956,2.965241017494364,1.5040196938901358,1.4260866853240277
Barnard's star d,Candidate,2.3407,0.0188,Barnard's star,9.5,3195.0,1.82823,0.000452962,,nan,Not in HZ,3.7432015394229956,2.965241017494364,1.5040196938901358,1.4260866853240277
Barnard's star e,Candidate,6.7377,0.0381,Barnard's star,9.5,3195.0,1.82823,0.000452962,,nan,Not in HZ,3.7432015394229956,2.965241017494364,1.5040196938901358,1.4260866853240277
CS Cha b,Candidate,3286.203561,210.0,CS Cha,11.7,5688.237937,149.0,0.396618106,,nan,Not in HZ,4.520562894178468,3.579179292305895,2.0246337919969006,1.9195370316464067
CS Cha c,Candidate,3286.203561,3.65,CS Cha,11.7,5688.237937,149.0,0.396618106,,nan,Not in HZ,4.520562894178468,3.579179292305895,2.0246337919969006,1.9195370316464067
delta Pav b,Candidate,13505.0,11.1,delta Pav,3.55,5590.39,6.094,1.207271365,,nan,Not in HZ,2.4756945517458604,1.960204007755433,1.1056909339913021,1.0482959013017048
delta Pav c,Candidate,57.0,0.289,delta Pav,3.55,5590.39,6.094,1.207271365,,nan,Not in HZ,2.4756945517458604,1.960204007755433,1.1056909339913021,1.0482959013017048
Elias 2-24 c,Candidate,32646.6,20.0,Elias 2-24,14.4,4483.0,139.0,0.028709763,,nan,Not in HZ,4.7272523612220025,3.7440782852168932,2.022999381388768,1.9180302389345874
Elias 2-24 d,Candidate,296190.0,87.0,Elias 2-24,14.4,4483.0,139.0,0.028709763,,nan,Not in HZ,4.7272523612220025,3.7440782852168932,2.022999381388768,1.9180302389345874
EPIC 211537087.02,Candidate,42.3822512,0.2688,K2-356,13.297,5568.0,355.54,0.518772488,,nan,Not in HZ,4.785092832339339,3.788764457944103,2.1356903592245984,2.0248295481965983
EPIC 211537087.03,Candidate,3286.203561,16.13423714,K2-356,13.297,5568.0,355.54,0.518772488,,nan,Not in HZ,4.785092832339339,3.788764457944103,2.1356903592245984,2.0248295481965983
EPIC 211939692.01,Candidate,26.8549,16.13423714,EPIC 211939692,12.0,6417.0,302.4853135,1.239962601,,nan,Not in HZ,4.785463648234639,3.7880774092995004,2.177364148871972,2.064349480332634
EPIC 211939692.02,Candidate,39.553,16.13423714,EPIC 211939692,12.0,6417.0,302.4853135,1.239962601,,nan,Not in HZ,4.785463648234639,3.7880774092995004,2.177364148871972,2.064349480332634
EPIC 211939692.03,Candidate,230.0,16.13423714,EPIC 211939692,12.0,6417.0,302.4853135,1.239962601,,nan,Not in HZ,4.785463648234639,3.7880774092995004,2.177364148871972,2.064349480332634
EPIC 211939692.04,Candidate,293.0,16.13423714,EPIC 211939692,12.0,6417.0,302.4853135,1.239962601,,nan,Not in HZ,4.785463648234639,3.7880774092995004,2.177364148871972,2.064349480332634
eps Crv b,Candidate,31.50675256,0.305,eps Crv,2.98,4314.0,302.4853135,5028.154184,,nan,Conservative HZ,2.1387353404478797,1.6939797950897704,0.9079968675577511,0.8608886215915668
eps Crv c,Candidate,2.29170595,0.053,eps Crv,2.98,4314.0,302.4853135,5028.154184,,nan,Not in HZ,2.1387353404478797,1.6939797950897704,0.9079968675577511,0.8608886215915668
EX Dra AB b,Candidate,3286.203561,9.83,EX Dra AB,9.885491525,5688.237937,302.4853135,8.693846668,,nan,Not in HZ,4.155264934775836,3.289952724194379,1.861027044326932,1.7644229502648114
EX Dra AB c,Candidate,3286.203561,3.18,EX Dra AB,9.885491525,5688.237937,302.4853135,8.693846668,,nan,Not in HZ,4.155264934775836,3.289952724194379,1.861027044326932,1.7644229502648114
Exocomet beta Pic 1,Candidate,3286.203561,16.13423714,beta Pic,3.86,8052.0,19.3,9.101534466,,nan,Not in HZ,2.876314377561869,2.2762418371258426,1.321699828979358,1.2531667161520263
Exocomet beta Pic 2,Candidate,3286.203561,5.5,beta Pic,3.86,8052.0,19.3,9.101534466,,nan,Not in HZ,2.876314377561869,2.2762418371258426,1.321699828979358,1.2531667161520263
Exocomet KIC 3542116 1,Candidate,3286.203561,1.0,KIC 3542116,9.885491525,6925.0,227.7,4.926397499,,nan,Conservative HZ,4.466933077194704,3.53547591947917,2.045161232590439,1.9390282759339075
Exocomet KIC 3542116 2,Candidate,3286.203561,1.0,KIC 3542116,9.885491525,6925.0,227.7,4.926397499,,nan,Conservative HZ,4.466933077194704,3.53547591947917,2.045161232590439,1.9390282759339075
Exocomet KIC 3542116 3,Candidate,3286.203561,1.0,KIC 3542116,9.885491525,6925.0,227.7,4.926397499,,nan,Conservative HZ,4.466933077194704,3.53547591947917,2.045161232590439,1.9390282759339075
Exocomet KIC 3542116 4,Candidate,3286.203561,0.6,KIC 3542116,9.885491525,6925.0,227.7,4.926397499,,nan,Conservative HZ,4.466933077194704,3.53547591947917,2.045161232590439,1.9390282759339075
Exocomet KIC 3542116 5,Candidate,3286.203561,0.6,KIC 3542116,9.885491525,6925.0,227.7,4.926397499,,nan,Conservative HZ,4.466933077194704,3.53547591947917,2.045161232590439,1.9390282759339075
Exocomet KIC 3542116 6,Candidate,3286.203561,5.5,KIC 3542116,9.885491525,6925.0,227.7,4.926397499,,nan,Not in HZ,4.466933077194704,3.53547591947917,2.045161232590439,1.9390282759339075
Exocomet KIC 3542116 7,Candidate,3286.203561,5.5,KIC 3542116,9.885491525,6925.0,227.7,4.926397499,,nan,Not in HZ,4.466933077194704,3.53547591947917,2.045161232590439,1.9390282759339075
Exocomet KIC 3542116 8,Candidate,3286.203561,0.6,KIC 3542116,9.885491525,6925.0,227.7,4.926397499,,nan,Conservative HZ,4.466933077194704,3.53547591947917,2.045161232590439,1.9390282759339075
Exomoon HIP 41378 f-i,Candidate,3286.203561,16.13423714,HIP 41378,8.9,6199.0,116.0,3.168954316,,nan,Not in HZ,4.0674247086444595,3.219896689451036,1.8436147105623508,1.7479183389644257
GG Tau Ac,Candidate,3286.203561,290.0,GG Tau A,13.4,4060.0,150.0,0.083981286,,nan,Not in HZ,4.504498693929228,3.567937308458961,1.8888455977991214,1.7908707321859794
GG Tau Ad,Candidate,3286.203561,450.0,GG Tau A,13.4,4060.0,150.0,0.083981286,,nan,Not in HZ,4.504498693929228,3.567937308458961,1.8888455977991214,1.7908707321859794
GG Tau Ae,Candidate,3286.203561,600.0,GG Tau A,13.4,4060.0,150.0,0.083981286,,nan,Not in HZ,4.504498693929228,3.567937308458961,1.8888455977991214,1.7908707321859794
GJ 620 b,Candidate,7.652,0.063,GJ 620,10.0,5688.237937,16.54,0.023392197,,nan,Not in HZ,4.179261874082144,3.308952426278928,1.8717746028415179,1.774612613526426
GJ 620 c,Candidate,27.219,0.148,GJ 620,10.0,5688.237937,16.54,0.023392197,,nan,Not in HZ,4.179261874082144,3.308952426278928,1.8717746028415179,1.774612613526426
GJ 667 Cd,Candidate,91.61,0.276,GJ 667 C,10.22,3600.0,6.84,0.003266722,,nan,Conservative HZ,3.900685954916018,3.089861319020929,1.5985637033332316,1.5156868101477978
GJ 667 Ch,Candidate,16.946,0.0893,GJ 667 C,10.22,3600.0,6.84,0.003266722,,nan,Not in HZ,3.900685954916018,3.089861319020929,1.5985637033332316,1.5156868101477978
GJ 739 b,Candidate,45.323,0.21,GJ 739,11.0,5688.237937,14.15,0.006815738,,nan,Not in HZ,4.383246832357522,3.470458582855431,1.963133765240355,1.8612294111408731
GJ 739 c,Candidate,266.489,0.687,GJ 739,11.0,5688.237937,14.15,0.006815738,,nan,Conservative HZ,4.383246832357522,3.470458582855431,1.963133765240355,1.8612294111408731
GJ 739 d,Candidate,138.73,16.13423714,GJ 739,11.0,5688.237937,14.15,0.006815738,,nan,Not in HZ,4.383246832357522,3.470458582855431,1.963133765240355,1.8612294111408731
GM Aur b,Candidate,3286.203561,2.5,GM Aur,12.24,4287.0,155.0,0.261013756,,nan,Not in HZ,4.331024250316549,3.4303943486219106,1.836348815807571,1.7410782933094577
GM Aur c,Candidate,3286.203561,18.0,GM Aur,12.24,4287.0,155.0,0.261013756,,nan,Not in HZ,4.331024250316549,3.4303943486219106,1.836348815807571,1.7410782933094577
GM Aur d,Candidate,3286.203561,62.0,GM Aur,12.24,4287.0,155.0,0.261013756,,nan,Not in HZ,4.331024250316549,3.4303943486219106,1.836348815807571,1.7410782933094577
GM Aur e,Candidate,8.745,0.082,GM Aur,12.24,4287.0,155.0,0.261013756,,nan,Not in HZ,4.331024250316549,3.4303943486219106,1.836348815807571,1.7410782933094577
GY 11 d,Candidate,3286.203561,69.0,GY 91,9.885491525,3300.0,137.0,1.783382596,,nan,Not in HZ,3.822505326261977,3.028030000795234,1.5436237350442408,1.4636265615593131
GY 91 b,Candidate,3286.203561,7.0,GY 91,9.885491525,3300.0,137.0,1.783382596,,nan,Not in HZ,3.822505326261977,3.028030000795234,1.5436237350442408,1.4636265615593131
GY 91 c,Candidate,3286.203561,40.0,GY 91,9.885491525,3300.0,137.0,1.783382596,,nan,Not in HZ,3.822505326261977,3.028030000795234,1.5436237350442408,1.4636265615593131
HD 100546 c,Candidate,3286.203561,13.0,HD 100546,6.7,11000.0,110.0,21.61649966,,nan,Not in HZ,1.2508578739237933e-16,9.803628791668651e-17,6.028142803093166e-17,5.708233227854696e-17
HD 100546 d,Candidate,3286.203561,7.8,HD 100546,6.7,11000.0,110.0,21.61649966,,nan,Not in HZ,1.2508578739237933e-16,9.803628791668651e-17,6.028142803093166e-17,5.708233227854696e-17
HD 100546 e,Candidate,3286.203561,20.5,HD 100546,6.7,11000.0,110.0,21.61649966,,nan,Not in HZ,1.2508578739237933e-16,9.803628791668651e-17,6.028142803093166e-17,5.708233227854696e-17
HD 100546 f,Candidate,3286.203561,15.0,HD 100546,6.7,11000.0,110.0,21.61649966,,nan,Not in HZ,1.2508578739237933e-16,9.803628791668651e-17,6.028142803093166e-17,5.708233227854696e-17
HD 100546 g,Candidate,3286.203561,110.0,HD 100546,6.7,11000.0,110.0,21.61649966,,nan,Not in HZ,1.2508578739237933e-16,9.803628791668651e-17,6.028142803093166e-17,5.708233227854696e-17
HD 10180 b,Candidate,1.17768,0.02225,HD 10180,7.33,5911.0,39.4,1.55236,,nan,Not in HZ,3.6266851549084884,2.8712469500546236,1.6336751057347736,1.5488729686105354
HD 10180 i,Candidate,9.655,0.0904,HD 10180,7.33,5911.0,39.4,1.55236,,nan,Not in HZ,3.6266851549084884,2.8712469500546236,1.6336751057347736,1.5488729686105354
HD 10180 j,Candidate,67.55,0.33,HD 10180,7.33,5911.0,39.4,1.55236,,nan,Optimistic HZ,3.6266851549084884,2.8712469500546236,1.6336751057347736,1.5488729686105354
HD 1461 d,Candidate,5000.0,5.0,HD 1461,6.64,5765.0,23.4,1.033788543,,nan,Not in HZ,3.421257602180833,2.7087334809340646,1.5354791691344356,1.4557738602138366
HD 1461 e,Candidate,454.0,1.165,HD 1461,6.64,5765.0,23.4,1.033788543,,nan,Not in HZ,3.421257602180833,2.7087334809340646,1.5354791691344356,1.4557738602138366
HD 163296 b,Candidate,3286.203561,46.0,HD 163296,6.85,5688.237937,122.0,23.15899246,,nan,Not in HZ,3.458954671765339,2.7386454350962235,1.5491691360959032,1.4687532810991974
HD 163296 c,Candidate,3286.203561,54.0,HD 163296,6.85,5688.237937,122.0,23.15899246,,nan,Not in HZ,3.458954671765339,2.7386454350962235,1.5491691360959032,1.4687532810991974
HD 163296 d,Candidate,3286.203561,84.5,HD 163296,6.85,5688.237937,122.0,23.15899246,,nan,Not in HZ,3.458954671765339,2.7386454350962235,1.5491691360959032,1.4687532810991974
HD 163296 e,Candidate,3286.203561,137.0,HD 163296,6.85,5688.237937,122.0,23.15899246,,nan,Not in HZ,3.458954671765339,2.7386454350962235,1.5491691360959032,1.4687532810991974
HD 30177 Ad,Candidate,20.427938,0.1493,HD 30177 A,8.41,5580.0,54.7,1.106559198,,nan,Not in HZ,3.8081702047529333,3.015240570618537,1.7002763361642133,1.612017191694431
HD 30177 Ae,Candidate,59.992133,0.30618,HD 30177 A,8.41,5580.0,54.7,1.106559198,,nan,Not in HZ,3.8081702047529333,3.015240570618537,1.7002763361642133,1.612017191694431
HD 4917 c,Candidate,821.0,16.13423714,HD 4917,8.04,4802.0,134.4,9.392874884,,nan,Not in HZ,3.576488177508977,2.8324365985516087,1.5524003367479895,1.4718346527786796
HD 4917 d,Candidate,1093.0,16.13423714,HD 4917,8.04,4802.0,134.4,9.392874884,,nan,Not in HZ,3.576488177508977,2.8324365985516087,1.5524003367479895,1.4718346527786796
HIP 14342 b,Candidate,3286.203561,16.13423714,HIP 14342,8.66,5688.237937,88.9,2.321686211,,nan,Not in HZ,3.8891843640187087,3.079282041973528,1.7418569923755578,1.6514388991795677
HIP 14342 c,Candidate,3286.203561,16.13423714,HIP 14342,8.66,5688.237937,88.9,2.321686211,,nan,Not in HZ,3.8891843640187087,3.079282041973528,1.7418569923755578,1.6514388991795677
HIP 27629 b,Candidate,414.0385809,1.087,HIP 27629,5.58,4945.0,117.514,69.21165248,,nan,Not in HZ,2.9987448301460558,2.3747973869026193,1.309351894309309,1.2413954686919333
HIP 27629 c,Candidate,99.38413453,0.42,HIP 27629,5.58,4945.0,117.514,69.21165248,,nan,Conservative HZ,2.9987448301460558,2.3747973869026193,1.309351894309309,1.2413954686919333
HIP 41378 g,Candidate,62.06,0.3227,HIP 41378,8.9,6199.0,116.0,3.168954316,,nan,Not in HZ,4.0674247086444595,3.219896689451036,1.8436147105623508,1.7479183389644257
HIP 96516  b,Candidate,100.7901318,0.424,HIP 96516,5.66,4890.0,177.583,146.8259356,,nan,Conservative HZ,3.0125210959061284,2.385742401296737,1.3124233060599333,1.2443090542995079
HIP 96516  c,Candidate,206.1564339,0.683,HIP 96516,5.66,4890.0,177.583,146.8259356,,nan,Conservative HZ,3.0125210959061284,2.385742401296737,1.3124233060599333,1.2443090542995079
HL Tau b,Candidate,3286.203561,13.2,HL Tau,14.49,4000.0,140.0,0.026807485,,nan,Not in HZ,4.677717947212248,3.70517641074793,1.9556562213785458,1.854221666387175
HL Tau c,Candidate,3286.203561,32.3,HL Tau,14.49,4000.0,140.0,0.026807485,,nan,Not in HZ,4.677717947212248,3.70517641074793,1.9556562213785458,1.854221666387175
HL Tau d,Candidate,3286.203561,73.7,HL Tau,14.49,4000.0,140.0,0.026807485,,nan,Not in HZ,4.677717947212248,3.70517641074793,1.9556562213785458,1.854221666387175
HU Aqr (AB) b,Candidate,3278.0,4.29,HU Aqr (AB),15.0,5688.237937,302.4853135,0.078236351,,nan,Not in HZ,5.118529546484507,4.052622513763872,2.2924463452311774,2.173447697123314
HU Aqr (AB) c,Candidate,5646.0,6.18,HU Aqr (AB),15.0,5688.237937,302.4853135,0.078236351,,nan,Not in HZ,5.118529546484507,4.052622513763872,2.2924463452311774,2.173447697123314
IRS 63 b,Candidate,3286.203561,19.0,IRS 63,9.885491525,5688.237937,144.0,1.970281929,,nan,Not in HZ,4.155264934775836,3.289952724194379,1.861027044326932,1.7644229502648114
IRS 63 c,Candidate,3286.203561,37.0,IRS 63,9.885491525,5688.237937,144.0,1.970281929,,nan,Not in HZ,4.155264934775836,3.289952724194379,1.861027044326932,1.7644229502648114
J0337 b,Candidate,142356.0,60.0,J0337,11.29,7800.0,303.0,2.392683513,,nan,Not in HZ,4.91474109803221,3.889413520082163,2.2587613392650345,2.141611012852221
J0337 c,Candidate,262497.0,90.0,J0337,11.29,7800.0,303.0,2.392683513,,nan,Not in HZ,4.91474109803221,3.889413520082163,2.2587613392650345,2.141611012852221
J0337 d,Candidate,3286.203561,120.0,J0337,11.29,7800.0,303.0,2.392683513,,nan,Not in HZ,4.91474109803221,3.889413520082163,2.2587613392650345,2.141611012852221
K00005.01,Candidate,4.780327766,0.0577,2MASS J19185753+4438507,9.885491525,5753.0,302.4853135,8.693846668,,nan,Not in HZ,4.171444778868174,3.3026962327645033,1.8715706945315442,1.7744191838265702
K00005.02,Candidate,7.05185637,16.13423714,2MASS J19185753+4438507,9.885491525,5753.0,302.4853135,8.693846668,,nan,Not in HZ,4.171444778868174,3.3026962327645033,1.8715706945315442,1.7744191838265702
K00521.02,Candidate,10.8204488,0.0958,Kepler-1989 A,14.29,5953.0,1252.13,2.578094557,,nan,Not in HZ,5.076810376611966,4.019258768840527,2.2891649605443556,2.1703374985508366
K00732.02,Candidate,3.29534933,0.044,2MASS J19131869+4722537,9.885491525,5546.0,302.4853135,8.693846668,,nan,Not in HZ,4.120556231977984,3.262616689949306,1.8378764596709993,1.7424749606074734
K00732.03,Candidate,5.25448795,0.06,2MASS J19131869+4722537,9.885491525,5546.0,302.4853135,8.693846668,,nan,Not in HZ,4.120556231977984,3.262616689949306,1.8378764596709993,1.7424749606074734
K00841.03,Candidate,6.54626058,0.0681,2MASS J19285682+4105091,9.885491525,5325.0,302.4853135,8.693846668,,nan,Not in HZ,4.069392702661078,3.2223240832320457,1.8021842222534576,1.7086385724608595
K00841.04,Candidate,269.294246,0.8116,2MASS J19285682+4105091,9.885491525,5325.0,302.4853135,8.693846668,,nan,Conservative HZ,4.069392702661078,3.2223240832320457,1.8021842222534576,1.7086385724608595
K01082.01,Candidate,6.50323791,0.0654,2MASS J19283467+4709264,9.885491525,5258.0,302.4853135,8.693846668,,nan,Not in HZ,4.054656502492209,3.210719674195357,1.791489438153296,1.698500305961999
K01082.02,Candidate,4.09666758,0.048,2MASS J19283467+4709264,9.885491525,5258.0,302.4853135,8.693846668,,nan,Not in HZ,4.054656502492209,3.210719674195357,1.791489438153296,1.698500305961999
K01082.04,Candidate,9.6550435,0.0851,2MASS J19283467+4709264,9.885491525,5258.0,302.4853135,8.693846668,,nan,Not in HZ,4.054656502492209,3.210719674195357,1.791489438153296,1.698500305961999
K01239.01,Candidate,0.783276166,0.0173,2MASS J19284286+4200212,9.885491525,6108.0,302.4853135,8.693846668,,nan,Not in HZ,4.262898265989329,3.374732116153943,1.9287153640404817,1.828600161088532
K01239.02,Candidate,3.17405968,0.0441,2MASS J19284286+4200212,9.885491525,6108.0,302.4853135,8.693846668,,nan,Not in HZ,4.262898265989329,3.374732116153943,1.9287153640404817,1.828600161088532
K01271.01,Candidate,162.0540766,0.6201,2MASS J19370371+4447394,9.885491525,6628.0,302.4853135,8.693846668,,nan,Conservative HZ,4.396851289146761,3.480259363885263,2.006594665427559,1.9024504992437075
K01271.02,Candidate,3286.203561,16.13423714,2MASS J19370371+4447394,9.885491525,6628.0,302.4853135,8.693846668,,nan,Not in HZ,4.396851289146761,3.480259363885263,2.006594665427559,1.9024504992437075
K01445.02,Candidate,54.325574,0.2997,2MASS J18554483+4906371,9.885491525,6343.0,302.4853135,8.693846668,,nan,Not in HZ,4.3242769057919554,3.423083635599395,1.9651414582842859,1.863140139518623
K01445.03,Candidate,20.01959599,16.13423714,2MASS J18554483+4906371,9.885491525,6343.0,302.4853135,8.693846668,,nan,Not in HZ,4.3242769057919554,3.423083635599395,1.9651414582842859,1.863140139518623
K01499.02,Candidate,0.840591182,0.0161,2MASS J19505382+4331387,9.885491525,5440.0,302.4853135,8.693846668,,nan,Not in HZ,4.095554480038416,3.2429266911101187,1.8206928787291703,1.7261845834421385
K01499.03,Candidate,6.20925415,0.061,2MASS J19505382+4331387,9.885491525,5440.0,302.4853135,8.693846668,,nan,Not in HZ,4.095554480038416,3.2429266911101187,1.8206928787291703,1.7261845834421385
K01590.01,Candidate,12.89010472,0.0973,Kepler-1756,9.885491525,4915.0,756.88,54.43239566,,nan,Not in HZ,3.9858163954340293,3.1565149343068573,1.7382244390704367,1.648010304821764
K01590.03,Candidate,4.74664825,0.05,Kepler-1756,9.885491525,4915.0,756.88,54.43239566,,nan,Not in HZ,3.9858163954340293,3.1565149343068573,1.7382244390704367,1.648010304821764
K01681.01,Candidate,6.93911381,0.0532,Kepler-1984 A,16.19,3638.0,203.05,0.011781646,,nan,Not in HZ,4.912183515842144,3.891084431220892,2.0169033117135777,1.9123329852335698
K01681.03,Candidate,3.53106745,0.0339,Kepler-1984 A,16.19,3638.0,203.05,0.011781646,,nan,Not in HZ,4.912183515842144,3.891084431220892,2.0169033117135777,1.9123329852335698
K01681.04,Candidate,21.9140546,0.1092,Kepler-1984 A,16.19,3638.0,203.05,0.011781646,,nan,Not in HZ,4.912183515842144,3.891084431220892,2.0169033117135777,1.9123329852335698
K01860.03,Candidate,3.076452083,0.0414,2MASS J19261367+3913382,9.885491525,5977.0,302.4853135,8.693846668,,nan,Not in HZ,4.228760639809013,3.3478415916316746,1.907828502915865,1.8087959136968006
K01860.04,Candidate,24.8435099,0.1667,2MASS J19261367+3913382,9.885491525,5977.0,302.4853135,8.693846668,,nan,Not in HZ,4.228760639809013,3.3478415916316746,1.907828502915865,1.8087959136968006
K01884.01,Candidate,23.11844759,0.1437,2MASS J19433657+3955060,9.885491525,5275.0,302.4853135,8.693846668,,nan,Not in HZ,4.058358644727568,3.2136349906017334,1.7941959356736725,1.7010659476676147
K01884.02,Candidate,4.77502001,0.0502,2MASS J19433657+3955060,9.885491525,5275.0,302.4853135,8.693846668,,nan,Not in HZ,4.058358644727568,3.2136349906017334,1.7941959356736725,1.7010659476676147
K02037.02,Candidate,5.47715929,0.0576,Kepler-1995,15.51,4693.0,595.331,0.189459765,,nan,Not in HZ,4.944894293446807,3.9162662513985915,2.1362946962057934,2.0254326341695315
K02037.03,Candidate,8.56266484,0.0776,Kepler-1995,15.51,4693.0,595.331,0.189459765,,nan,Not in HZ,4.944894293446807,3.9162662513985915,2.1362946962057934,2.0254326341695315
K02093.01,Candidate,6.78341538,0.0732,2MASS J19314900+4156052,9.885491525,6487.0,302.4853135,8.693846668,,nan,Not in HZ,4.361377909243987,3.452312025974633,1.9865360581144704,1.8834282439209376
K02093.02,Candidate,2.5081152,0.0377,2MASS J19314900+4156052,9.885491525,6487.0,302.4853135,8.693846668,,nan,Not in HZ,4.361377909243987,3.452312025974633,1.9865360581144704,1.8834282439209376
K02093.03,Candidate,0.992140132,0.0203,2MASS J19314900+4156052,9.885491525,6487.0,302.4853135,8.693846668,,nan,Not in HZ,4.361377909243987,3.452312025974633,1.9865360581144704,1.8834282439209376
K02220.04,Candidate,7.66464553,0.0733,2MASS J19363310+4222138,9.885491525,5975.0,302.4853135,8.693846668,,nan,Not in HZ,4.228241874417798,3.3474329649034313,1.9075072890928135,1.8084913550205988
K02220.05,Candidate,11.9294568,0.0984,2MASS J19363310+4222138,9.885491525,5975.0,302.4853135,8.693846668,,nan,Not in HZ,4.228241874417798,3.3474329649034313,1.9075072890928135,1.8084913550205988
K02248.02,Candidate,9.4907638,0.082,Kepler-1813 A,15.682,5167.0,809.32,0.298841251,,nan,Not in HZ,5.08247812609038,4.024718007600531,2.238267247433855,2.1220904270699714
K02248.04,Candidate,2.64622695,0.035,Kepler-1813 A,15.682,5167.0,809.32,0.298841251,,nan,Not in HZ,5.08247812609038,4.024718007600531,2.238267247433855,2.1220904270699714
K02311.01,Candidate,191.864193,16.13423714,2MASS J19085788+3919579,9.885491525,5688.237937,302.4853135,8.693846668,,nan,Not in HZ,4.155264934775836,3.289952724194379,1.861027044326932,1.7644229502648114
K02311.02,Candidate,13.72549689,16.13423714,2MASS J19085788+3919579,9.885491525,5688.237937,302.4853135,8.693846668,,nan,Not in HZ,4.155264934775836,3.289952724194379,1.861027044326932,1.7644229502648114
K02357.01,Candidate,2.42087351,0.0349,2MASS J19324890+4303252,9.885491525,5982.0,302.4853135,8.693846668,,nan,Not in HZ,4.230057957492022,3.348863478115852,1.9086312699898338,1.8095570575414508
K02357.02,Candidate,15.9042292,0.1224,2MASS J19324890+4303252,9.885491525,5982.0,302.4853135,8.693846668,,nan,Not in HZ,4.230057957492022,3.348863478115852,1.9086312699898338,1.8095570575414508
K02369.02,Candidate,6.3143447,0.068,2MASS J19025298+4051250,9.885491525,6075.0,302.4853135,8.693846668,,nan,Not in HZ,4.254275658351576,3.367939892414241,1.9234850144860158,1.823640840545101
K02369.03,Candidate,7.227407,0.0744,2MASS J19025298+4051250,9.885491525,6075.0,302.4853135,8.693846668,,nan,Not in HZ,4.254275658351576,3.367939892414241,1.9234850144860158,1.823640840545101
K02410.01,Candidate,186.6543548,16.13423714,2MASS J19025831+4451281,9.885491525,5688.237937,302.4853135,8.693846668,,nan,Not in HZ,4.155264934775836,3.289952724194379,1.861027044326932,1.7644229502648114
K02410.02,Candidate,86.59322294,16.13423714,2MASS J19025831+4451281,9.885491525,5688.237937,302.4853135,8.693846668,,nan,Not in HZ,4.155264934775836,3.289952724194379,1.861027044326932,1.7644229502648114
K02421.01,Candidate,2.27049088,0.0275,2MASS J19534063+4504172,9.885491525,4671.0,302.4853135,8.693846668,,nan,Not in HZ,3.944277859282995,3.1238128386365562,1.7023588042400073,1.6140167352375199
K02421.02,Candidate,4.02320508,0.0402,2MASS J19534063+4504172,9.885491525,4671.0,302.4853135,8.693846668,,nan,Not in HZ,3.944277859282995,3.1238128386365562,1.7023588042400073,1.6140167352375199
K02449.01,Candidate,53.3572551,0.2806,2MASS J19261212+5049322,9.885491525,5893.0,302.4853135,8.693846668,,nan,Not in HZ,4.2070636471722045,3.3307513216555913,1.8942902295452362,1.7959597596515737
K02449.02,Candidate,0.912340414,0.0186,2MASS J19261212+5049322,9.885491525,5893.0,302.4853135,8.693846668,,nan,Not in HZ,4.2070636471722045,3.3307513216555913,1.8942902295452362,1.7959597596515737
K02554.01,Candidate,39.7559367,0.1829,2MASS J19293114+4738406,9.885491525,4401.0,302.4853135,8.693846668,,nan,Not in HZ,3.9059850834072405,3.0936716577793613,1.6651494387545136,1.5787533297657461
K02554.02,Candidate,10.27130881,0.0742,2MASS J19293114+4738406,9.885491525,4401.0,302.4853135,8.693846668,,nan,Not in HZ,3.9059850834072405,3.0936716577793613,1.6651494387545136,1.5787533297657461
K02610.01,Candidate,24.1071656,0.1872,2MASS J19282240+3736485,9.885491525,6585.0,302.4853135,8.693846668,,nan,Not in HZ,4.386147249457615,3.471826174713183,2.0005813932024936,1.8967477919714657
K02610.02,Candidate,115.229503,0.5311,2MASS J19282240+3736485,9.885491525,6585.0,302.4853135,8.693846668,,nan,Conservative HZ,4.386147249457615,3.471826174713183,2.0005813932024936,1.8967477919714657
K02639.01,Candidate,25.1080579,0.1707,2MASS J19012764+4912056,9.885491525,6133.0,302.4853135,8.693846668,,nan,Not in HZ,4.269436342498878,3.3798823586369617,1.9326617006284277,1.832342036972626
K02639.02,Candidate,2.121023807,0.0329,2MASS J19012764+4912056,9.885491525,6133.0,302.4853135,8.693846668,,nan,Not in HZ,4.269436342498878,3.3798823586369617,1.9326617006284277,1.832342036972626
K02696.01,Candidate,96.4561033,0.4615,2MASS J18573982+4839288,9.885491525,7030.0,302.4853135,8.693846668,,nan,Conservative HZ,4.489602621633175,3.553337904281711,2.057344119092635,1.9505843824089468
K02696.02,Candidate,44.5645251,0.2758,2MASS J18573982+4839288,9.885491525,7030.0,302.4853135,8.693846668,,nan,Not in HZ,4.489602621633175,3.553337904281711,2.057344119092635,1.9505843824089468
K02840.01,Candidate,3.67934645,0.043,2MASS J19532486+4149122,9.885491525,5676.0,302.4853135,8.693846668,,nan,Not in HZ,4.1522320052991235,3.2875639751875787,1.8590338853405635,1.7625332946421983
K02840.02,Candidate,7.446473,0.0688,2MASS J19532486+4149122,9.885491525,5676.0,302.4853135,8.693846668,,nan,Not in HZ,4.1522320052991235,3.2875639751875787,1.8590338853405635,1.7625332946421983
K02859.03,Candidate,4.28884513,0.0455,2MASS J19151953+4733071,9.885491525,5374.0,302.4853135,8.693846668,,nan,Not in HZ,4.080410214664231,3.2310003364966735,1.8100495762072069,1.7160947721487911
K02859.04,Candidate,2.90513091,0.0351,2MASS J19151953+4733071,9.885491525,5374.0,302.4853135,8.693846668,,nan,Not in HZ,4.080410214664231,3.2310003364966735,1.8100495762072069,1.7160947721487911
K02859.05,Candidate,5.43099314,0.0532,2MASS J19151953+4733071,9.885491525,5374.0,302.4853135,8.693846668,,nan,Not in HZ,4.080410214664231,3.2310003364966735,1.8100495762072069,1.7160947721487911
K02949.01,Candidate,10.1749173,0.0974,2MASS J19033018+4119567,9.885491525,6197.0,302.4853135,8.693846668,,nan,Not in HZ,4.286182293660222,3.3930738544500576,1.9426948727214985,1.8418555173176312
K02949.02,Candidate,3.75032103,0.0501,2MASS J19033018+4119567,9.885491525,6197.0,302.4853135,8.693846668,,nan,Not in HZ,4.286182293660222,3.3930738544500576,1.9426948727214985,1.8418555173176312
K02971.01,Candidate,6.0960013,0.0663,2MASS J19493448+3949445,9.885491525,6234.0,302.4853135,8.693846668,,nan,Not in HZ,4.29585924408929,3.4006969272804954,1.948445344553671,1.8473082160035685
K02971.02,Candidate,31.9536205,0.2001,2MASS J19493448+3949445,9.885491525,6234.0,302.4853135,8.693846668,,nan,Not in HZ,4.29585924408929,3.4006969272804954,1.948445344553671,1.8473082160035685
K03029.01,Candidate,18.9762163,0.133,2MASS J19550200+4109355,9.885491525,5472.0,302.4853135,8.693846668,,nan,Not in HZ,4.1030170705059605,3.248803724160226,1.8258703717201825,1.7310928976663793
K03029.02,Candidate,6.34728429,0.0641,2MASS J19550200+4109355,9.885491525,5472.0,302.4853135,8.693846668,,nan,Not in HZ,4.1030170705059605,3.248803724160226,1.8258703717201825,1.7310928976663793
K03043.01,Candidate,3.08941419,0.0408,2MASS J19334338+4641315,9.885491525,5959.0,302.4853135,8.693846668,,nan,Not in HZ,4.224095203812148,3.3441666810997535,1.9049354356026929,1.8060528601378696
K03043.02,Candidate,7.2929891,0.0723,2MASS J19334338+4641315,9.885491525,5959.0,302.4853135,8.693846668,,nan,Not in HZ,4.224095203812148,3.3441666810997535,1.9049354356026929,1.8060528601378696
K03068.01,Candidate,3.91679363,0.0442,2MASS J19210246+3821179,9.885491525,4886.0,302.4853135,8.693846668,,nan,Not in HZ,3.9805421864183184,3.1523624354422117,1.733862041735154,1.6438754438856664
K03068.02,Candidate,6.65169435,0.0629,2MASS J19210246+3821179,9.885491525,4886.0,302.4853135,8.693846668,,nan,Not in HZ,3.9805421864183184,3.1523624354422117,1.733862041735154,1.6438754438856664
K03083.01,Candidate,10.18316272,0.0929,2MASS J19115492+4240456,9.885491525,5942.0,302.4853135,8.693846668,,nan,Not in HZ,4.219696464538829,3.340701866259348,1.9021988387301778,1.8034581766251583
K03083.02,Candidate,6.23219191,0.067,2MASS J19115492+4240456,9.885491525,5942.0,302.4853135,8.693846668,,nan,Not in HZ,4.219696464538829,3.340701866259348,1.9021988387301778,1.8034581766251583
K03083.03,Candidate,8.2942479,0.081,2MASS J19115492+4240456,9.885491525,5942.0,302.4853135,8.693846668,,nan,Not in HZ,4.219696464538829,3.340701866259348,1.9021988387301778,1.8034581766251583
K03111.01,Candidate,10.76798991,0.1016,2MASS J19541844+4437178,9.885491525,6070.0,302.4853135,8.693846668,,nan,Not in HZ,4.252970205170642,3.366911564060512,1.9226905434636528,1.822887542108404
K03111.02,Candidate,4.32849536,0.0553,2MASS J19541844+4437178,9.885491525,6070.0,302.4853135,8.693846668,,nan,Not in HZ,4.252970205170642,3.366911564060512,1.9226905434636528,1.822887542108404
K03196.01,Candidate,4.96064303,0.0607,2MASS J18532411+4520208,9.885491525,6422.0,302.4853135,8.693846668,,nan,Not in HZ,4.344715149946489,3.439184844509371,1.9769817412130282,1.8743679301528795
K03196.02,Candidate,6.88298548,0.0755,2MASS J18532411+4520208,9.885491525,6422.0,302.4853135,8.693846668,,nan,Not in HZ,4.344715149946489,3.439184844509371,1.9769817412130282,1.8743679301528795
K03283.02,Candidate,20.5719613,0.1353,2MASS J19042138+4522084,9.885491525,4944.0,302.4853135,8.693846668,,nan,Not in HZ,3.9911794322411387,3.1607374384839213,1.7426116232880406,1.6521687030683385
K03283.03,Candidate,87.707513,0.3558,2MASS J19042138+4522084,9.885491525,4944.0,302.4853135,8.693846668,,nan,Conservative HZ,3.9911794322411387,3.1607374384839213,1.7426116232880406,1.6521687030683385
K03340.01,Candidate,8.9539813,0.0823,2MASS J19060244+3837059,9.885491525,6168.0,302.4853135,8.693846668,,nan,Not in HZ,4.278594040705547,3.387096230627974,1.9381615323545718,1.837556968680812
K03340.02,Candidate,13.7280953,0.1094,2MASS J19060244+3837059,9.885491525,6168.0,302.4853135,8.693846668,,nan,Not in HZ,4.278594040705547,3.387096230627974,1.9381615323545718,1.837556968680812
K03341.01,Candidate,27.0968975,0.1832,2MASS J19285514+4048322,9.885491525,6202.0,302.4853135,8.693846668,,nan,Not in HZ,4.287490407510221,3.3941043231192,1.9434742060774977,1.8425944912019239
K03341.02,Candidate,11.5474155,0.1038,2MASS J19285514+4048322,9.885491525,6202.0,302.4853135,8.693846668,,nan,Not in HZ,4.287490407510221,3.3941043231192,1.9434742060774977,1.8425944912019239
K03344.01,Candidate,11.6044694,0.0929,2MASS J19183957+5001121,9.885491525,5881.0,302.4853135,8.693846668,,nan,Not in HZ,4.203981344861746,3.3283234985684462,1.8923492176458567,1.7941194372685854
K03344.03,Candidate,208.55037,0.6377,2MASS J19183957+5001121,9.885491525,5881.0,302.4853135,8.693846668,,nan,Conservative HZ,4.203981344861746,3.3283234985684462,1.8923492176458567,1.7941194372685854
K03395.01,Candidate,10.0051616,0.0873,2MASS J19060969+3819573,9.885491525,5912.0,302.4853135,8.693846668,,nan,Not in HZ,4.211953497165947,3.334602909443622,1.897360262707496,1.7988705483920024
K03395.02,Candidate,5.0395851,0.0552,2MASS J19060969+3819573,9.885491525,5912.0,302.4853135,8.693846668,,nan,Not in HZ,4.211953497165947,3.334602909443622,1.897360262707496,1.7988705483920024
K03398.02,Candidate,35.8022845,0.2152,2MASS J19415954+3838402,9.885491525,6444.0,302.4853135,8.693846668,,nan,Not in HZ,4.350372588173726,3.4436418333222205,1.9802354411139647,1.8774533737745949
K03398.03,Candidate,4.32708542,0.0526,2MASS J19415954+3838402,9.885491525,6444.0,302.4853135,8.693846668,,nan,Not in HZ,4.350372588173726,3.4436418333222205,1.9802354411139647,1.8774533737745949
K03401.01,Candidate,17.9558884,0.1308,2MASS J19495481+4648567,9.885491525,5896.0,302.4853135,8.693846668,,nan,Not in HZ,4.20783496464765,3.331358863461527,1.8947752414648535,1.7964196126742538
K03401.02,Candidate,326.6708,0.9045,2MASS J19495481+4648567,9.885491525,5896.0,302.4853135,8.693846668,,nan,Conservative HZ,4.20783496464765,3.331358863461527,1.8947752414648535,1.7964196126742538
K03420.01,Candidate,5.7745081,0.0646,2MASS J19360367+4249277,9.885491525,6063.0,302.4853135,8.693846668,,nan,Not in HZ,4.251143089982501,3.3654723163943685,1.9215774368554321,1.821832122902964
K03420.02,Candidate,12.5015232,0.1082,2MASS J19360367+4249277,9.885491525,6063.0,302.4853135,8.693846668,,nan,Not in HZ,4.251143089982501,3.3654723163943685,1.9215774368554321,1.821832122902964
K03444.01,Candidate,12.67140393,0.0899,2MASS J19494301+4033428,9.885491525,3842.0,302.4853135,8.693846668,,nan,Not in HZ,3.85131653677774,3.0506615913429735,1.5975194569951623,1.5146738176112566
K03444.02,Candidate,60.32665084,0.2543,2MASS J19494301+4033428,9.885491525,3842.0,302.4853135,8.693846668,,nan,Optimistic HZ,3.85131653677774,3.0506615913429735,1.5975194569951623,1.5146738176112566
K03444.03,Candidate,2.63597899,0.0315,2MASS J19494301+4033428,9.885491525,3842.0,302.4853135,8.693846668,,nan,Not in HZ,3.85131653677774,3.0506615913429735,1.5975194569951623,1.5146738176112566
K03444.04,Candidate,14.15020327,0.0967,2MASS J19494301+4033428,9.885491525,3842.0,302.4853135,8.693846668,,nan,Not in HZ,3.85131653677774,3.0506615913429735,1.5975194569951623,1.5146738176112566
K03462.01,Candidate,12.4327236,0.1054,2MASS J19504847+4649239,9.885491525,5896.0,302.4853135,8.693846668,,nan,Not in HZ,4.20783496464765,3.331358863461527,1.8947752414648535,1.7964196126742538
K03462.02,Candidate,30.9904663,0.1938,2MASS J19504847+4649239,9.885491525,5896.0,302.4853135,8.693846668,,nan,Not in HZ,4.20783496464765,3.331358863461527,1.8947752414648535,1.7964196126742538
K03741.02,Candidate,18.577356,0.1402,2MASS J20011977+4459100,9.885491525,6432.0,302.4853135,8.693846668,,nan,Not in HZ,4.34728880788729,3.4412123953281375,1.9784631570989102,1.8757727355321243
K03741.04,Candidate,9.630953,0.0905,2MASS J20011977+4459100,9.885491525,6432.0,302.4853135,8.693846668,,nan,Not in HZ,4.34728880788729,3.4412123953281375,1.9784631570989102,1.8757727355321243
K04021.01,Candidate,7.23532906,0.0841,2MASS J19360824+5022179,9.885491525,7232.0,302.4853135,8.693846668,,nan,Not in HZ,4.529070531201113,3.5844369193534735,2.078203692688787,1.9703734551239291
K04021.02,Candidate,4.93209467,0.0651,2MASS J19360824+5022179,9.885491525,7232.0,302.4853135,8.693846668,,nan,Not in HZ,4.529070531201113,3.5844369193534735,2.078203692688787,1.9703734551239291
K04084.02,Candidate,10.72900793,0.0944,2MASS J19041258+3905457,9.885491525,5375.0,302.4853135,8.693846668,,nan,Not in HZ,4.08063710690793,3.2311790153125157,1.8102104397358307,1.7162472687186652
K04084.03,Candidate,8.1961838,0.0789,2MASS J19041258+3905457,9.885491525,5375.0,302.4853135,8.693846668,,nan,Not in HZ,4.08063710690793,3.2311790153125157,1.8102104397358307,1.7162472687186652
K04136.01,Candidate,2.41749255,0.0346,2MASS J18471756+4248402,9.885491525,5770.0,302.4853135,8.693846668,,nan,Not in HZ,4.175726020055822,3.3060682607106107,1.8743362417928464,1.7770411764330212
K04136.02,Candidate,4.03358484,0.0487,2MASS J18471756+4248402,9.885491525,5770.0,302.4853135,8.693846668,,nan,Not in HZ,4.175726020055822,3.3060682607106107,1.8743362417928464,1.7770411764330212
K04149.01,Candidate,9.54698999,0.0953,2MASS J19475090+4815230,9.885491525,6271.0,302.4853135,8.693846668,,nan,Not in HZ,4.305524986930458,3.4083112640246895,1.9541556472168538,1.8527228897004389
K04149.02,Candidate,14.7087355,0.1271,2MASS J19475090+4815230,9.885491525,6271.0,302.4853135,8.693846668,,nan,Not in HZ,4.305524986930458,3.4083112640246895,1.9541556472168538,1.8527228897004389
K04287.01,Candidate,13.12307232,0.1155,2MASS J19214999+4839409,9.885491525,6344.0,302.4853135,8.693846668,,nan,Not in HZ,4.324536640409694,3.423288251519509,1.9652927878971915,1.8632836389695786
K04287.02,Candidate,9.6184,0.0939,2MASS J19214999+4839409,9.885491525,6344.0,302.4853135,8.693846668,,nan,Not in HZ,4.324536640409694,3.423288251519509,1.9652927878971915,1.8632836389695786
K04421.01,Candidate,4.72697256,0.0548,2MASS J19362997+4640224,9.885491525,6183.0,302.4853135,8.693846668,,nan,Not in HZ,4.282519168845004,3.390188231465585,1.9405091389725049,1.839782982709968
K04421.02,Candidate,6.5596176,0.0682,2MASS J19362997+4640224,9.885491525,6183.0,302.4853135,8.693846668,,nan,Not in HZ,4.282519168845004,3.390188231465585,1.9405091389725049,1.839782982709968
K04435.01,Candidate,10.8614955,0.0982,2MASS J18474936+4415415,9.885491525,6328.0,302.4853135,8.693846668,,nan,Not in HZ,4.3203782510984095,3.4200123284506514,1.9628672673005958,1.8609836266060955
K04435.02,Candidate,17.8693759,0.1369,2MASS J18474936+4415415,9.885491525,6328.0,302.4853135,8.693846668,,nan,Not in HZ,4.3203782510984095,3.4200123284506514,1.9628672673005958,1.8609836266060955
K04504.01,Candidate,4.13034253,0.048,2MASS J19251058+4154462,9.885491525,5487.0,302.4853135,8.693846668,,nan,Not in HZ,4.106541068544162,3.2515790146655306,1.828300601220209,1.733396794747196
K04504.02,Candidate,8.11935247,0.0754,2MASS J19251058+4154462,9.885491525,5487.0,302.4853135,8.693846668,,nan,Not in HZ,4.106541068544162,3.2515790146655306,1.828300601220209,1.733396794747196
K04526.01,Candidate,30.539288,0.1967,2MASS J19435254+3852018,9.885491525,6148.0,302.4853135,8.693846668,,nan,Not in HZ,4.2733606911863555,3.382973708959498,1.9350224593825684,1.8345804978207936
K04526.02,Candidate,11.8186611,0.1044,2MASS J19435254+3852018,9.885491525,6148.0,302.4853135,8.693846668,,nan,Not in HZ,4.2733606911863555,3.382973708959498,1.9350224593825684,1.8345804978207936
K04541.01,Candidate,8.52917865,0.0806,2MASS J18530028+4043231,9.885491525,5915.0,302.4853135,8.693846668,,nan,Not in HZ,4.21272660630726,3.335211866702647,1.8978446230065094,1.799329786073861
K04541.02,Candidate,17.2360532,0.1288,2MASS J18530028+4043231,9.885491525,5915.0,302.4853135,8.693846668,,nan,Not in HZ,4.21272660630726,3.335211866702647,1.8978446230065094,1.799329786073861
K04567.01,Candidate,14.7441194,0.1182,2MASS J20061507+4414254,9.885491525,6146.0,302.4853135,8.693846668,,nan,Not in HZ,4.272837399957583,3.382561492767005,1.9347080058728676,1.8342823338227419
K04567.02,Candidate,4.6725405,0.0549,2MASS J20061507+4414254,9.885491525,6146.0,302.4853135,8.693846668,,nan,Not in HZ,4.272837399957583,3.382561492767005,1.9347080058728676,1.8342823338227419
K04647.01,Candidate,37.9046277,0.2241,2MASS J19210223+4653064,9.885491525,5303.0,302.4853135,8.693846668,,nan,Not in HZ,4.0645112897104765,3.218480047421195,1.7986644085185237,1.7053018942749985
K04647.02,Candidate,12.0086886,0.1041,2MASS J19210223+4653064,9.885491525,5303.0,302.4853135,8.693846668,,nan,Not in HZ,4.0645112897104765,3.218480047421195,1.7986644085185237,1.7053018942749985
K04716.01,Candidate,5.89435231,0.0631,2MASS J19132276+4901189,9.885491525,6177.0,302.4853135,8.693846668,,nan,Not in HZ,4.280949138475752,3.3889514457166707,1.9395707998842808,1.8388932429734264
K04716.02,Candidate,12.26708306,16.13423714,2MASS J19132276+4901189,9.885491525,6177.0,302.4853135,8.693846668,,nan,Not in HZ,4.280949138475752,3.3889514457166707,1.9395707998842808,1.8388932429734264
K04782.01,Candidate,7.4213444,0.0758,2MASS J19514768+4515181,9.885491525,6032.0,302.4853135,8.693846668,,nan,Not in HZ,4.243059871841803,3.359105079154103,1.916636540985573,1.81714731814891
K04782.02,Candidate,4.2925774,0.0527,2MASS J19514768+4515181,9.885491525,6032.0,302.4853135,8.693846668,,nan,Not in HZ,4.243059871841803,3.359105079154103,1.916636540985573,1.81714731814891
K04838.01,Candidate,13.2971131,0.0947,2MASS J18570445+4411511,9.885491525,4349.0,302.4853135,8.693846668,,nan,Not in HZ,3.8995376119474914,3.088597472839394,1.6583114020062655,1.5722733973673035
K04838.02,Candidate,6.33355378,0.0578,2MASS J18570445+4411511,9.885491525,4349.0,302.4853135,8.693846668,,nan,Not in HZ,3.8995376119474914,3.088597472839394,1.6583114020062655,1.5722733973673035
K04871.01,Candidate,4.08194098,0.051,2MASS J19140696+4216345,9.885491525,6532.0,302.4853135,8.693846668,,nan,Not in HZ,4.372810568693791,3.461319002932253,1.9930418481420349,1.8895977843202
K04871.02,Candidate,5.522479,0.0624,2MASS J19140696+4216345,9.885491525,6532.0,302.4853135,8.693846668,,nan,Not in HZ,4.372810568693791,3.461319002932253,1.9930418481420349,1.8895977843202
K04895.01,Candidate,12.460222,0.1021,2MASS J19420358+5112134,9.885491525,5861.0,302.4853135,8.693846668,,nan,Not in HZ,4.198855133151196,3.324285782344819,1.889110960053886,1.7910491773934996
K04895.02,Candidate,47.5571352,0.2494,2MASS J19420358+5112134,9.885491525,5861.0,302.4853135,8.693846668,,nan,Not in HZ,4.198855133151196,3.324285782344819,1.889110960053886,1.7910491773934996
K04913.01,Candidate,6.78788803,0.0761,2MASS J18544291+4105487,9.885491525,6543.0,302.4853135,8.693846668,,nan,Not in HZ,4.375590610951709,3.4635092182004867,1.9946178542189468,1.8910923517440417
K04913.02,Candidate,8.97374036,0.0917,2MASS J18544291+4105487,9.885491525,6543.0,302.4853135,8.693846668,,nan,Not in HZ,4.375590610951709,3.4635092182004867,1.9946178542189468,1.8910923517440417
K06120.01,Candidate,90.096729,0.3994,2MASS J19214806+3951432,9.885491525,6123.0,302.4853135,8.693846668,,nan,Conservative HZ,4.26682065903375,3.377821899637592,1.9310848922428703,1.8308469200332849
K06120.02,Candidate,205.41415,0.6918,2MASS J19214806+3951432,9.885491525,6123.0,302.4853135,8.693846668,,nan,Conservative HZ,4.26682065903375,3.377821899637592,1.9310848922428703,1.8308469200332849
K06132.01,Candidate,33.3199167,0.2238,2MASS J19381389+4051018,9.885491525,6266.0,302.4853135,8.693846668,,nan,Not in HZ,4.304219699083574,3.407282998183561,1.9533864373474517,1.8519934989242306
K06132.03,Candidate,11.8674823,0.1124,2MASS J19381389+4051018,9.885491525,6266.0,302.4853135,8.693846668,,nan,Not in HZ,4.304219699083574,3.407282998183561,1.9533864373474517,1.8519934989242306
K06178.01,Candidate,13.0327791,0.1109,2MASS J19100762+4418288,9.885491525,6122.0,302.4853135,8.693846668,,nan,Not in HZ,4.26655912073744,3.3776158777953604,1.9309270833966627,1.830697287213138
K06178.02,Candidate,33.814176,0.2095,2MASS J19100762+4418288,9.885491525,6122.0,302.4853135,8.693846668,,nan,Not in HZ,4.26655912073744,3.3776158777953604,1.9309270833966627,1.830697287213138
K06182.01,Candidate,19.2401414,0.1283,2MASS J20033659+4436453,9.885491525,5243.0,302.4853135,8.693846668,,nan,Not in HZ,4.0514111719625285,3.2081641007920427,1.789105618664965,1.6962405600770623
K06182.02,Candidate,28.684308,0.1674,2MASS J20033659+4436453,9.885491525,5243.0,302.4853135,8.693846668,,nan,Not in HZ,4.0514111719625285,3.2081641007920427,1.789105618664965,1.6962405600770623
K06191.01,Candidate,9.7044192,0.0917,2MASS J19333677+4529377,9.885491525,6258.0,302.4853135,8.693846668,,nan,Not in HZ,4.30213060337156,3.405637275966823,1.9521540834177882,1.850824941784256
K06191.02,Candidate,12.7712843,0.1101,2MASS J19333677+4529377,9.885491525,6258.0,302.4853135,8.693846668,,nan,Not in HZ,4.30213060337156,3.405637275966823,1.9521540834177882,1.850824941784256
K06209.01,Candidate,12.71422376,0.1074,2MASS J19374656+4620095,9.885491525,5947.0,302.4853135,8.693846668,,nan,Not in HZ,4.22098942042248,3.341720304222598,1.9030041335910561,1.80422170951073
K06209.02,Candidate,7.72955243,0.0771,2MASS J19374656+4620095,9.885491525,5947.0,302.4853135,8.693846668,,nan,Not in HZ,4.22098942042248,3.341720304222598,1.9030041335910561,1.80422170951073
K06242.01,Candidate,212.4350367,16.13423714,2MASS J19160905+4942453,9.885491525,5688.237937,302.4853135,8.693846668,,nan,Not in HZ,4.155264934775836,3.289952724194379,1.861027044326932,1.7644229502648114
K06242.02,Candidate,76.83994597,16.13423714,2MASS J19160905+4942453,9.885491525,5688.237937,302.4853135,8.693846668,,nan,Not in HZ,4.155264934775836,3.289952724194379,1.861027044326932,1.7644229502648114
K06242.03,Candidate,78.86684,0.3908,2MASS J19160905+4942453,9.885491525,5688.237937,302.4853135,8.693846668,,nan,Conservative HZ,4.155264934775836,3.289952724194379,1.861027044326932,1.7644229502648114
K06259.01,Candidate,4.78111626,0.0548,2MASS J19271509+3733211,9.885491525,5683.0,302.4853135,8.693846668,,nan,Not in HZ,4.153965819752713,3.2889295339186235,1.860173964760716,1.763614169735212
K06259.02,Candidate,7.1884725,0.072,2MASS J19271509+3733211,9.885491525,5683.0,302.4853135,8.693846668,,nan,Not in HZ,4.153965819752713,3.2889295339186235,1.860173964760716,1.763614169735212
K06355.01,Candidate,4.37198245,0.0515,2MASS J19274405+3849379,9.885491525,5823.0,302.4853135,8.693846668,,nan,Not in HZ,4.189155847023713,3.3166461163493683,1.8829484249099124,1.7852063964945717
K06355.02,Candidate,6.72876606,0.0686,2MASS J19274405+3849379,9.885491525,5823.0,302.4853135,8.693846668,,nan,Not in HZ,4.189155847023713,3.3166461163493683,1.8829484249099124,1.7852063964945717
K06516.01,Candidate,11.2901559,0.0849,2MASS J19192256+4015458,9.885491525,5025.0,302.4853135,8.693846668,,nan,Not in HZ,4.006621952277787,3.172896234825367,1.7549905676557562,1.6639023279866314
K06516.02,Candidate,28.24753303,16.13423714,2MASS J19192256+4015458,9.885491525,5025.0,302.4853135,8.693846668,,nan,Not in HZ,4.006621952277787,3.172896234825367,1.7549905676557562,1.6639023279866314
K07117.01,Candidate,8.2927558,0.0807,2MASS J19360188+4513577,9.885491525,6146.0,302.4853135,8.693846668,,nan,Not in HZ,4.272837399957583,3.382561492767005,1.9347080058728676,1.8342823338227419
K07117.02,Candidate,22.786522,0.1584,2MASS J19360188+4513577,9.885491525,6146.0,302.4853135,8.693846668,,nan,Not in HZ,4.272837399957583,3.382561492767005,1.9347080058728676,1.8342823338227419
K2-266 Af,Candidate,6.1002,0.05658,K2-266 A,9.885491525,4362.0,77.5586,0.571561954,,nan,Not in HZ,3.901121741260037,3.0898441623758597,1.660010620872778,1.573883613361677
K2-266 Ag,Candidate,56.682,0.2501,K2-266 A,9.885491525,4362.0,77.5586,0.571561954,,nan,Not in HZ,3.901121741260037,3.0898441623758597,1.660010620872778,1.573883613361677
K2-38 B,Candidate,3286.203561,265.0,K2-38,11.4,5705.0,192.69,0.874416519,,nan,Not in HZ,4.46670563503209,3.536518971357254,2.001439840818169,1.8975470076246899
K2-38 d,Candidate,753.0,16.13423714,K2-38,11.4,5705.0,192.69,0.874416519,,nan,Not in HZ,4.46670563503209,3.536518971357254,2.001439840818169,1.8975470076246899
Kepler-160 e,Candidate,29.0,16.13423714,Kepler-160,9.885491525,5471.0,962.92,88.10160173,,nan,Not in HZ,4.102782718617646,3.248619163217705,1.8257084272890063,1.7309393720664912
Kepler-879 c,Candidate,0.646716,0.0147,Kepler-879,9.885491525,5644.0,802.672,61.21806764,,nan,Not in HZ,4.144340791508012,3.2813488731320337,1.8538222299130243,1.7575923075267261
KOI-1151.04,Candidate,17.4532952,0.1233,Kepler-271 A,13.58,5645.65,404.542,0.517520115,,nan,Not in HZ,4.8579014349233915,3.846320074075204,2.1731103570798136,2.060306521136799
KOI-1151.05,Candidate,21.7202824,0.1427,Kepler-271 A,13.58,5645.65,404.542,0.517520115,,nan,Not in HZ,4.8579014349233915,3.846320074075204,2.1731103570798136,2.060306521136799
KOI-1338.02,Candidate,42.0370662,0.2285,Kepler-822,9.885491525,5928.0,956.0,86.83987195,,nan,Not in HZ,4.216079849735335,3.3378531339520903,1.8999422518893023,1.8013186204639207
KOI-1338.03,Candidate,21.0112068,0.1439,Kepler-822,9.885491525,5928.0,956.0,86.83987195,,nan,Not in HZ,4.216079849735335,3.3378531339520903,1.8999422518893023,1.8013186204639207
KOI-1522.02,Candidate,12.654896,0.1,Kepler-879,9.885491525,5644.0,802.672,61.21806764,,nan,Not in HZ,4.144340791508012,3.2813488731320337,1.8538222299130243,1.7575923075267261
KOI-1574.03,Candidate,5.83392471,0.063,Kepler-87,15.0,5600.0,1277.88,1.396304527,,nan,Not in HZ,5.0918274565227755,4.031592139284628,2.27474720275067,2.1566678378922797
KOI-1574.04,Candidate,8.9771991,0.0836,Kepler-87,15.0,5600.0,1277.88,1.396304527,,nan,Not in HZ,5.0918274565227755,4.031592139284628,2.27474720275067,2.1566678378922797
KOI-1613.02,Candidate,94.093962,0.405,Kepler-907 A,9.885491525,6106.0,352.0,11.77304264,,nan,Conservative HZ,4.262375401699018,3.374320241889944,1.9283990440940628,1.8283002309814564
KOI-1613.03,Candidate,20.605501,0.1459,Kepler-907 A,9.885491525,6106.0,352.0,11.77304264,,nan,Not in HZ,4.262375401699018,3.374320241889944,1.9283990440940628,1.8283002309814564
KOI-205.02,Candidate,4.8126,0.052,Kepler-492,9.885491525,5527.0,642.0,39.16277396,,nan,Not in HZ,4.1160166333331665,3.2590414889952752,1.834790063280078,1.739548958879157
KOI-205 c,Candidate,4.8126,0.052,Kepler-492,9.885491525,5527.0,642.0,39.16277396,,nan,Not in HZ,4.1160166333331665,3.2590414889952752,1.834790063280078,1.739548958879157
KOI-2433.04,Candidate,27.90426394,16.13423714,Kepler-385,9.885491525,6326.0,1493.94,212.0653438,,nan,Not in HZ,4.3198580708598895,3.4196025386421898,1.962563446208532,1.8606955275777428
KOI-2433.06,Candidate,6.0632531,16.13423714,Kepler-385,9.885491525,6326.0,1493.94,212.0653438,,nan,Not in HZ,4.3198580708598895,3.4196025386421898,1.962563446208532,1.8606955275777428
KOI-2433.07,Candidate,86.43086179,16.13423714,Kepler-385,9.885491525,6326.0,1493.94,212.0653438,,nan,Not in HZ,4.3198580708598895,3.4196025386421898,1.962563446208532,1.8606955275777428
KOI-2433.08,Candidate,3.37375965,16.13423714,Kepler-385,9.885491525,6326.0,1493.94,212.0653438,,nan,Not in HZ,4.3198580708598895,3.4196025386421898,1.962563446208532,1.8606955275777428
KOI-353.01,Candidate,152.1059397,0.6113,Kepler-1717,9.885491525,6591.89,1008.79,96.6952024,,nan,Conservative HZ,4.387869760645569,3.473183249959544,2.0015513236098856,1.8976676216129984
KOI-353.03,Candidate,11.1622285,0.1071,Kepler-1717,9.885491525,6591.89,1008.79,96.6952024,,nan,Not in HZ,4.387869760645569,3.473183249959544,2.0015513236098856,1.8976676216129984
KOI-416.03,Candidate,9.74765878,0.0834,Kepler-152,14.41,5050.0,441.09,0.286453692,,nan,Not in HZ,4.843309171681369,3.835452943283882,2.1235417878548195,2.0133238702326435
KOI-416.04,Candidate,31.5322987,0.182,Kepler-152,14.41,5050.0,441.09,0.286453692,,nan,Not in HZ,4.843309171681369,3.835452943283882,2.1235417878548195,2.0133238702326435
KOI-4246.02,Candidate,8.75630628,0.0844,Kepler-1576,9.885491525,5674.51,460.91,20.18532059,,nan,Not in HZ,4.151863297071167,3.28727357969267,1.85879120964058,1.7623032213657832
KOI-4246.03,Candidate,5.55842,0.0614,Kepler-1576,9.885491525,5674.51,460.91,20.18532059,,nan,Not in HZ,4.151863297071167,3.28727357969267,1.85879120964058,1.7623032213657832
KOI-4302.01,Candidate,5.53312006,0.0622,KOI-4302,9.885491525,6065.0,978.703,91.013377,,nan,Not in HZ,4.251665059074528,3.3658834793852543,1.9218955672649656,1.8221337657940244
KOI-4302.02,Candidate,3.422508,0.0463,KOI-4302,9.885491525,6065.0,978.703,91.013377,,nan,Not in HZ,4.251665059074528,3.3658834793852543,1.9218955672649656,1.8221337657940244
KOI-4524.02,Candidate,4.5262415,0.0523,Kepler-1962,9.885491525,5766.0,866.826,71.39490966,,nan,Not in HZ,4.174717463222522,3.305273890556888,1.8736856380997062,1.7764243433008082
KOI-4524.03,Candidate,3.33928642,0.0427,Kepler-1962,9.885491525,5766.0,866.826,71.39490966,,nan,Not in HZ,4.174717463222522,3.305273890556888,1.8736856380997062,1.7764243433008082
KOI-456.04,Candidate,378.417,16.13423714,Kepler-160,9.885491525,5471.0,962.92,88.10160173,,nan,Not in HZ,4.102782718617646,3.248619163217705,1.8257084272890063,1.7309393720664912
KOI-521.02,Candidate,10.8206034,0.0958,Kepler-1989 A,14.29,5953.0,1252.13,2.578094557,,nan,Not in HZ,5.076810376611966,4.019258768840527,2.2891649605443556,2.1703374985508366
KOI-750.02,Candidate,5.04414507,0.0468,Kepler-662,9.885491525,4897.0,641.0,39.04086657,,nan,Not in HZ,3.982532239907675,3.153929239498607,1.7355137810569528,1.645441025743834
KOI-750.03,Candidate,14.5168147,0.0946,Kepler-662,9.885491525,4897.0,641.0,39.04086657,,nan,Not in HZ,3.982532239907675,3.153929239498607,1.7355137810569528,1.645441025743834
KOI-972.01,Candidate,13.11896676,0.1376,KOI-972,9.4,7800.0,227.0,7.656877771,,nan,Not in HZ,4.484536886551711,3.548959762060508,2.0610441815351557,1.954148426582737
KOI-972.02,Candidate,7.821931,0.0975,KOI-972,9.4,7800.0,227.0,7.656877771,,nan,Not in HZ,4.484536886551711,3.548959762060508,2.0610441815351557,1.954148426582737
LkCa 15 b,Candidate,40000.0,15.7,LkCa 15,12.03,4306.39,160.0,0.337473725,,nan,Not in HZ,4.296180316521508,3.4027835161537023,1.8232719410321685,1.7286784063160272
LkCa 15 c,Candidate,3286.203561,18.6,LkCa 15,12.03,4306.39,160.0,0.337473725,,nan,Not in HZ,4.296180316521508,3.4027835161537023,1.8232719410321685,1.7286784063160272
LkCa 15 d,Candidate,3286.203561,24.7,LkCa 15,12.03,4306.39,160.0,0.337473725,,nan,Not in HZ,4.296180316521508,3.4027835161537023,1.8232719410321685,1.7286784063160272
LoTr 5 Ab,Candidate,129.8,0.518,LoTr 5 A,8.88,5410.0,498.798,59.68282984,,nan,Conservative HZ,3.875118670425618,3.0684102165562543,1.7210242786911096,1.6316899855508442
LoTr 5 Ac,Candidate,5.96675,0.0665,LoTr 5 A,8.88,5410.0,498.798,59.68282984,,nan,Not in HZ,3.875118670425618,3.0684102165562543,1.7210242786911096,1.6316899855508442
MWC 480 b,Candidate,3286.203561,78.0,MWC 480,7.62,8460.0,161.8,20.04273732,,nan,Not in HZ,4.004266526037346,3.1690035913784147,1.8377042168893056,1.7424633354018992
MWC 480 c,Candidate,3286.203561,245.0,MWC 480,7.62,8460.0,161.8,20.04273732,,nan,Not in HZ,4.004266526037346,3.1690035913784147,1.8377042168893056,1.7424633354018992
ome2 Sco b,Candidate,4405.192718,5.265,ome2 Sco,4.33,5313.0,91.9469,133.9905541,,nan,Not in HZ,2.691470484167191,2.13123237419159,1.1914638306906575,1.1296188882251776
ome2 Sco c,Candidate,421.9248873,1.101,ome2 Sco,4.33,5313.0,91.9469,133.9905541,,nan,Not in HZ,2.691470484167191,2.13123237419159,1.1914638306906575,1.1296188882251776
psi UMa b,Candidate,463.6,1.44,psi UMa,3.01,4537.0,45.02477,108.368486,,nan,Not in HZ,2.1654181642396746,1.7150340958110595,0.9289843959901769,0.880779652348132
psi UMa c,Candidate,19929.2,17.513,psi UMa,3.01,4537.0,45.02477,108.368486,,nan,Not in HZ,2.1654181642396746,1.7150340958110595,0.9289843959901769,0.880779652348132
RX J1604.3-2130 Ab,Candidate,3286.203561,41.0,RX J1604.3-2130 A,9.885491525,5688.237937,145.3,2.006017043,,nan,Not in HZ,4.155264934775836,3.289952724194379,1.861027044326932,1.7644229502648114
RX J1604.3-2130 Ac,Candidate,3286.203561,9.6,RX J1604.3-2130 A,9.885491525,5688.237937,145.3,2.006017043,,nan,Not in HZ,4.155264934775836,3.289952724194379,1.861027044326932,1.7644229502648114
Sand 178 c,Candidate,19.99,16.13423714,Sand 178,14.0,3520.0,58.8285,0.007433195,,nan,Not in HZ,4.56052840973082,3.612576840670404,1.8615766009098846,1.7650734837163284
Sand 178 d,Candidate,3286.203561,16.13423714,Sand 178,14.0,3520.0,58.8285,0.007433195,,nan,Not in HZ,4.56052840973082,3.612576840670404,1.8615766009098846,1.7650734837163284
Sand 178 e,Candidate,186.37,16.13423714,Sand 178,14.0,3520.0,58.8285,0.007433195,,nan,Not in HZ,4.56052840973082,3.612576840670404,1.8615766009098846,1.7650734837163284
SAO 206462 b,Candidate,3286.203561,100.0,SAO 206462,8.7,5688.237937,302.4853135,25.90649065,,nan,Not in HZ,3.898155966168649,3.086385354854148,1.7458751222647608,1.6552484518753583
SAO 206462 c,Candidate,3286.203561,300.0,SAO 206462,8.7,5688.237937,302.4853135,25.90649065,,nan,Not in HZ,3.898155966168649,3.086385354854148,1.7458751222647608,1.6552484518753583
tau Cet b,Candidate,13.965,0.105,tau Cet,3.5,5344.0,3.65,0.453508811,,nan,Not in HZ,2.42391658510186,1.919352734373336,1.0741561701138365,1.0183999279968026
tau Cet c,Candidate,35.362,0.195,tau Cet,3.5,5344.0,3.65,0.453508811,,nan,Not in HZ,2.42391658510186,1.919352734373336,1.0741561701138365,1.0183999279968026
tau Cet d,Candidate,94.11,0.374,tau Cet,3.5,5344.0,3.65,0.453508811,,nan,Conservative HZ,2.42391658510186,1.919352734373336,1.0741561701138365,1.0183999279968026
tau Cet i,Candidate,3286.203561,11.0,tau Cet,3.5,5344.0,3.65,0.453508811,,nan,Not in HZ,2.42391658510186,1.919352734373336,1.0741561701138365,1.0183999279968026
TOI-1438 b,Candidate,5.1396625,0.056,TOI-1438,9.885491525,5269.0,110.51,1.160396867,,nan,Not in HZ,4.057049100761274,3.2126037648148205,1.7932401256107293,1.7001598798546975
TOI-1438 c,Candidate,9.42807,0.084,TOI-1438,9.885491525,5269.0,110.51,1.160396867,,nan,Not in HZ,4.057049100761274,3.2126037648148205,1.7932401256107293,1.7001598798546975
TOI-193 b,Candidate,0.7921,16.13423714,TOI-193,9.885491525,5222.0,302.4853135,8.693846668,,nan,Not in HZ,4.04690162758183,3.204613036850211,1.7857752463689445,1.693083545359642
TOI-193 c,Candidate,1.516,16.13423714,TOI-193,9.885491525,5222.0,302.4853135,8.693846668,,nan,Not in HZ,4.04690162758183,3.204613036850211,1.7857752463689445,1.693083545359642
T Tau N b,Candidate,3286.203561,12.0,T Tau N,10.12,4580.0,143.7,1.58093326,,nan,Not in HZ,3.9768118178380023,3.1496464430611892,1.7094305346050187,1.6207262526795818
TWA 7 b,Candidate,3286.203561,25.0,T Tau N,10.12,4580.0,143.7,1.58093326,,nan,Not in HZ,3.9768118178380023,3.1496464430611892,1.7094305346050187,1.6207262526795818
TW Hya c,Candidate,3286.203561,80.0,TW Hya,11.1,4050.0,60.0,0.111764145,,nan,Not in HZ,4.098773007995753,3.2465740654798894,1.7178649772123877,1.6287597510986063
TW Hya d,Candidate,3286.203561,24.0,TW Hya,11.1,4050.0,60.0,0.111764145,,nan,Not in HZ,4.098773007995753,3.2465740654798894,1.7178649772123877,1.6287597510986063
TW Hya f,Candidate,3286.203561,94.0,TW Hya,11.1,4050.0,60.0,0.111764145,,nan,Not in HZ,4.098773007995753,3.2465740654798894,1.7178649772123877,1.6287597510986063
TW Hya g,Candidate,3.56,0.041,TW Hya,11.1,4050.0,60.0,0.111764145,,nan,Not in HZ,4.098773007995753,3.2465740654798894,1.7178649772123877,1.6287597510986063
2MASS J18471756+4248402 b,Aschwaden Prediction,4.8349851,0.054924076398099694,2MASS J18471756+4248402,9.885491525,5770.0,302.4853135,,K04136.01,2 banding 1,Not in HZ,4.175726020055822,3.3060682607106107,1.8743362417928464,1.7770411764330212
2MASS J18471756+4248402 c,Aschwaden Prediction,3.6262388249999997,0.04533882611981391,2MASS J18471756+4248402,9.885491525,5770.0,302.4853135,,K04136.01,3 banding 2,Not in HZ,4.175726020055822,3.3060682607106107,1.8743362417928464,1.7770411764330212
2MASS J18471756+4248402 d,Aschwaden Prediction,4.02915425,0.048637950365734206,2MASS J18471756+4248402,9.885491525,5770.0,302.4853135,,K04136.01,5 banding 3,Not in HZ,4.175726020055822,3.3060682607106107,1.8743362417928464,1.7770411764330212
2MASS J18471756+4248402 e,Aschwaden Prediction,3.0218656875,0.04014974341075054,2MASS J18471756+4248402,9.885491525,5770.0,302.4853135,,K04136.01,5 banding 4,Not in HZ,4.175726020055822,3.3060682607106107,1.8743362417928464,1.7770411764330212
2MASS J18471756+4248402 f,Aschwaden Prediction,3.2233234,0.041914915007994685,2MASS J18471756+4248402,9.885491525,5770.0,302.4853135,,K04136.01,4 banding 3,Not in HZ,4.175726020055822,3.3060682607106107,1.8743362417928464,1.7770411764330212
2MASS J18471756+4248402 g,Aschwaden Prediction,6.043731375,0.06373374492647868,2MASS J18471756+4248402,9.885491525,5770.0,302.4853135,,K04136.01,5 banding 2,Not in HZ,4.175726020055822,3.3060682607106107,1.8743362417928464,1.7770411764330212
2MASS J18471756+4248402 h,Aschwaden Prediction,7.252477649999999,0.07197090027759588,2MASS J18471756+4248402,9.885491525,5770.0,302.4853135,,K04136.01,3 banding 1,Not in HZ,4.175726020055822,3.3060682607106107,1.8743362417928464,1.7770411764330212
2MASS J18474936+4415415 b,Aschwaden Prediction,21.722991,0.15588278330327718,2MASS J18474936+4415415,9.885491525,6328.0,302.4853135,,K04435.01,2 banding 1,Not in HZ,4.3203782510984095,3.4200123284506514,1.9628672673005958,1.8609836266060955
2MASS J18474936+4415415 c,Aschwaden Prediction,16.29224325,0.12867840245565682,2MASS J18474936+4415415,9.885491525,6328.0,302.4853135,,K04435.01,3 banding 2,Not in HZ,4.3203782510984095,3.4200123284506514,1.9628672673005958,1.8609836266060955
2MASS J18474936+4415415 d,Aschwaden Prediction,18.1024925,0.1380418128877196,2MASS J18474936+4415415,9.885491525,6328.0,302.4853135,,K04435.01,5 banding 3,Not in HZ,4.3203782510984095,3.4200123284506514,1.9628672673005958,1.8609836266060955
2MASS J18474936+4415415 e,Aschwaden Prediction,13.576869375000001,0.11395100586519373,2MASS J18474936+4415415,9.885491525,6328.0,302.4853135,,K04435.01,5 banding 4,Not in HZ,4.3203782510984095,3.4200123284506514,1.9628672673005958,1.8609836266060955
2MASS J18474936+4415415 f,Aschwaden Prediction,14.481994,0.1189608281440774,2MASS J18474936+4415415,9.885491525,6328.0,302.4853135,,K04435.01,4 banding 3,Not in HZ,4.3203782510984095,3.4200123284506514,1.9628672673005958,1.8609836266060955
2MASS J18474936+4415415 g,Aschwaden Prediction,27.153738750000002,0.18088594658324297,2MASS J18474936+4415415,9.885491525,6328.0,302.4853135,,K04435.01,5 banding 2,Not in HZ,4.3203782510984095,3.4200123284506514,1.9628672673005958,1.8609836266060955
2MASS J18474936+4415415 h,Aschwaden Prediction,32.5844865,0.20426423142369693,2MASS J18474936+4415415,9.885491525,6328.0,302.4853135,,K04435.01,3 banding 1,Not in HZ,4.3203782510984095,3.4200123284506514,1.9628672673005958,1.8609836266060955
2MASS J18530028+4043231 b,Aschwaden Prediction,17.0583573,0.12794452478863688,2MASS J18530028+4043231,9.885491525,5915.0,302.4853135,,K04541.01,2 banding 1,Not in HZ,4.21272660630726,3.335211866702647,1.8978446230065094,1.799329786073861
2MASS J18530028+4043231 c,Aschwaden Prediction,12.793767975000002,0.10561587818661854,2MASS J18530028+4043231,9.885491525,5915.0,302.4853135,,K04541.01,3 banding 2,Not in HZ,4.21272660630726,3.335211866702647,1.8978446230065094,1.799329786073861
2MASS J18530028+4043231 d,Aschwaden Prediction,14.21529775,0.11330112137220165,2MASS J18530028+4043231,9.885491525,5915.0,302.4853135,,K04541.01,5 banding 3,Not in HZ,4.21272660630726,3.335211866702647,1.8978446230065094,1.799329786073861
2MASS J18530028+4043231 e,Aschwaden Prediction,10.6614733125,0.09352801499729751,2MASS J18530028+4043231,9.885491525,5915.0,302.4853135,,K04541.01,5 banding 4,Not in HZ,4.21272660630726,3.335211866702647,1.8978446230065094,1.799329786073861
2MASS J18530028+4043231 f,Aschwaden Prediction,11.3722382,0.09763994652151364,2MASS J18530028+4043231,9.885491525,5915.0,302.4853135,,K04541.01,4 banding 3,Not in HZ,4.21272660630726,3.335211866702647,1.8978446230065094,1.799329786073861
2MASS J18530028+4043231 g,Aschwaden Prediction,21.322946625,0.14846646939520758,2MASS J18530028+4043231,9.885491525,5915.0,302.4853135,,K04541.01,5 banding 2,Not in HZ,4.21272660630726,3.335211866702647,1.8978446230065094,1.799329786073861
2MASS J18530028+4043231 h,Aschwaden Prediction,25.587535950000003,0.16765475613798347,2MASS J18530028+4043231,9.885491525,5915.0,302.4853135,,K04541.01,3 banding 1,Not in HZ,4.21272660630726,3.335211866702647,1.8978446230065094,1.799329786073861
2MASS J18532411+4520208 b,Aschwaden Prediction,9.92128606,0.0963552438544697,2MASS J18532411+4520208,9.885491525,6422.0,302.4853135,,K03196.01,2 banding 1,Not in HZ,4.344715149946489,3.439184844509371,1.9769817412130282,1.8743679301528795
2MASS J18532411+4520208 c,Aschwaden Prediction,7.440964545,0.07953950131424001,2MASS J18532411+4520208,9.885491525,6422.0,302.4853135,,K03196.01,3 banding 2,Not in HZ,4.344715149946489,3.439184844509371,1.9769817412130282,1.8743679301528795
2MASS J18532411+4520208 d,Aschwaden Prediction,8.267738383333333,0.0853272713063603,2MASS J18532411+4520208,9.885491525,6422.0,302.4853135,,K03196.01,5 banding 3,Not in HZ,4.344715149946489,3.439184844509371,1.9769817412130282,1.8743679301528795
2MASS J18532411+4520208 e,Aschwaden Prediction,6.2008037875,0.07043611055007393,2MASS J18532411+4520208,9.885491525,6422.0,302.4853135,,K03196.01,5 banding 4,Not in HZ,4.344715149946489,3.439184844509371,1.9769817412130282,1.8743679301528795
2MASS J18532411+4520208 f,Aschwaden Prediction,6.614190706666666,0.07353281332327391,2MASS J18532411+4520208,9.885491525,6422.0,302.4853135,,K03196.01,4 banding 3,Not in HZ,4.344715149946489,3.439184844509371,1.9769817412130282,1.8743679301528795
2MASS J18532411+4520208 g,Aschwaden Prediction,12.401607575,0.11181035598373572,2MASS J18532411+4520208,9.885491525,6422.0,302.4853135,,K03196.01,5 banding 2,Not in HZ,4.344715149946489,3.439184844509371,1.9769817412130282,1.8743679301528795
2MASS J18532411+4520208 h,Aschwaden Prediction,14.88192909,0.12626108805925057,2MASS J18532411+4520208,9.885491525,6422.0,302.4853135,,K03196.01,3 banding 1,Not in HZ,4.344715149946489,3.439184844509371,1.9769817412130282,1.8743679301528795
2MASS J18544291+4105487 b,Aschwaden Prediction,13.57577606,0.12080122005477997,2MASS J18544291+4105487,9.885491525,6543.0,302.4853135,,K04913.01,2 banding 1,Not in HZ,4.375590610951709,3.4635092182004867,1.9946178542189468,1.8910923517440417
2MASS J18544291+4105487 c,Aschwaden Prediction,10.181832045,0.09971921004964851,2MASS J18544291+4105487,9.885491525,6543.0,302.4853135,,K04913.01,3 banding 2,Not in HZ,4.375590610951709,3.4635092182004867,1.9946178542189468,1.8910923517440417
2MASS J18544291+4105487 d,Aschwaden Prediction,11.313146716666667,0.10697537638243852,2MASS J18544291+4105487,9.885491525,6543.0,302.4853135,,K04913.01,5 banding 3,Not in HZ,4.375590610951709,3.4635092182004867,1.9946178542189468,1.8910923517440417
2MASS J18544291+4105487 e,Aschwaden Prediction,8.4848600375,0.08830622755948313,2MASS J18544291+4105487,9.885491525,6543.0,302.4853135,,K04913.01,5 banding 4,Not in HZ,4.375590610951709,3.4635092182004867,1.9946178542189468,1.8910923517440417
2MASS J18544291+4105487 f,Aschwaden Prediction,9.050517373333333,0.09218858474301722,2MASS J18544291+4105487,9.885491525,6543.0,302.4853135,,K04913.01,4 banding 3,Not in HZ,4.375590610951709,3.4635092182004867,1.9946178542189468,1.8910923517440417
2MASS J18544291+4105487 g,Aschwaden Prediction,16.969720075,0.14017739852326672,2MASS J18544291+4105487,9.885491525,6543.0,302.4853135,,K04913.01,5 banding 2,Not in HZ,4.375590610951709,3.4635092182004867,1.9946178542189468,1.8910923517440417
2MASS J18544291+4105487 h,Aschwaden Prediction,20.36366409,0.1582943789342499,2MASS J18544291+4105487,9.885491525,6543.0,302.4853135,,K04913.01,3 banding 1,Not in HZ,4.375590610951709,3.4635092182004867,1.9946178542189468,1.8910923517440417
2MASS J18554483+4906371 b,Aschwaden Prediction,40.03919198,0.4757440952748694,2MASS J18554483+4906371,9.885491525,6343.0,302.4853135,,K01445.02,2 banding 1,Conservative HZ,4.3242769057919554,3.423083635599395,1.9651414582842859,1.863140139518623
2MASS J18554483+4906371 c,Aschwaden Prediction,30.029393985,0.39271809792220314,2MASS J18554483+4906371,9.885491525,6343.0,302.4853135,,K01445.02,3 banding 2,Conservative HZ,4.3242769057919554,3.423083635599395,1.9651414582842859,1.863140139518623
2MASS J18554483+4906371 d,Aschwaden Prediction,33.36599331666667,0.42129461631822374,2MASS J18554483+4906371,9.885491525,6343.0,302.4853135,,K01445.02,5 banding 3,Conservative HZ,4.3242769057919554,3.423083635599395,1.9651414582842859,1.863140139518623
2MASS J18554483+4906371 e,Aschwaden Prediction,25.0244949875,0.3477710433584375,2MASS J18554483+4906371,9.885491525,6343.0,302.4853135,,K01445.02,5 banding 4,Not in HZ,4.3242769057919554,3.423083635599395,1.9651414582842859,1.863140139518623
2MASS J18554483+4906371 f,Aschwaden Prediction,26.692794653333333,0.3630606944478616,2MASS J18554483+4906371,9.885491525,6343.0,302.4853135,,K01445.02,4 banding 3,Optimistic HZ,4.3242769057919554,3.423083635599395,1.9651414582842859,1.863140139518623
2MASS J18554483+4906371 g,Aschwaden Prediction,50.048989975,0.5520521200712619,2MASS J18554483+4906371,9.885491525,6343.0,302.4853135,,K01445.02,5 banding 2,Conservative HZ,4.3242769057919554,3.423083635599395,1.9651414582842859,1.863140139518623
2MASS J18554483+4906371 h,Aschwaden Prediction,60.05878797,0.6234011217686557,2MASS J18554483+4906371,9.885491525,6343.0,302.4853135,,K01445.02,3 banding 1,Conservative HZ,4.3242769057919554,3.423083635599395,1.9651414582842859,1.863140139518623
2MASS J18570445+4411511 b,Aschwaden Prediction,12.66710756,0.09175178080376192,2MASS J18570445+4411511,9.885491525,4349.0,302.4853135,,K04838.01,2 banding 1,Not in HZ,3.8995376119474914,3.088597472839394,1.6583114020062655,1.5722733973673035
2MASS J18570445+4411511 c,Aschwaden Prediction,9.50033067,0.07573942629263711,2MASS J18570445+4411511,9.885491525,4349.0,302.4853135,,K04838.01,3 banding 2,Not in HZ,3.8995376119474914,3.088597472839394,1.6583114020062655,1.5722733973673035
2MASS J18570445+4411511 d,Aschwaden Prediction,10.555922966666666,0.08125068009073518,2MASS J18570445+4411511,9.885491525,4349.0,302.4853135,,K04838.01,5 banding 3,Not in HZ,3.8995376119474914,3.088597472839394,1.6583114020062655,1.5722733973673035
2MASS J18570445+4411511 e,Aschwaden Prediction,7.916942225,0.06707095864570466,2MASS J18570445+4411511,9.885491525,4349.0,302.4853135,,K04838.01,5 banding 4,Not in HZ,3.8995376119474914,3.088597472839394,1.6583114020062655,1.5722733973673035
2MASS J18570445+4411511 f,Aschwaden Prediction,8.444738373333333,0.07001971351046511,2MASS J18570445+4411511,9.885491525,4349.0,302.4853135,,K04838.01,4 banding 3,Not in HZ,3.8995376119474914,3.088597472839394,1.6583114020062655,1.5722733973673035
2MASS J18570445+4411511 g,Aschwaden Prediction,15.83388445,0.10646851031070716,2MASS J18570445+4411511,9.885491525,4349.0,302.4853135,,K04838.01,5 banding 2,Not in HZ,3.8995376119474914,3.088597472839394,1.6583114020062655,1.5722733973673035
2MASS J18570445+4411511 h,Aschwaden Prediction,19.00066134,0.12022884497240005,2MASS J18570445+4411511,9.885491525,4349.0,302.4853135,,K04838.01,3 banding 1,Not in HZ,3.8995376119474914,3.088597472839394,1.6583114020062655,1.5722733973673035
2MASS J18573982+4839288 b,Aschwaden Prediction,89.1290502,0.43780521013282936,2MASS J18573982+4839288,9.885491525,7030.0,302.4853135,,K02696.01,2 banding 1,Conservative HZ,4.489602621633175,3.553337904281711,2.057344119092635,1.9505843824089468
2MASS J18573982+4839288 c,Aschwaden Prediction,66.84678765,0.3614002382614068,2MASS J18573982+4839288,9.885491525,7030.0,302.4853135,,K02696.01,3 banding 2,Not in HZ,4.489602621633175,3.553337904281711,2.057344119092635,1.9505843824089468
2MASS J18573982+4839288 d,Aschwaden Prediction,74.2742085,0.38769788181703735,2MASS J18573982+4839288,9.885491525,7030.0,302.4853135,,K02696.01,5 banding 3,Optimistic HZ,4.489602621633175,3.553337904281711,2.057344119092635,1.9505843824089468
2MASS J18573982+4839288 e,Aschwaden Prediction,55.705656375,0.3200375500776011,2MASS J18573982+4839288,9.885491525,7030.0,302.4853135,,K02696.01,5 banding 4,Not in HZ,4.489602621633175,3.553337904281711,2.057344119092635,1.9505843824089468
2MASS J18573982+4839288 f,Aschwaden Prediction,59.4193668,0.33410790633540277,2MASS J18573982+4839288,9.885491525,7030.0,302.4853135,,K02696.01,4 banding 3,Not in HZ,4.489602621633175,3.553337904281711,2.057344119092635,1.9505843824089468
2MASS J18573982+4839288 g,Aschwaden Prediction,111.41131275,0.5080279436625093,2MASS J18573982+4839288,9.885491525,7030.0,302.4853135,,K02696.01,5 banding 2,Conservative HZ,4.489602621633175,3.553337904281711,2.057344119092635,1.9505843824089468
2MASS J18573982+4839288 h,Aschwaden Prediction,133.6935753,0.5736871183977151,2MASS J18573982+4839288,9.885491525,7030.0,302.4853135,,K02696.01,3 banding 1,Conservative HZ,4.489602621633175,3.553337904281711,2.057344119092635,1.9505843824089468
2MASS J19012764+4912056 b,Aschwaden Prediction,4.242047614,0.05222549460975376,2MASS J19012764+4912056,9.885491525,6133.0,302.4853135,,K02639.01,2 banding 1,Not in HZ,4.269436342498878,3.3798823586369617,1.9326617006284277,1.832342036972626
2MASS J19012764+4912056 c,Aschwaden Prediction,3.1815357104999995,0.04311119593473634,2MASS J19012764+4912056,9.885491525,6133.0,302.4853135,,K02639.01,3 banding 2,Not in HZ,4.269436342498878,3.3798823586369617,1.9326617006284277,1.832342036972626
2MASS J19012764+4912056 d,Aschwaden Prediction,3.5350396783333333,0.04624822448071258,2MASS J19012764+4912056,9.885491525,6133.0,302.4853135,,K02639.01,5 banding 3,Not in HZ,4.269436342498878,3.3798823586369617,1.9326617006284277,1.832342036972626
2MASS J19012764+4912056 e,Aschwaden Prediction,2.65127975875,0.038177068156465106,2MASS J19012764+4912056,9.885491525,6133.0,302.4853135,,K02639.01,5 banding 4,Not in HZ,4.269436342498878,3.3798823586369617,1.9326617006284277,1.832342036972626
2MASS J19012764+4912056 f,Aschwaden Prediction,2.8280317426666666,0.0398555116694516,2MASS J19012764+4912056,9.885491525,6133.0,302.4853135,,K02639.01,4 banding 3,Not in HZ,4.269436342498878,3.3798823586369617,1.9326617006284277,1.832342036972626
2MASS J19012764+4912056 g,Aschwaden Prediction,5.3025595175,0.06060231815263435,2MASS J19012764+4912056,9.885491525,6133.0,302.4853135,,K02639.01,5 banding 2,Not in HZ,4.269436342498878,3.3798823586369617,1.9326617006284277,1.832342036972626
2MASS J19012764+4912056 h,Aschwaden Prediction,6.363071420999999,0.06843475777840764,2MASS J19012764+4912056,9.885491525,6133.0,302.4853135,,K02639.01,3 banding 1,Not in HZ,4.269436342498878,3.3798823586369617,1.9326617006284277,1.832342036972626
2MASS J19025298+4051250 b,Aschwaden Prediction,12.6286894,0.10794327153383756,2MASS J19025298+4051250,9.885491525,6075.0,302.4853135,,K02369.02,2 banding 1,Not in HZ,4.254275658351576,3.367939892414241,1.9234850144860158,1.823640840545101
2MASS J19025298+4051250 c,Aschwaden Prediction,9.471517050000001,0.08910520740310249,2MASS J19025298+4051250,9.885491525,6075.0,302.4853135,,K02369.02,3 banding 2,Not in HZ,4.254275658351576,3.367939892414241,1.9234850144860158,1.823640840545101
2MASS J19025298+4051250 d,Aschwaden Prediction,10.523907833333334,0.09558903540086491,2MASS J19025298+4051250,9.885491525,6075.0,302.4853135,,K02369.02,5 banding 3,Not in HZ,4.254275658351576,3.367939892414241,1.9234850144860158,1.823640840545101
2MASS J19025298+4051250 e,Aschwaden Prediction,7.892930875,0.07890701017141726,2MASS J19025298+4051250,9.885491525,6075.0,302.4853135,,K02369.02,5 banding 4,Not in HZ,4.254275658351576,3.367939892414241,1.9234850144860158,1.823640840545101
2MASS J19025298+4051250 f,Aschwaden Prediction,8.419126266666668,0.08237613354172368,2MASS J19025298+4051250,9.885491525,6075.0,302.4853135,,K02369.02,4 banding 3,Not in HZ,4.254275658351576,3.367939892414241,1.9234850144860158,1.823640840545101
2MASS J19025298+4051250 g,Aschwaden Prediction,15.78586175,0.12525707095377314,2MASS J19025298+4051250,9.885491525,6075.0,302.4853135,,K02369.02,5 banding 2,Not in HZ,4.254275658351576,3.367939892414241,1.9234850144860158,1.823640840545101
2MASS J19025298+4051250 h,Aschwaden Prediction,18.943034100000002,0.14144569996752948,2MASS J19025298+4051250,9.885491525,6075.0,302.4853135,,K02369.02,3 banding 1,Not in HZ,4.254275658351576,3.367939892414241,1.9234850144860158,1.823640840545101
2MASS J19025831+4451281 b,Aschwaden Prediction,173.18644588,25.61150500874039,2MASS J19025831+4451281,9.885491525,5688.237937,302.4853135,,K02410.01,2 banding 1,Not in HZ,4.155264934775836,3.289952724194379,1.861027044326932,1.7644229502648114
2MASS J19025831+4451281 c,Aschwaden Prediction,129.88983441,21.141831568390277,2MASS J19025831+4451281,9.885491525,5688.237937,302.4853135,,K02410.01,3 banding 2,Not in HZ,4.155264934775836,3.289952724194379,1.861027044326932,1.7644229502648114
2MASS J19025831+4451281 d,Aschwaden Prediction,144.32203823333336,22.68023772266779,2MASS J19025831+4451281,9.885491525,5688.237937,302.4853135,,K02410.01,5 banding 3,Not in HZ,4.155264934775836,3.289952724194379,1.861027044326932,1.7644229502648114
2MASS J19025831+4451281 e,Aschwaden Prediction,108.24152867500001,18.722123736971145,2MASS J19025831+4451281,9.885491525,5688.237937,302.4853135,,K02410.01,5 banding 4,Not in HZ,4.155264934775836,3.289952724194379,1.861027044326932,1.7644229502648114
2MASS J19025831+4451281 f,Aschwaden Prediction,115.45763058666667,19.545236371154083,2MASS J19025831+4451281,9.885491525,5688.237937,302.4853135,,K02410.01,4 banding 3,Not in HZ,4.155264934775836,3.289952724194379,1.861027044326932,1.7644229502648114
2MASS J19025831+4451281 g,Aschwaden Prediction,216.48305735000002,29.71951891514679,2MASS J19025831+4451281,9.885491525,5688.237937,302.4853135,,K02410.01,5 banding 2,Not in HZ,4.155264934775836,3.289952724194379,1.861027044326932,1.7644229502648114
2MASS J19025831+4451281 h,Aschwaden Prediction,259.77966882,33.560565672197214,2MASS J19025831+4451281,9.885491525,5688.237937,302.4853135,,K02410.01,3 banding 1,Not in HZ,4.155264934775836,3.289952724194379,1.861027044326932,1.7644229502648114
2MASS J19033018+4119567 b,Aschwaden Prediction,7.50064206,0.07952879270360678,2MASS J19033018+4119567,9.885491525,6197.0,302.4853135,,K02949.01,2 banding 1,Not in HZ,4.286182293660222,3.3930738544500576,1.9426948727214985,1.8418555173176312
2MASS J19033018+4119567 c,Aschwaden Prediction,5.6254815449999995,0.06564957192493286,2MASS J19033018+4119567,9.885491525,6197.0,302.4853135,,K02949.01,3 banding 2,Not in HZ,4.286182293660222,3.3930738544500576,1.9426948727214985,1.8418555173176312
2MASS J19033018+4119567 d,Aschwaden Prediction,6.25053505,0.07042662755269606,2MASS J19033018+4119567,9.885491525,6197.0,302.4853135,,K02949.01,5 banding 3,Not in HZ,4.286182293660222,3.3930738544500576,1.9426948727214985,1.8418555173176312
2MASS J19033018+4119567 e,Aschwaden Prediction,4.6879012875,0.058135900141000056,2MASS J19033018+4119567,9.885491525,6197.0,302.4853135,,K02949.01,5 banding 4,Not in HZ,4.286182293660222,3.3930738544500576,1.9426948727214985,1.8418555173176312
2MASS J19033018+4119567 f,Aschwaden Prediction,5.00042804,0.06069182780059347,2MASS J19033018+4119567,9.885491525,6197.0,302.4853135,,K02949.01,4 banding 3,Not in HZ,4.286182293660222,3.3930738544500576,1.9426948727214985,1.8418555173176312
2MASS J19033018+4119567 g,Aschwaden Prediction,9.375802575,0.09228498904094168,2MASS J19033018+4119567,9.885491525,6197.0,302.4853135,,K02949.01,5 banding 2,Not in HZ,4.286182293660222,3.3930738544500576,1.9426948727214985,1.8418555173176312
2MASS J19033018+4119567 h,Aschwaden Prediction,11.250963089999999,0.1042121995349004,2MASS J19033018+4119567,9.885491525,6197.0,302.4853135,,K02949.01,3 banding 1,Not in HZ,4.286182293660222,3.3930738544500576,1.9426948727214985,1.8418555173176312
2MASS J19041258+3905457 b,Aschwaden Prediction,16.3923676,0.12524594300029093,2MASS J19041258+3905457,9.885491525,5375.0,302.4853135,,K04084.02,2 banding 1,Not in HZ,4.08063710690793,3.2311790153125157,1.8102104397358307,1.7162472687186652
2MASS J19041258+3905457 c,Aschwaden Prediction,12.2942757,0.10338824800154096,2MASS J19041258+3905457,9.885491525,5375.0,302.4853135,,K04084.02,3 banding 2,Not in HZ,4.08063710690793,3.2311790153125157,1.8102104397358307,1.7162472687186652
2MASS J19041258+3905457 d,Aschwaden Prediction,13.660306333333333,0.11091139548718001,2MASS J19041258+3905457,9.885491525,5375.0,302.4853135,,K04084.02,5 banding 3,Not in HZ,4.08063710690793,3.2311790153125157,1.8102104397358307,1.7162472687186652
2MASS J19041258+3905457 e,Aschwaden Prediction,10.24522975,0.09155533974301207,2MASS J19041258+3905457,9.885491525,5375.0,302.4853135,,K04084.02,5 banding 4,Not in HZ,4.08063710690793,3.2311790153125157,1.8102104397358307,1.7162472687186652
2MASS J19041258+3905457 f,Aschwaden Prediction,10.928245066666667,0.09558054318297056,2MASS J19041258+3905457,9.885491525,5375.0,302.4853135,,K04084.02,4 banding 3,Not in HZ,4.08063710690793,3.2311790153125157,1.8102104397358307,1.7162472687186652
2MASS J19041258+3905457 g,Aschwaden Prediction,20.4904595,0.14533504262136324,2MASS J19041258+3905457,9.885491525,5375.0,302.4853135,,K04084.02,5 banding 2,Not in HZ,4.08063710690793,3.2311790153125157,1.8102104397358307,1.7162472687186652
2MASS J19041258+3905457 h,Aschwaden Prediction,24.5885514,0.16411861363879524,2MASS J19041258+3905457,9.885491525,5375.0,302.4853135,,K04084.02,3 banding 1,Not in HZ,4.08063710690793,3.2311790153125157,1.8102104397358307,1.7162472687186652
2MASS J19042138+4522084 b,Aschwaden Prediction,41.1439226,0.21477536233129738,2MASS J19042138+4522084,9.885491525,4944.0,302.4853135,,K03283.02,2 banding 1,Not in HZ,3.9911794322411387,3.1607374384839213,1.7426116232880406,1.6521687030683385
2MASS J19042138+4522084 c,Aschwaden Prediction,30.857941950000004,0.17729315531823184,2MASS J19042138+4522084,9.885491525,4944.0,302.4853135,,K03283.02,3 banding 2,Not in HZ,3.9911794322411387,3.1607374384839213,1.7426116232880406,1.6521687030683385
2MASS J19042138+4522084 d,Aschwaden Prediction,34.28660216666667,0.19019406602554445,2MASS J19042138+4522084,9.885491525,4944.0,302.4853135,,K03283.02,5 banding 3,Not in HZ,3.9911794322411387,3.1607374384839213,1.7426116232880406,1.6521687030683385
2MASS J19042138+4522084 e,Aschwaden Prediction,25.714951625,0.15700174229695227,2MASS J19042138+4522084,9.885491525,4944.0,302.4853135,,K03283.02,5 banding 4,Not in HZ,3.9911794322411387,3.1607374384839213,1.7426116232880406,1.6521687030683385
2MASS J19042138+4522084 f,Aschwaden Prediction,27.429281733333337,0.163904277473459,2MASS J19042138+4522084,9.885491525,4944.0,302.4853135,,K03283.02,4 banding 3,Not in HZ,3.9911794322411387,3.1607374384839213,1.7426116232880406,1.6521687030683385
2MASS J19042138+4522084 g,Aschwaden Prediction,51.42990325,0.24922473088302213,2MASS J19042138+4522084,9.885491525,4944.0,302.4853135,,K03283.02,5 banding 2,Not in HZ,3.9911794322411387,3.1607374384839213,1.7426116232880406,1.6521687030683385
2MASS J19042138+4522084 h,Aschwaden Prediction,61.71588390000001,0.2814353412589226,2MASS J19042138+4522084,9.885491525,4944.0,302.4853135,,K03283.02,3 banding 1,Optimistic HZ,3.9911794322411387,3.1607374384839213,1.7426116232880406,1.6521687030683385
2MASS J19060244+3837059 b,Aschwaden Prediction,17.9079626,0.1306431065769828,2MASS J19060244+3837059,9.885491525,6168.0,302.4853135,,K03340.01,2 banding 1,Not in HZ,4.278594040705547,3.387096230627974,1.9381615323545718,1.837556968680812
2MASS J19060244+3837059 c,Aschwaden Prediction,13.43097195,0.10784350837169608,2MASS J19060244+3837059,9.885491525,6168.0,302.4853135,,K03340.01,3 banding 2,Not in HZ,4.278594040705547,3.387096230627974,1.9381615323545718,1.837556968680812
2MASS J19060244+3837059 d,Aschwaden Prediction,14.923302166666668,0.11569084725722327,2MASS J19060244+3837059,9.885491525,6168.0,302.4853135,,K03340.01,5 banding 3,Not in HZ,4.278594040705547,3.387096230627974,1.9381615323545718,1.837556968680812
2MASS J19060244+3837059 e,Aschwaden Prediction,11.192476625000001,0.09550069025158293,2MASS J19060244+3837059,9.885491525,6168.0,302.4853135,,K03340.01,5 banding 4,Not in HZ,4.278594040705547,3.387096230627974,1.9381615323545718,1.837556968680812
2MASS J19060244+3837059 f,Aschwaden Prediction,11.938641733333334,0.09969934986005673,2MASS J19060244+3837059,9.885491525,6168.0,302.4853135,,K03340.01,4 banding 3,Not in HZ,4.278594040705547,3.387096230627974,1.9381615323545718,1.837556968680812
2MASS J19060244+3837059 g,Aschwaden Prediction,22.384953250000002,0.1515978961690519,2MASS J19060244+3837059,9.885491525,6168.0,302.4853135,,K03340.01,5 banding 2,Not in HZ,4.278594040705547,3.387096230627974,1.9381615323545718,1.837556968680812
2MASS J19060244+3837059 h,Aschwaden Prediction,26.8619439,0.1711908986371717,2MASS J19060244+3837059,9.885491525,6168.0,302.4853135,,K03340.01,3 banding 1,Not in HZ,4.278594040705547,3.387096230627974,1.9381615323545718,1.837556968680812
2MASS J19060969+3819573 b,Aschwaden Prediction,10.0791702,0.0876245380686446,2MASS J19060969+3819573,9.885491525,5912.0,302.4853135,,K03395.01,2 banding 1,Not in HZ,4.211953497165947,3.334602909443622,1.897360262707496,1.7988705483920024
2MASS J19060969+3819573 c,Aschwaden Prediction,7.55937765,0.07233246248016555,2MASS J19060969+3819573,9.885491525,5912.0,302.4853135,,K03395.01,3 banding 2,Not in HZ,4.211953497165947,3.334602909443622,1.897360262707496,1.7988705483920024
2MASS J19060969+3819573 d,Aschwaden Prediction,8.3993085,0.07759580520776092,2MASS J19060969+3819573,9.885491525,5912.0,302.4853135,,K03395.01,5 banding 3,Not in HZ,4.211953497165947,3.334602909443622,1.897360262707496,1.7988705483920024
2MASS J19060969+3819573 e,Aschwaden Prediction,6.299481375,0.06405392590385635,2MASS J19060969+3819573,9.885491525,5912.0,302.4853135,,K03395.01,5 banding 4,Not in HZ,4.211953497165947,3.334602909443622,1.897360262707496,1.7988705483920024
2MASS J19060969+3819573 f,Aschwaden Prediction,6.7194468,0.06687003781622274,2MASS J19060969+3819573,9.885491525,5912.0,302.4853135,,K03395.01,4 banding 3,Not in HZ,4.211953497165947,3.334602909443622,1.897360262707496,1.7988705483920024
2MASS J19060969+3819573 g,Aschwaden Prediction,12.59896275,0.10167926936247466,2MASS J19060969+3819573,9.885491525,5912.0,302.4853135,,K03395.01,5 banding 2,Not in HZ,4.211953497165947,3.334602909443622,1.897360262707496,1.7988705483920024
2MASS J19060969+3819573 h,Aschwaden Prediction,15.1187553,0.11482062703246511,2MASS J19060969+3819573,9.885491525,5912.0,302.4853135,,K03395.01,3 banding 1,Not in HZ,4.211953497165947,3.334602909443622,1.897360262707496,1.7988705483920024
2MASS J19085788+3919579 b,Aschwaden Prediction,27.45099378,25.61150500874039,2MASS J19085788+3919579,9.885491525,5688.237937,302.4853135,,K02311.01,2 banding 1,Not in HZ,4.155264934775836,3.289952724194379,1.861027044326932,1.7644229502648114
2MASS J19085788+3919579 c,Aschwaden Prediction,20.588245335,21.141831568390277,2MASS J19085788+3919579,9.885491525,5688.237937,302.4853135,,K02311.01,3 banding 2,Not in HZ,4.155264934775836,3.289952724194379,1.861027044326932,1.7644229502648114
2MASS J19085788+3919579 d,Aschwaden Prediction,22.87582815,22.680237722667787,2MASS J19085788+3919579,9.885491525,5688.237937,302.4853135,,K02311.01,5 banding 3,Not in HZ,4.155264934775836,3.289952724194379,1.861027044326932,1.7644229502648114
2MASS J19085788+3919579 e,Aschwaden Prediction,17.1568711125,18.722123736971145,2MASS J19085788+3919579,9.885491525,5688.237937,302.4853135,,K02311.01,5 banding 4,Not in HZ,4.155264934775836,3.289952724194379,1.861027044326932,1.7644229502648114
2MASS J19085788+3919579 f,Aschwaden Prediction,18.30066252,19.545236371154083,2MASS J19085788+3919579,9.885491525,5688.237937,302.4853135,,K02311.01,4 banding 3,Not in HZ,4.155264934775836,3.289952724194379,1.861027044326932,1.7644229502648114
2MASS J19085788+3919579 g,Aschwaden Prediction,34.313742225,29.71951891514679,2MASS J19085788+3919579,9.885491525,5688.237937,302.4853135,,K02311.01,5 banding 2,Not in HZ,4.155264934775836,3.289952724194379,1.861027044326932,1.7644229502648114
2MASS J19085788+3919579 h,Aschwaden Prediction,41.17649067,33.56056567219722,2MASS J19085788+3919579,9.885491525,5688.237937,302.4853135,,K02311.01,3 banding 1,Not in HZ,4.155264934775836,3.289952724194379,1.861027044326932,1.7644229502648114
2MASS J19100762+4418288 b,Aschwaden Prediction,26.0655582,0.1760427766632733,2MASS J19100762+4418288,9.885491525,6122.0,302.4853135,,K06178.01,2 banding 1,Not in HZ,4.26655912073744,3.3776158777953604,1.9309270833966627,1.830697287213138
2MASS J19100762+4418288 c,Aschwaden Prediction,19.549168650000002,0.1453201103088833,2MASS J19100762+4418288,9.885491525,6122.0,302.4853135,,K06178.01,3 banding 2,Not in HZ,4.26655912073744,3.3776158777953604,1.9309270833966627,1.830697287213138
2MASS J19100762+4418288 d,Aschwaden Prediction,21.721298500000003,0.15589447096993997,2MASS J19100762+4418288,9.885491525,6122.0,302.4853135,,K06178.01,5 banding 3,Not in HZ,4.26655912073744,3.3776158777953604,1.9309270833966627,1.830697287213138
2MASS J19100762+4418288 e,Aschwaden Prediction,16.290973875000002,0.1286880504119143,2MASS J19100762+4418288,9.885491525,6122.0,302.4853135,,K06178.01,5 banding 4,Not in HZ,4.26655912073744,3.3776158777953604,1.9309270833966627,1.830697287213138
2MASS J19100762+4418288 f,Aschwaden Prediction,17.3770388,0.13434578249672285,2MASS J19100762+4418288,9.885491525,6122.0,302.4853135,,K06178.01,4 banding 3,Not in HZ,4.26655912073744,3.3776158777953604,1.9309270833966627,1.830697287213138
2MASS J19100762+4418288 g,Aschwaden Prediction,32.581947750000005,0.20427954659960942,2MASS J19100762+4418288,9.885491525,6122.0,302.4853135,,K06178.01,5 banding 2,Not in HZ,4.26655912073744,3.3776158777953604,1.9309270833966627,1.830697287213138
2MASS J19100762+4418288 h,Aschwaden Prediction,39.098337300000004,0.23068129597645617,2MASS J19100762+4418288,9.885491525,6122.0,302.4853135,,K06178.01,3 banding 1,Not in HZ,4.26655912073744,3.3776158777953604,1.9309270833966627,1.830697287213138
2MASS J19115492+4240456 b,Aschwaden Prediction,12.46438382,0.10635587048186937,2MASS J19115492+4240456,9.885491525,5942.0,302.4853135,,K03083.01,2 banding 1,Not in HZ,4.219696464538829,3.340701866259348,1.9021988387301778,1.8034581766251583
2MASS J19115492+4240456 c,Aschwaden Prediction,9.348287865,0.08779483670599804,2MASS J19115492+4240456,9.885491525,5942.0,302.4853135,,K03083.01,3 banding 2,Not in HZ,4.219696464538829,3.340701866259348,1.9021988387301778,1.8034581766251583
2MASS J19115492+4240456 d,Aschwaden Prediction,10.386986516666667,0.09418331429202867,2MASS J19115492+4240456,9.885491525,5942.0,302.4853135,,K03083.01,5 banding 3,Not in HZ,4.219696464538829,3.340701866259348,1.9021988387301778,1.8034581766251583
2MASS J19115492+4240456 e,Aschwaden Prediction,7.7902398875,0.07774661296301406,2MASS J19115492+4240456,9.885491525,5942.0,302.4853135,,K03083.01,5 banding 4,Not in HZ,4.219696464538829,3.340701866259348,1.9021988387301778,1.8034581766251583
2MASS J19115492+4240456 f,Aschwaden Prediction,8.309589213333334,0.08116471981316892,2MASS J19115492+4240456,9.885491525,5942.0,302.4853135,,K03083.01,4 banding 3,Not in HZ,4.219696464538829,3.340701866259348,1.9021988387301778,1.8034581766251583
2MASS J19115492+4240456 g,Aschwaden Prediction,15.580479775,0.12341505520445295,2MASS J19115492+4240456,9.885491525,5942.0,302.4853135,,K03083.01,5 banding 2,Not in HZ,4.219696464538829,3.340701866259348,1.9021988387301778,1.8034581766251583
2MASS J19115492+4240456 h,Aschwaden Prediction,18.69657573,0.1393656161444776,2MASS J19115492+4240456,9.885491525,5942.0,302.4853135,,K03083.01,3 banding 1,Not in HZ,4.219696464538829,3.340701866259348,1.9021988387301778,1.8034581766251583
2MASS J19115492+4240456 i,Aschwaden Prediction,16.5884958,0.12857948520942417,2MASS J19115492+4240456,9.885491525,5942.0,302.4853135,,K03083.02,2 banding 1,Not in HZ,4.219696464538829,3.340701866259348,1.9021988387301778,1.8034581766251583
2MASS J19115492+4240456 j,Aschwaden Prediction,12.44137185,0.10614002646546031,2MASS J19115492+4240456,9.885491525,5942.0,302.4853135,,K03083.02,3 banding 2,Not in HZ,4.219696464538829,3.340701866259348,1.9021988387301778,1.8034581766251583
2MASS J19115492+4240456 k,Aschwaden Prediction,13.8237465,0.11386340981573614,2MASS J19115492+4240456,9.885491525,5942.0,302.4853135,,K03083.02,5 banding 3,Not in HZ,4.219696464538829,3.340701866259348,1.9021988387301778,1.8034581766251583
2MASS J19115492+4240456 l,Aschwaden Prediction,10.367809875,0.09399217388065878,2MASS J19115492+4240456,9.885491525,5942.0,302.4853135,,K03083.02,5 banding 4,Not in HZ,4.219696464538829,3.340701866259348,1.9021988387301778,1.8034581766251583
2MASS J19115492+4240456 m,Aschwaden Prediction,11.0589972,0.09812451201293554,2MASS J19115492+4240456,9.885491525,5942.0,302.4853135,,K03083.02,4 banding 3,Not in HZ,4.219696464538829,3.340701866259348,1.9021988387301778,1.8034581766251583
2MASS J19115492+4240456 n,Aschwaden Prediction,20.73561975,0.14920327569493566,2MASS J19115492+4240456,9.885491525,5942.0,302.4853135,,K03083.02,5 banding 2,Not in HZ,4.219696464538829,3.340701866259348,1.9021988387301778,1.8034581766251583
2MASS J19115492+4240456 o,Aschwaden Prediction,24.8827437,0.16848678966720423,2MASS J19115492+4240456,9.885491525,5942.0,302.4853135,,K03083.02,3 banding 1,Not in HZ,4.219696464538829,3.340701866259348,1.9021988387301778,1.8034581766251583
2MASS J19131869+4722537 b,Aschwaden Prediction,6.59069866,0.06984564628660077,2MASS J19131869+4722537,9.885491525,5546.0,302.4853135,,K00732.02,2 banding 1,Not in HZ,4.120556231977984,3.262616689949306,1.8378764596709993,1.7424749606074734
2MASS J19131869+4722537 c,Aschwaden Prediction,4.943023995,0.05765631067259572,2MASS J19131869+4722537,9.885491525,5546.0,302.4853135,,K00732.02,3 banding 2,Not in HZ,4.120556231977984,3.262616689949306,1.8378764596709993,1.7424749606074734
2MASS J19131869+4722537 d,Aschwaden Prediction,5.492248883333333,0.06185172878879494,2MASS J19131869+4722537,9.885491525,5546.0,302.4853135,,K00732.02,5 banding 3,Not in HZ,4.120556231977984,3.262616689949306,1.8378764596709993,1.7424749606074734
2MASS J19131869+4722537 e,Aschwaden Prediction,4.1191866625,0.05105747716974057,2MASS J19131869+4722537,9.885491525,5546.0,302.4853135,,K00732.02,5 banding 4,Not in HZ,4.120556231977984,3.262616689949306,1.8378764596709993,1.7424749606074734
2MASS J19131869+4722537 f,Aschwaden Prediction,4.393799106666667,0.05330220405640943,2MASS J19131869+4722537,9.885491525,5546.0,302.4853135,,K00732.02,4 banding 3,Not in HZ,4.120556231977984,3.262616689949306,1.8378764596709993,1.7424749606074734
2MASS J19131869+4722537 g,Aschwaden Prediction,8.238373325,0.0810486929700885,2MASS J19131869+4722537,9.885491525,5546.0,302.4853135,,K00732.02,5 banding 2,Not in HZ,4.120556231977984,3.262616689949306,1.8378764596709993,1.7424749606074734
2MASS J19131869+4722537 h,Aschwaden Prediction,9.88604799,0.09152368821428378,2MASS J19131869+4722537,9.885491525,5546.0,302.4853135,,K00732.02,3 banding 1,Not in HZ,4.120556231977984,3.262616689949306,1.8378764596709993,1.7424749606074734
2MASS J19132276+4901189 b,Aschwaden Prediction,11.78870462,0.10016500637919339,2MASS J19132276+4901189,9.885491525,6177.0,302.4853135,,K04716.01,2 banding 1,Not in HZ,4.280949138475752,3.3889514457166707,1.9395707998842808,1.8388932429734264
2MASS J19132276+4901189 c,Aschwaden Prediction,8.841528465,0.08268439098729069,2MASS J19132276+4901189,9.885491525,6177.0,302.4853135,,K04716.01,3 banding 2,Not in HZ,4.280949138475752,3.3889514457166707,1.9395707998842808,1.8388932429734264
2MASS J19132276+4901189 d,Aschwaden Prediction,9.823920516666668,0.08870100196756729,2MASS J19132276+4901189,9.885491525,6177.0,302.4853135,,K04716.01,5 banding 3,Not in HZ,4.280949138475752,3.3889514457166707,1.9395707998842808,1.8388932429734264
2MASS J19132276+4901189 e,Aschwaden Prediction,7.367940387500001,0.0732210638502416,2MASS J19132276+4901189,9.885491525,6177.0,302.4853135,,K04716.01,5 banding 4,Not in HZ,4.280949138475752,3.3889514457166707,1.9395707998842808,1.8388932429734264
2MASS J19132276+4901189 f,Aschwaden Prediction,7.859136413333334,0.07644020627180535,2MASS J19132276+4901189,9.885491525,6177.0,302.4853135,,K04716.01,4 banding 3,Not in HZ,4.280949138475752,3.3889514457166707,1.9395707998842808,1.8388932429734264
2MASS J19132276+4901189 g,Aschwaden Prediction,14.735880775000002,0.1162311937821042,2MASS J19132276+4901189,9.885491525,6177.0,302.4853135,,K04716.01,5 banding 2,Not in HZ,4.280949138475752,3.3889514457166707,1.9395707998842808,1.8388932429734264
2MASS J19132276+4901189 h,Aschwaden Prediction,17.68305693,0.13125328923457513,2MASS J19132276+4901189,9.885491525,6177.0,302.4853135,,K04716.01,3 banding 1,Not in HZ,4.280949138475752,3.3889514457166707,1.9395707998842808,1.8388932429734264
2MASS J19140696+4216345 b,Aschwaden Prediction,8.16388196,0.08095745365037817,2MASS J19140696+4216345,9.885491525,6532.0,302.4853135,,K04871.01,2 banding 1,Not in HZ,4.372810568693791,3.461319002932253,1.9930418481420349,1.8895977843202
2MASS J19140696+4216345 c,Aschwaden Prediction,6.12291147,0.06682890555232686,2MASS J19140696+4216345,9.885491525,6532.0,302.4853135,,K04871.01,3 banding 2,Not in HZ,4.372810568693791,3.461319002932253,1.9930418481420349,1.8895977843202
2MASS J19140696+4216345 d,Aschwaden Prediction,6.803234966666666,0.07169177655064868,2MASS J19140696+4216345,9.885491525,6532.0,302.4853135,,K04871.01,5 banding 3,Not in HZ,4.372810568693791,3.461319002932253,1.9930418481420349,1.8895977843202
2MASS J19140696+4216345 e,Aschwaden Prediction,5.102426224999999,0.05918025762856293,2MASS J19140696+4216345,9.885491525,6532.0,302.4853135,,K04871.01,5 banding 4,Not in HZ,4.372810568693791,3.461319002932253,1.9930418481420349,1.8895977843202
2MASS J19140696+4216345 f,Aschwaden Prediction,5.442587973333333,0.06178210015629274,2MASS J19140696+4216345,9.885491525,6532.0,302.4853135,,K04871.01,4 banding 3,Not in HZ,4.372810568693791,3.461319002932253,1.9930418481420349,1.8895977843202
2MASS J19140696+4216345 g,Aschwaden Prediction,10.204852449999999,0.09394280321532984,2MASS J19140696+4216345,9.885491525,6532.0,302.4853135,,K04871.01,5 banding 2,Not in HZ,4.372810568693791,3.461319002932253,1.9930418481420349,1.8895977843202
2MASS J19140696+4216345 h,Aschwaden Prediction,12.24582294,0.1060842749756471,2MASS J19140696+4216345,9.885491525,6532.0,302.4853135,,K04871.01,3 banding 1,Not in HZ,4.372810568693791,3.461319002932253,1.9930418481420349,1.8895977843202
2MASS J19151953+4733071 b,Aschwaden Prediction,5.81026182,0.0557177769240838,2MASS J19151953+4733071,9.885491525,5374.0,302.4853135,,K02859.03,2 banding 1,Not in HZ,4.080410214664231,3.2310003364966735,1.8100495762072069,1.7160947721487911
2MASS J19151953+4733071 c,Aschwaden Prediction,4.357696365,0.04599401146836613,2MASS J19151953+4733071,9.885491525,5374.0,302.4853135,,K02859.03,3 banding 2,Not in HZ,4.080410214664231,3.2310003364966735,1.8100495762072069,1.7160947721487911
2MASS J19151953+4733071 d,Aschwaden Prediction,4.8418848500000005,0.04934081092015233,2MASS J19151953+4733071,9.885491525,5374.0,302.4853135,,K02859.03,5 banding 3,Not in HZ,4.080410214664231,3.2310003364966735,1.8100495762072069,1.7160947721487911
2MASS J19151953+4733071 e,Aschwaden Prediction,3.6314136375,0.040729942014952135,2MASS J19151953+4733071,9.885491525,5374.0,302.4853135,,K02859.03,5 banding 4,Not in HZ,4.080410214664231,3.2310003364966735,1.8100495762072069,1.7160947721487911
2MASS J19151953+4733071 f,Aschwaden Prediction,3.87350788,0.04252062187227206,2MASS J19151953+4733071,9.885491525,5374.0,302.4853135,,K02859.03,4 banding 3,Not in HZ,4.080410214664231,3.2310003364966735,1.8100495762072069,1.7160947721487911
2MASS J19151953+4733071 g,Aschwaden Prediction,7.262827275,0.06465475280113878,2MASS J19151953+4733071,9.885491525,5374.0,302.4853135,,K02859.03,5 banding 2,Not in HZ,4.080410214664231,3.2310003364966735,1.8100495762072069,1.7160947721487911
2MASS J19151953+4733071 h,Aschwaden Prediction,8.71539273,0.07301094218912184,2MASS J19151953+4733071,9.885491525,5374.0,302.4853135,,K02859.03,3 banding 1,Not in HZ,4.080410214664231,3.2310003364966735,1.8100495762072069,1.7160947721487911
2MASS J19151953+4733071 i,Aschwaden Prediction,8.57769026,0.07222674786455308,2MASS J19151953+4733071,9.885491525,5374.0,302.4853135,,K02859.04,2 banding 1,Not in HZ,4.080410214664231,3.2310003364966735,1.8100495762072069,1.7160947721487911
2MASS J19151953+4733071 j,Aschwaden Prediction,6.4332676950000005,0.05962186671825239,2MASS J19151953+4733071,9.885491525,5374.0,302.4853135,,K02859.04,3 banding 2,Not in HZ,4.080410214664231,3.2310003364966735,1.8100495762072069,1.7160947721487911
2MASS J19151953+4733071 k,Aschwaden Prediction,7.148075216666666,0.06396031045204931,2MASS J19151953+4733071,9.885491525,5374.0,302.4853135,,K02859.04,5 banding 3,Not in HZ,4.080410214664231,3.2310003364966735,1.8100495762072069,1.7160947721487911
2MASS J19151953+4733071 l,Aschwaden Prediction,5.3610564125,0.052798072982345366,2MASS J19151953+4733071,9.885491525,5374.0,302.4853135,,K02859.04,5 banding 4,Not in HZ,4.080410214664231,3.2310003364966735,1.8100495762072069,1.7160947721487911
2MASS J19151953+4733071 m,Aschwaden Prediction,5.718460173333334,0.05511932464924157,2MASS J19151953+4733071,9.885491525,5374.0,302.4853135,,K02859.04,4 banding 3,Not in HZ,4.080410214664231,3.2310003364966735,1.8100495762072069,1.7160947721487911
2MASS J19151953+4733071 n,Aschwaden Prediction,10.722112825,0.08381171659406879,2MASS J19151953+4733071,9.885491525,5374.0,302.4853135,,K02859.04,5 banding 2,Not in HZ,4.080410214664231,3.2310003364966735,1.8100495762072069,1.7160947721487911
2MASS J19151953+4733071 o,Aschwaden Prediction,12.866535390000001,0.09464381394886164,2MASS J19151953+4733071,9.885491525,5374.0,302.4853135,,K02859.04,3 banding 1,Not in HZ,4.080410214664231,3.2310003364966735,1.8100495762072069,1.7160947721487911
2MASS J19160905+4942453 b,Aschwaden Prediction,153.67989194,0.6203563311091723,2MASS J19160905+4942453,9.885491525,5688.237937,302.4853135,,K06242.01,2 banding 1,Conservative HZ,4.155264934775836,3.289952724194379,1.861027044326932,1.7644229502648114
2MASS J19160905+4942453 c,Aschwaden Prediction,115.259918955,0.5120928684284183,2MASS J19160905+4942453,9.885491525,5688.237937,302.4853135,,K06242.01,3 banding 2,Conservative HZ,4.155264934775836,3.289952724194379,1.861027044326932,1.7644229502648114
2MASS J19160905+4942453 d,Aschwaden Prediction,128.06657661666668,0.5493558093332059,2MASS J19160905+4942453,9.885491525,5688.237937,302.4853135,,K06242.01,5 banding 3,Conservative HZ,4.155264934775836,3.289952724194379,1.861027044326932,1.7644229502648114
2MASS J19160905+4942453 e,Aschwaden Prediction,96.04993246250001,0.45348322904396854,2MASS J19160905+4942453,9.885491525,5688.237937,302.4853135,,K06242.01,5 banding 4,Conservative HZ,4.155264934775836,3.289952724194379,1.861027044326932,1.7644229502648114
2MASS J19160905+4942453 f,Aschwaden Prediction,102.45326129333334,0.47342048511920015,2MASS J19160905+4942453,9.885491525,5688.237937,302.4853135,,K06242.01,4 banding 3,Conservative HZ,4.155264934775836,3.289952724194379,1.861027044326932,1.7644229502648114
2MASS J19160905+4942453 g,Aschwaden Prediction,192.09986492500002,0.7198597548343315,2MASS J19160905+4942453,9.885491525,5688.237937,302.4853135,,K06242.01,5 banding 2,Conservative HZ,4.155264934775836,3.289952724194379,1.861027044326932,1.7644229502648114
2MASS J19160905+4942453 h,Aschwaden Prediction,230.51983791,0.8128967580486841,2MASS J19160905+4942453,9.885491525,5688.237937,302.4853135,,K06242.01,3 banding 1,Conservative HZ,4.155264934775836,3.289952724194379,1.861027044326932,1.7644229502648114
2MASS J19160905+4942453 i,Aschwaden Prediction,157.73368,25.61150500874039,2MASS J19160905+4942453,9.885491525,5688.237937,302.4853135,,K06242.02,2 banding 1,Not in HZ,4.155264934775836,3.289952724194379,1.861027044326932,1.7644229502648114
2MASS J19160905+4942453 j,Aschwaden Prediction,118.30026,21.141831568390277,2MASS J19160905+4942453,9.885491525,5688.237937,302.4853135,,K06242.02,3 banding 2,Not in HZ,4.155264934775836,3.289952724194379,1.861027044326932,1.7644229502648114
2MASS J19160905+4942453 k,Aschwaden Prediction,131.44473333333335,22.68023772266779,2MASS J19160905+4942453,9.885491525,5688.237937,302.4853135,,K06242.02,5 banding 3,Not in HZ,4.155264934775836,3.289952724194379,1.861027044326932,1.7644229502648114
2MASS J19160905+4942453 l,Aschwaden Prediction,98.58355,18.722123736971145,2MASS J19160905+4942453,9.885491525,5688.237937,302.4853135,,K06242.02,5 banding 4,Not in HZ,4.155264934775836,3.289952724194379,1.861027044326932,1.7644229502648114
2MASS J19160905+4942453 m,Aschwaden Prediction,105.15578666666666,19.545236371154083,2MASS J19160905+4942453,9.885491525,5688.237937,302.4853135,,K06242.02,4 banding 3,Not in HZ,4.155264934775836,3.289952724194379,1.861027044326932,1.7644229502648114
2MASS J19160905+4942453 n,Aschwaden Prediction,197.1671,29.71951891514679,2MASS J19160905+4942453,9.885491525,5688.237937,302.4853135,,K06242.02,5 banding 2,Not in HZ,4.155264934775836,3.289952724194379,1.861027044326932,1.7644229502648114
2MASS J19160905+4942453 o,Aschwaden Prediction,236.60052,33.56056567219722,2MASS J19160905+4942453,9.885491525,5688.237937,302.4853135,,K06242.02,3 banding 1,Not in HZ,4.155264934775836,3.289952724194379,1.861027044326932,1.7644229502648114
2MASS J19183957+5001121 b,Aschwaden Prediction,23.2089388,0.1474695577278457,2MASS J19183957+5001121,9.885491525,5881.0,302.4853135,,K03344.01,2 banding 1,Not in HZ,4.203981344861746,3.3283234985684462,1.8923492176458567,1.7941194372685854
2MASS J19183957+5001121 c,Aschwaden Prediction,17.4067041,0.12173343776100323,2MASS J19183957+5001121,9.885491525,5881.0,302.4853135,,K03344.01,3 banding 2,Not in HZ,4.203981344861746,3.3283234985684462,1.8923492176458567,1.7941194372685854
2MASS J19183957+5001121 d,Aschwaden Prediction,19.340782333333333,0.1305914910108875,2MASS J19183957+5001121,9.885491525,5881.0,302.4853135,,K03344.01,5 banding 3,Not in HZ,4.203981344861746,3.3283234985684462,1.8923492176458567,1.7941194372685854
2MASS J19183957+5001121 e,Aschwaden Prediction,14.505586749999999,0.1078009006606568,2MASS J19183957+5001121,9.885491525,5881.0,302.4853135,,K03344.01,5 banding 4,Not in HZ,4.203981344861746,3.3283234985684462,1.8923492176458567,1.7941194372685854
2MASS J19183957+5001121 f,Aschwaden Prediction,15.472625866666666,0.1125403353827372,2MASS J19183957+5001121,9.885491525,5881.0,302.4853135,,K03344.01,4 banding 3,Not in HZ,4.203981344861746,3.3283234985684462,1.8923492176458567,1.7941194372685854
2MASS J19183957+5001121 g,Aschwaden Prediction,29.011173499999998,0.17112326311184595,2MASS J19183957+5001121,9.885491525,5881.0,302.4853135,,K03344.01,5 banding 2,Not in HZ,4.203981344861746,3.3283234985684462,1.8923492176458567,1.7941194372685854
2MASS J19183957+5001121 h,Aschwaden Prediction,34.8134082,0.19323978716152188,2MASS J19183957+5001121,9.885491525,5881.0,302.4853135,,K03344.01,3 banding 1,Not in HZ,4.203981344861746,3.3283234985684462,1.8923492176458567,1.7941194372685854
2MASS J19185753+4438507 b,Aschwaden Prediction,9.560655532,0.09159304069856511,2MASS J19185753+4438507,9.885491525,5753.0,302.4853135,,K00005.01,2 banding 1,Not in HZ,4.171444778868174,3.3026962327645033,1.8715706945315442,1.7744191838265702
2MASS J19185753+4438507 c,Aschwaden Prediction,7.170491649000001,0.07560838922292666,2MASS J19185753+4438507,9.885491525,5753.0,302.4853135,,K00005.01,3 banding 2,Not in HZ,4.171444778868174,3.3026962327645033,1.8715706945315442,1.7744191838265702
2MASS J19185753+4438507 d,Aschwaden Prediction,7.967212943333333,0.08111010797985155,2MASS J19185753+4438507,9.885491525,5753.0,302.4853135,,K00005.01,5 banding 3,Not in HZ,4.171444778868174,3.3026962327645033,1.8715706945315442,1.7744191838265702
2MASS J19185753+4438507 e,Aschwaden Prediction,5.9754097075,0.06695491892486434,2MASS J19185753+4438507,9.885491525,5753.0,302.4853135,,K00005.01,5 banding 4,Not in HZ,4.171444778868174,3.3026962327645033,1.8715706945315442,1.7744191838265702
2MASS J19185753+4438507 f,Aschwaden Prediction,6.373770354666667,0.06989857213760965,2MASS J19185753+4438507,9.885491525,5753.0,302.4853135,,K00005.01,4 banding 3,Not in HZ,4.171444778868174,3.3026962327645033,1.8715706945315442,1.7744191838265702
2MASS J19185753+4438507 g,Aschwaden Prediction,11.950819415,0.10628430873577514,2MASS J19185753+4438507,9.885491525,5753.0,302.4853135,,K00005.01,5 banding 2,Not in HZ,4.171444778868174,3.3026962327645033,1.8715706945315442,1.7744191838265702
2MASS J19185753+4438507 h,Aschwaden Prediction,14.340983298000001,0.12002083659009487,2MASS J19185753+4438507,9.885491525,5753.0,302.4853135,,K00005.01,3 banding 1,Not in HZ,4.171444778868174,3.3026962327645033,1.8715706945315442,1.7744191838265702
2MASS J19192256+4015458 b,Aschwaden Prediction,22.5803118,0.13477034931210014,2MASS J19192256+4015458,9.885491525,5025.0,302.4853135,,K06516.01,2 banding 1,Not in HZ,4.006621952277787,3.172896234825367,1.7549905676557562,1.6639023279866314
2MASS J19192256+4015458 c,Aschwaden Prediction,16.93523385,0.11125047218416766,2MASS J19192256+4015458,9.885491525,5025.0,302.4853135,,K06516.01,3 banding 2,Not in HZ,4.006621952277787,3.172896234825367,1.7549905676557562,1.6639023279866314
2MASS J19192256+4015458 d,Aschwaden Prediction,18.8169265,0.11934572214019752,2MASS J19192256+4015458,9.885491525,5025.0,302.4853135,,K06516.01,5 banding 3,Not in HZ,4.006621952277787,3.172896234825367,1.7549905676557562,1.6639023279866314
2MASS J19192256+4015458 e,Aschwaden Prediction,14.112694875,0.09851772299343124,2MASS J19192256+4015458,9.885491525,5025.0,302.4853135,,K06516.01,5 banding 4,Not in HZ,4.006621952277787,3.172896234825367,1.7549905676557562,1.6639023279866314
2MASS J19192256+4015458 f,Aschwaden Prediction,15.0535412,0.1028490255542991,2MASS J19192256+4015458,9.885491525,5025.0,302.4853135,,K06516.01,4 banding 3,Not in HZ,4.006621952277787,3.172896234825367,1.7549905676557562,1.6639023279866314
2MASS J19192256+4015458 g,Aschwaden Prediction,28.22538975,0.1563871371172844,2MASS J19192256+4015458,9.885491525,5025.0,302.4853135,,K06516.01,5 banding 2,Not in HZ,4.006621952277787,3.172896234825367,1.7549905676557562,1.6639023279866314
2MASS J19192256+4015458 h,Aschwaden Prediction,33.8704677,0.17659911657710667,2MASS J19192256+4015458,9.885491525,5025.0,302.4853135,,K06516.01,3 banding 1,Not in HZ,4.006621952277787,3.172896234825367,1.7549905676557562,1.6639023279866314
2MASS J19210223+4653064 b,Aschwaden Prediction,24.0173772,0.16524844950988954,2MASS J19210223+4653064,9.885491525,5303.0,302.4853135,,K04647.01,2 banding 1,Not in HZ,4.0645112897104765,3.218480047421195,1.7986644085185237,1.7053018942749985
2MASS J19210223+4653064 c,Aschwaden Prediction,18.0130329,0.13640958956857305,2MASS J19210223+4653064,9.885491525,5303.0,302.4853135,,K04647.01,3 banding 2,Not in HZ,4.0645112897104765,3.218480047421195,1.7986644085185237,1.7053018942749985
2MASS J19210223+4653064 d,Aschwaden Prediction,20.014481,0.14633556742985349,2MASS J19210223+4653064,9.885491525,5303.0,302.4853135,,K04647.01,5 banding 3,Not in HZ,4.0645112897104765,3.218480047421195,1.7986644085185237,1.7053018942749985
2MASS J19210223+4653064 e,Aschwaden Prediction,15.010860749999999,0.12079734939477257,2MASS J19210223+4653064,9.885491525,5303.0,302.4853135,,K04647.01,5 banding 4,Not in HZ,4.0645112897104765,3.218480047421195,1.7986644085185237,1.7053018942749985
2MASS J19210223+4653064 f,Aschwaden Prediction,16.011584799999998,0.1261081691425505,2MASS J19210223+4653064,9.885491525,5303.0,302.4853135,,K04647.01,4 banding 3,Not in HZ,4.0645112897104765,3.218480047421195,1.7986644085185237,1.7053018942749985
2MASS J19210223+4653064 g,Aschwaden Prediction,30.021721499999998,0.1917538395042321,2MASS J19210223+4653064,9.885491525,5303.0,302.4853135,,K04647.01,5 banding 2,Not in HZ,4.0645112897104765,3.218480047421195,1.7986644085185237,1.7053018942749985
2MASS J19210223+4653064 h,Aschwaden Prediction,36.0260658,0.21653672597970322,2MASS J19210223+4653064,9.885491525,5303.0,302.4853135,,K04647.01,3 banding 1,Not in HZ,4.0645112897104765,3.218480047421195,1.7986644085185237,1.7053018942749985
2MASS J19210246+3821179 b,Aschwaden Prediction,7.83358726,0.07016312649699441,2MASS J19210246+3821179,9.885491525,4886.0,302.4853135,,K03068.01,2 banding 1,Not in HZ,3.9805421864183184,3.1523624354422117,1.733862041735154,1.6438754438856664
2MASS J19210246+3821179 c,Aschwaden Prediction,5.875190444999999,0.05791838481201662,2MASS J19210246+3821179,9.885491525,4886.0,302.4853135,,K03068.01,3 banding 2,Not in HZ,3.9805421864183184,3.1523624354422117,1.733862041735154,1.6438754438856664
2MASS J19210246+3821179 d,Aschwaden Prediction,6.527989383333334,0.062132873010562195,2MASS J19210246+3821179,9.885491525,4886.0,302.4853135,,K03068.01,5 banding 3,Not in HZ,3.9805421864183184,3.1523624354422117,1.733862041735154,1.6438754438856664
2MASS J19210246+3821179 e,Aschwaden Prediction,4.8959920375,0.05128955661142121,2MASS J19210246+3821179,9.885491525,4886.0,302.4853135,,K03068.01,5 banding 4,Not in HZ,3.9805421864183184,3.1523624354422117,1.733862041735154,1.6438754438856664
2MASS J19210246+3821179 f,Aschwaden Prediction,5.222391506666667,0.05354448680212039,2MASS J19210246+3821179,9.885491525,4886.0,302.4853135,,K03068.01,4 banding 3,Not in HZ,3.9805421864183184,3.1523624354422117,1.733862041735154,1.6438754438856664
2MASS J19210246+3821179 g,Aschwaden Prediction,9.791984075,0.08141709611995254,2MASS J19210246+3821179,9.885491525,4886.0,302.4853135,,K03068.01,5 banding 2,Not in HZ,3.9805421864183184,3.1523624354422117,1.733862041735154,1.6438754438856664
2MASS J19210246+3821179 h,Aschwaden Prediction,11.750380889999999,0.09193970497889414,2MASS J19210246+3821179,9.885491525,4886.0,302.4853135,,K03068.01,3 banding 1,Not in HZ,3.9805421864183184,3.1523624354422117,1.733862041735154,1.6438754438856664
2MASS J19214806+3951432 b,Aschwaden Prediction,180.193458,0.6340079801560988,2MASS J19214806+3951432,9.885491525,6123.0,302.4853135,,K06120.01,2 banding 1,Conservative HZ,4.26682065903375,3.377821899637592,1.9310848922428703,1.8308469200332849
2MASS J19214806+3951432 c,Aschwaden Prediction,135.1450935,0.5233620564235166,2MASS J19214806+3951432,9.885491525,6123.0,302.4853135,,K06120.01,3 banding 2,Conservative HZ,4.26682065903375,3.377821899637592,1.9310848922428703,1.8308469200332849
2MASS J19214806+3951432 d,Aschwaden Prediction,150.161215,0.5614450108691977,2MASS J19214806+3951432,9.885491525,6123.0,302.4853135,,K06120.01,5 banding 3,Conservative HZ,4.26682065903375,3.377821899637592,1.9310848922428703,1.8308469200332849
2MASS J19214806+3951432 e,Aschwaden Prediction,112.62091124999999,0.46346264503623597,2MASS J19214806+3951432,9.885491525,6123.0,302.4853135,,K06120.01,5 banding 4,Conservative HZ,4.26682065903375,3.377821899637592,1.9310848922428703,1.8308469200332849
2MASS J19214806+3951432 f,Aschwaden Prediction,120.12897199999999,0.483838643184771,2MASS J19214806+3951432,9.885491525,6123.0,302.4853135,,K06120.01,4 banding 3,Conservative HZ,4.26682065903375,3.377821899637592,1.9310848922428703,1.8308469200332849
2MASS J19214806+3951432 g,Aschwaden Prediction,225.24182249999998,0.7357010902784851,2MASS J19214806+3951432,9.885491525,6123.0,302.4853135,,K06120.01,5 banding 2,Conservative HZ,4.26682065903375,3.377821899637592,1.9310848922428703,1.8308469200332849
2MASS J19214806+3951432 h,Aschwaden Prediction,270.290187,0.8307854789269304,2MASS J19214806+3951432,9.885491525,6123.0,302.4853135,,K06120.01,3 banding 1,Conservative HZ,4.26682065903375,3.377821899637592,1.9310848922428703,1.8308469200332849
2MASS J19214999+4839409 b,Aschwaden Prediction,19.2368,0.14905695877981393,2MASS J19214999+4839409,9.885491525,6344.0,302.4853135,,K04287.01,2 banding 1,Not in HZ,4.324536640409694,3.423288251519509,1.9652927878971915,1.8632836389695786
2MASS J19214999+4839409 c,Aschwaden Prediction,14.427599999999998,0.12304380845810768,2MASS J19214999+4839409,9.885491525,6344.0,302.4853135,,K04287.01,3 banding 2,Not in HZ,4.324536640409694,3.423288251519509,1.9652927878971915,1.8632836389695786
2MASS J19214999+4839409 d,Aschwaden Prediction,16.030666666666665,0.13199721211972373,2MASS J19214999+4839409,9.885491525,6344.0,302.4853135,,K04287.01,5 banding 3,Not in HZ,4.324536640409694,3.423288251519509,1.9652927878971915,1.8632836389695786
2MASS J19214999+4839409 e,Aschwaden Prediction,12.023,0.10896129786905999,2MASS J19214999+4839409,9.885491525,6344.0,302.4853135,,K04287.01,5 banding 4,Not in HZ,4.324536640409694,3.423288251519509,1.9652927878971915,1.8632836389695786
2MASS J19214999+4839409 f,Aschwaden Prediction,12.824533333333333,0.11375174911129195,2MASS J19214999+4839409,9.885491525,6344.0,302.4853135,,K04287.01,4 banding 3,Not in HZ,4.324536640409694,3.423288251519509,1.9652927878971915,1.8632836389695786
2MASS J19214999+4839409 g,Aschwaden Prediction,24.046,0.17296527886116614,2MASS J19214999+4839409,9.885491525,6344.0,302.4853135,,K04287.01,5 banding 2,Not in HZ,4.324536640409694,3.423288251519509,1.9652927878971915,1.8632836389695786
2MASS J19214999+4839409 h,Aschwaden Prediction,28.855199999999996,0.1953198709845738,2MASS J19214999+4839409,9.885491525,6344.0,302.4853135,,K04287.01,3 banding 1,Not in HZ,4.324536640409694,3.423288251519509,1.9652927878971915,1.8632836389695786
2MASS J19251058+4154462 b,Aschwaden Prediction,8.26068506,0.07619525049447357,2MASS J19251058+4154462,9.885491525,5487.0,302.4853135,,K04504.01,2 banding 1,Not in HZ,4.106541068544162,3.2515790146655306,1.828300601220209,1.733396794747196
2MASS J19251058+4154462 c,Aschwaden Prediction,6.195513795,0.06289779346101351,2MASS J19251058+4154462,9.885491525,5487.0,302.4853135,,K04504.01,3 banding 2,Not in HZ,4.106541068544162,3.2515790146655306,1.828300601220209,1.733396794747196
2MASS J19251058+4154462 d,Aschwaden Prediction,6.883904216666667,0.06747461322413993,2MASS J19251058+4154462,9.885491525,5487.0,302.4853135,,K04504.01,5 banding 3,Not in HZ,4.106541068544162,3.2515790146655306,1.828300601220209,1.733396794747196
2MASS J19251058+4154462 e,Aschwaden Prediction,5.1629281625,0.05569906600335335,2MASS J19251058+4154462,9.885491525,5487.0,302.4853135,,K04504.01,5 banding 4,Not in HZ,4.106541068544162,3.2515790146655306,1.828300601220209,1.733396794747196
2MASS J19251058+4154462 f,Aschwaden Prediction,5.507123373333333,0.05814785897062847,2MASS J19251058+4154462,9.885491525,5487.0,302.4853135,,K04504.01,4 banding 3,Not in HZ,4.106541068544162,3.2515790146655306,1.828300601220209,1.733396794747196
2MASS J19251058+4154462 g,Aschwaden Prediction,10.325856325,0.08841675596736928,2MASS J19251058+4154462,9.885491525,5487.0,302.4853135,,K04504.01,5 banding 2,Not in HZ,4.106541068544162,3.2515790146655306,1.828300601220209,1.733396794747196
2MASS J19251058+4154462 h,Aschwaden Prediction,12.39102759,0.0998440235064914,2MASS J19251058+4154462,9.885491525,5487.0,302.4853135,,K04504.01,3 banding 1,Not in HZ,4.106541068544162,3.2515790146655306,1.828300601220209,1.733396794747196
2MASS J19261212+5049322 b,Aschwaden Prediction,1.824680828,0.029525659566608506,2MASS J19261212+5049322,9.885491525,5893.0,302.4853135,,K02449.01,2 banding 1,Not in HZ,4.2070636471722045,3.3307513216555913,1.8942902295452362,1.7959597596515737
2MASS J19261212+5049322 c,Aschwaden Prediction,1.368510621,0.024372894966142734,2MASS J19261212+5049322,9.885491525,5893.0,302.4853135,,K02449.01,3 banding 2,Not in HZ,4.2070636471722045,3.3307513216555913,1.8942902295452362,1.7959597596515737
2MASS J19261212+5049322 d,Aschwaden Prediction,1.5205673566666666,0.026146412624354222,2MASS J19261212+5049322,9.885491525,5893.0,302.4853135,,K02449.01,5 banding 3,Not in HZ,4.2070636471722045,3.3307513216555913,1.8942902295452362,1.7959597596515737
2MASS J19261212+5049322 e,Aschwaden Prediction,1.1404255175,0.021583388076299424,2MASS J19261212+5049322,9.885491525,5893.0,302.4853135,,K02449.01,5 banding 4,Not in HZ,4.2070636471722045,3.3307513216555913,1.8942902295452362,1.7959597596515737
2MASS J19261212+5049322 f,Aschwaden Prediction,1.2164538853333333,0.022532295351118527,2MASS J19261212+5049322,9.885491525,5893.0,302.4853135,,K02449.01,4 banding 3,Not in HZ,4.2070636471722045,3.3307513216555913,1.8942902295452362,1.7959597596515737
2MASS J19261212+5049322 g,Aschwaden Prediction,2.280851035,0.034261492937355593,2MASS J19261212+5049322,9.885491525,5893.0,302.4853135,,K02449.01,5 banding 2,Not in HZ,4.2070636471722045,3.3307513216555913,1.8942902295452362,1.7959597596515737
2MASS J19261212+5049322 h,Aschwaden Prediction,2.737021242,0.03868955910876541,2MASS J19261212+5049322,9.885491525,5893.0,302.4853135,,K02449.01,3 banding 1,Not in HZ,4.2070636471722045,3.3307513216555913,1.8942902295452362,1.7959597596515737
2MASS J19261367+3913382 b,Aschwaden Prediction,6.152904166,0.06571840355148345,2MASS J19261367+3913382,9.885491525,5977.0,302.4853135,,K01860.03,2 banding 1,Not in HZ,4.228760639809013,3.3478415916316746,1.907828502915865,1.8087959136968006
2MASS J19261367+3913382 c,Aschwaden Prediction,4.6146781245,0.054249346860124156,2MASS J19261367+3913382,9.885491525,5977.0,302.4853135,,K01860.03,3 banding 2,Not in HZ,4.228760639809013,3.3478415916316746,1.907828502915865,1.8087959136968006
2MASS J19261367+3913382 d,Aschwaden Prediction,5.127420138333333,0.058196853905820696,2MASS J19261367+3913382,9.885491525,5977.0,302.4853135,,K01860.03,5 banding 3,Not in HZ,4.228760639809013,3.3478415916316746,1.907828502915865,1.8087959136968006
2MASS J19261367+3913382 e,Aschwaden Prediction,3.84556510375,0.048040444427892265,2MASS J19261367+3913382,9.885491525,5977.0,302.4853135,,K01860.03,5 banding 4,Not in HZ,4.228760639809013,3.3478415916316746,1.907828502915865,1.8087959136968006
2MASS J19261367+3913382 f,Aschwaden Prediction,4.101936110666666,0.05015252836216705,2MASS J19261367+3913382,9.885491525,5977.0,302.4853135,,K01860.03,4 banding 3,Not in HZ,4.228760639809013,3.3478415916316746,1.907828502915865,1.8087959136968006
2MASS J19261367+3913382 g,Aschwaden Prediction,7.6911302075,0.076259452021856,2MASS J19261367+3913382,9.885491525,5977.0,302.4853135,,K01860.03,5 banding 2,Not in HZ,4.228760639809013,3.3478415916316746,1.907828502915865,1.8087959136968006
2MASS J19261367+3913382 h,Aschwaden Prediction,9.229356249,0.08611547027434882,2MASS J19261367+3913382,9.885491525,5977.0,302.4853135,,K01860.03,3 banding 1,Not in HZ,4.228760639809013,3.3478415916316746,1.907828502915865,1.8087959136968006
2MASS J19271509+3733211 b,Aschwaden Prediction,9.56223252,0.08698957764785732,2MASS J19271509+3733211,9.885491525,5683.0,302.4853135,,K06259.01,2 banding 1,Not in HZ,4.153965819752713,3.2889295339186235,1.860173964760716,1.763614169735212
2MASS J19271509+3733211 c,Aschwaden Prediction,7.17167439,0.07180831420132376,2MASS J19271509+3733211,9.885491525,5683.0,302.4853135,,K06259.01,3 banding 2,Not in HZ,4.153965819752713,3.2889295339186235,1.860173964760716,1.763614169735212
2MASS J19271509+3733211 d,Aschwaden Prediction,7.9685271,0.07703351676422643,2MASS J19271509+3733211,9.885491525,5683.0,302.4853135,,K06259.01,5 banding 3,Not in HZ,4.153965819752713,3.2889295339186235,1.860173964760716,1.763614169735212
2MASS J19271509+3733211 e,Aschwaden Prediction,5.976395325,0.06358976702049508,2MASS J19271509+3733211,9.885491525,5683.0,302.4853135,,K06259.01,5 banding 4,Not in HZ,4.153965819752713,3.2889295339186235,1.860173964760716,1.763614169735212
2MASS J19271509+3733211 f,Aschwaden Prediction,6.37482168,0.06638547232480084,2MASS J19271509+3733211,9.885491525,5683.0,302.4853135,,K06259.01,4 banding 3,Not in HZ,4.153965819752713,3.2889295339186235,1.860173964760716,1.763614169735212
2MASS J19271509+3733211 g,Aschwaden Prediction,11.95279065,0.1009424630627466,2MASS J19271509+3733211,9.885491525,5683.0,302.4853135,,K06259.01,5 banding 2,Not in HZ,4.153965819752713,3.2889295339186235,1.860173964760716,1.763614169735212
2MASS J19271509+3733211 h,Aschwaden Prediction,14.34334878,0.11398859350324435,2MASS J19271509+3733211,9.885491525,5683.0,302.4853135,,K06259.01,3 banding 1,Not in HZ,4.153965819752713,3.2889295339186235,1.860173964760716,1.763614169735212
2MASS J19274405+3849379 b,Aschwaden Prediction,8.7439649,0.08175115417636226,2MASS J19274405+3849379,9.885491525,5823.0,302.4853135,,K06355.01,2 banding 1,Not in HZ,4.189155847023713,3.3166461163493683,1.8829484249099124,1.7852063964945717
2MASS J19274405+3849379 c,Aschwaden Prediction,6.5579736749999995,0.06748409090087908,2MASS J19274405+3849379,9.885491525,5823.0,302.4853135,,K06355.01,3 banding 2,Not in HZ,4.189155847023713,3.3166461163493683,1.8829484249099124,1.7852063964945717
2MASS J19274405+3849379 d,Aschwaden Prediction,7.286637416666667,0.0723946371050668,2MASS J19274405+3849379,9.885491525,5823.0,302.4853135,,K06355.01,5 banding 3,Not in HZ,4.189155847023713,3.3166461163493683,1.8829484249099124,1.7852063964945717
2MASS J19274405+3849379 e,Aschwaden Prediction,5.4649780625,0.05976045623276453,2MASS J19274405+3849379,9.885491525,5823.0,302.4853135,,K06355.01,5 banding 4,Not in HZ,4.189155847023713,3.3166461163493683,1.8829484249099124,1.7852063964945717
2MASS J19274405+3849379 f,Aschwaden Prediction,5.829309933333334,0.06238780702057013,2MASS J19274405+3849379,9.885491525,5823.0,302.4853135,,K06355.01,4 banding 3,Not in HZ,4.189155847023713,3.3166461163493683,1.8829484249099124,1.7852063964945717
2MASS J19274405+3849379 g,Aschwaden Prediction,10.929956125,0.09486381108998994,2MASS J19274405+3849379,9.885491525,5823.0,302.4853135,,K06355.01,5 banding 2,Not in HZ,4.189155847023713,3.3166461163493683,1.8829484249099124,1.7852063964945717
2MASS J19274405+3849379 h,Aschwaden Prediction,13.115947349999999,0.10712431688717305,2MASS J19274405+3849379,9.885491525,5823.0,302.4853135,,K06355.01,3 banding 1,Not in HZ,4.189155847023713,3.3166461163493683,1.8829484249099124,1.7852063964945717
2MASS J19282240+3736485 b,Aschwaden Prediction,48.2143312,0.2971614769284469,2MASS J19282240+3736485,9.885491525,6585.0,302.4853135,,K02610.01,2 banding 1,Not in HZ,4.386147249457615,3.471826174713183,2.0005813932024936,1.8967477919714657
2MASS J19282240+3736485 c,Aschwaden Prediction,36.160748399999996,0.2453013944979527,2MASS J19282240+3736485,9.885491525,6585.0,302.4853135,,K02610.01,3 banding 2,Not in HZ,4.386147249457615,3.471826174713183,2.0005813932024936,1.8967477919714657
2MASS J19282240+3736485 d,Aschwaden Prediction,40.178609333333334,0.2631509915741458,2MASS J19282240+3736485,9.885491525,6585.0,302.4853135,,K02610.01,5 banding 3,Not in HZ,4.386147249457615,3.471826174713183,2.0005813932024936,1.8967477919714657
2MASS J19282240+3736485 e,Aschwaden Prediction,30.133957,0.21722635741307808,2MASS J19282240+3736485,9.885491525,6585.0,302.4853135,,K02610.01,5 banding 4,Not in HZ,4.386147249457615,3.471826174713183,2.0005813932024936,1.8967477919714657
2MASS J19282240+3736485 f,Aschwaden Prediction,32.142887466666664,0.22677664998545102,2MASS J19282240+3736485,9.885491525,6585.0,302.4853135,,K02610.01,4 banding 3,Not in HZ,4.386147249457615,3.471826174713183,2.0005813932024936,1.8967477919714657
2MASS J19282240+3736485 g,Aschwaden Prediction,60.267914,0.3448253482727402,2MASS J19282240+3736485,9.885491525,6585.0,302.4853135,,K02610.01,5 banding 2,Not in HZ,4.386147249457615,3.471826174713183,2.0005813932024936,1.8967477919714657
2MASS J19282240+3736485 h,Aschwaden Prediction,72.32149679999999,0.38939169167531645,2MASS J19282240+3736485,9.885491525,6585.0,302.4853135,,K02610.01,3 banding 1,Optimistic HZ,4.386147249457615,3.471826174713183,2.0005813932024936,1.8967477919714657
2MASS J19283467+4709264 b,Aschwaden Prediction,8.19333516,0.07619525049447357,2MASS J19283467+4709264,9.885491525,5258.0,302.4853135,,K01082.01,2 banding 1,Not in HZ,4.054656502492209,3.210719674195357,1.791489438153296,1.698500305961999
2MASS J19283467+4709264 c,Aschwaden Prediction,6.14500137,0.06289779346101351,2MASS J19283467+4709264,9.885491525,5258.0,302.4853135,,K01082.01,3 banding 2,Not in HZ,4.054656502492209,3.210719674195357,1.791489438153296,1.698500305961999
2MASS J19283467+4709264 d,Aschwaden Prediction,6.8277793,0.06747461322413993,2MASS J19283467+4709264,9.885491525,5258.0,302.4853135,,K01082.01,5 banding 3,Not in HZ,4.054656502492209,3.210719674195357,1.791489438153296,1.698500305961999
2MASS J19283467+4709264 e,Aschwaden Prediction,5.1208344750000006,0.05569906600335335,2MASS J19283467+4709264,9.885491525,5258.0,302.4853135,,K01082.01,5 banding 4,Not in HZ,4.054656502492209,3.210719674195357,1.791489438153296,1.698500305961999
2MASS J19283467+4709264 f,Aschwaden Prediction,5.46222344,0.05814785897062847,2MASS J19283467+4709264,9.885491525,5258.0,302.4853135,,K01082.01,4 banding 3,Not in HZ,4.054656502492209,3.210719674195357,1.791489438153296,1.698500305961999
2MASS J19283467+4709264 g,Aschwaden Prediction,10.241668950000001,0.08841675596736928,2MASS J19283467+4709264,9.885491525,5258.0,302.4853135,,K01082.01,5 banding 2,Not in HZ,4.054656502492209,3.210719674195357,1.791489438153296,1.698500305961999
2MASS J19283467+4709264 h,Aschwaden Prediction,12.29000274,0.0998440235064914,2MASS J19283467+4709264,9.885491525,5258.0,302.4853135,,K01082.01,3 banding 1,Not in HZ,4.054656502492209,3.210719674195357,1.791489438153296,1.698500305961999
2MASS J19283467+4709264 i,Aschwaden Prediction,13.00647582,0.10381602879872023,2MASS J19283467+4709264,9.885491525,5258.0,302.4853135,,K01082.02,2 banding 1,Not in HZ,4.054656502492209,3.210719674195357,1.791489438153296,1.698500305961999
2MASS J19283467+4709264 j,Aschwaden Prediction,9.754856865,0.08569824359063091,2MASS J19283467+4709264,9.885491525,5258.0,302.4853135,,K01082.02,3 banding 2,Not in HZ,4.054656502492209,3.210719674195357,1.791489438153296,1.698500305961999
2MASS J19283467+4709264 k,Aschwaden Prediction,10.83872985,0.09193416051789066,2MASS J19283467+4709264,9.885491525,5258.0,302.4853135,,K01082.02,5 banding 3,Not in HZ,4.054656502492209,3.210719674195357,1.791489438153296,1.698500305961999
2MASS J19283467+4709264 l,Aschwaden Prediction,8.1290473875,0.07588997742956895,2MASS J19283467+4709264,9.885491525,5258.0,302.4853135,,K01082.02,5 banding 4,Not in HZ,4.054656502492209,3.210719674195357,1.791489438153296,1.698500305961999
2MASS J19283467+4709264 m,Aschwaden Prediction,8.67098388,0.07922645784748128,2MASS J19283467+4709264,9.885491525,5258.0,302.4853135,,K01082.02,4 banding 3,Not in HZ,4.054656502492209,3.210719674195357,1.791489438153296,1.698500305961999
2MASS J19283467+4709264 n,Aschwaden Prediction,16.258094775,0.12046783000554064,2MASS J19283467+4709264,9.885491525,5258.0,302.4853135,,K01082.02,5 banding 2,Not in HZ,4.054656502492209,3.210719674195357,1.791489438153296,1.698500305961999
2MASS J19283467+4709264 o,Aschwaden Prediction,19.50971373,0.13603748202759453,2MASS J19283467+4709264,9.885491525,5258.0,302.4853135,,K01082.02,3 banding 1,Not in HZ,4.054656502492209,3.210719674195357,1.791489438153296,1.698500305961999
2MASS J19284286+4200212 b,Aschwaden Prediction,1.566552332,0.027462038199049847,2MASS J19284286+4200212,9.885491525,6108.0,302.4853135,,K01239.01,2 banding 1,Not in HZ,4.262898265989329,3.374732116153943,1.9287153640404817,1.828600161088532
2MASS J19284286+4200212 c,Aschwaden Prediction,1.174914249,0.022669413059906954,2MASS J19284286+4200212,9.885491525,6108.0,302.4853135,,K01239.01,3 banding 2,Not in HZ,4.262898265989329,3.374732116153943,1.9287153640404817,1.828600161088532
2MASS J19284286+4200212 d,Aschwaden Prediction,1.3054602766666668,0.024318975182867103,2MASS J19284286+4200212,9.885491525,6108.0,302.4853135,,K01239.01,5 banding 3,Not in HZ,4.262898265989329,3.374732116153943,1.9287153640404817,1.828600161088532
2MASS J19284286+4200212 e,Aschwaden Prediction,0.9790952075000001,0.02007487170537527,2MASS J19284286+4200212,9.885491525,6108.0,302.4853135,,K01239.01,5 banding 4,Not in HZ,4.262898265989329,3.374732116153943,1.9287153640404817,1.828600161088532
2MASS J19284286+4200212 f,Aschwaden Prediction,1.0443682213333334,0.020957457503997343,2MASS J19284286+4200212,9.885491525,6108.0,302.4853135,,K01239.01,4 banding 3,Not in HZ,4.262898265989329,3.374732116153943,1.9287153640404817,1.828600161088532
2MASS J19284286+4200212 g,Aschwaden Prediction,1.9581904150000002,0.03186687246323934,2MASS J19284286+4200212,9.885491525,6108.0,302.4853135,,K01239.01,5 banding 2,Not in HZ,4.262898265989329,3.374732116153943,1.9287153640404817,1.828600161088532
2MASS J19284286+4200212 h,Aschwaden Prediction,2.349828498,0.035985450138797934,2MASS J19284286+4200212,9.885491525,6108.0,302.4853135,,K01239.01,3 banding 1,Not in HZ,4.262898265989329,3.374732116153943,1.9287153640404817,1.828600161088532
2MASS J19285514+4048322 b,Aschwaden Prediction,23.094831,0.1647722291942991,2MASS J19285514+4048322,9.885491525,6202.0,302.4853135,,K03341.01,2 banding 1,Not in HZ,4.287490407510221,3.3941043231192,1.9434742060774977,1.8425944912019239
2MASS J19285514+4048322 c,Aschwaden Prediction,17.32112325,0.13601647835944172,2MASS J19285514+4048322,9.885491525,6202.0,302.4853135,,K03341.01,3 banding 2,Not in HZ,4.287490407510221,3.3941043231192,1.9434742060774977,1.8425944912019239
2MASS J19285514+4048322 d,Aschwaden Prediction,19.2456925,0.14591385109720262,2MASS J19285514+4048322,9.885491525,6202.0,302.4853135,,K03341.01,5 banding 3,Not in HZ,4.287490407510221,3.3941043231192,1.9434742060774977,1.8425944912019239
2MASS J19285514+4048322 e,Aschwaden Prediction,14.434269375,0.12044923023225163,2MASS J19285514+4048322,9.885491525,6202.0,302.4853135,,K03341.01,5 banding 4,Not in HZ,4.287490407510221,3.3941043231192,1.9434742060774977,1.8425944912019239
2MASS J19285514+4048322 f,Aschwaden Prediction,15.396554,0.12574474502398408,2MASS J19285514+4048322,9.885491525,6202.0,302.4853135,,K03341.01,4 banding 3,Not in HZ,4.287490407510221,3.3941043231192,1.9434742060774977,1.8425944912019239
2MASS J19285514+4048322 g,Aschwaden Prediction,28.86853875,0.19120123477943607,2MASS J19285514+4048322,9.885491525,6202.0,302.4853135,,K03341.01,5 banding 2,Not in HZ,4.287490407510221,3.3941043231192,1.9434742060774977,1.8425944912019239
2MASS J19285514+4048322 h,Aschwaden Prediction,34.6422465,0.21591270083278766,2MASS J19285514+4048322,9.885491525,6202.0,302.4853135,,K03341.01,3 banding 1,Not in HZ,4.287490407510221,3.3941043231192,1.9434742060774977,1.8425944912019239
2MASS J19285682+4105091 b,Aschwaden Prediction,13.09252116,0.10810201163903436,2MASS J19285682+4105091,9.885491525,5325.0,302.4853135,,K00841.03,2 banding 1,Not in HZ,4.069392702661078,3.2223240832320457,1.8021842222534576,1.7086385724608595
2MASS J19285682+4105091 c,Aschwaden Prediction,9.81939087,0.08923624447281292,2MASS J19285682+4105091,9.885491525,5325.0,302.4853135,,K00841.03,3 banding 2,Not in HZ,4.069392702661078,3.2223240832320457,1.8021842222534576,1.7086385724608595
2MASS J19285682+4105091 d,Aschwaden Prediction,10.9104343,0.09572960751174853,2MASS J19285682+4105091,9.885491525,5325.0,302.4853135,,K00841.03,5 banding 3,Not in HZ,4.069392702661078,3.2223240832320457,1.8021842222534576,1.7086385724608595
2MASS J19285682+4105091 e,Aschwaden Prediction,8.182825725,0.07902304989225756,2MASS J19285682+4105091,9.885491525,5325.0,302.4853135,,K00841.03,5 banding 4,Not in HZ,4.069392702661078,3.2223240832320457,1.8021842222534576,1.7086385724608595
2MASS J19285682+4105091 f,Aschwaden Prediction,8.72834744,0.08249727491457913,2MASS J19285682+4105091,9.885491525,5325.0,302.4853135,,K00841.03,4 banding 3,Not in HZ,4.069392702661078,3.2223240832320457,1.8021842222534576,1.7086385724608595
2MASS J19285682+4105091 g,Aschwaden Prediction,16.36565145,0.12544127252870516,2MASS J19285682+4105091,9.885491525,5325.0,302.4853135,,K00841.03,5 banding 2,Not in HZ,4.069392702661078,3.2223240832320457,1.8021842222534576,1.7086385724608595
2MASS J19285682+4105091 h,Aschwaden Prediction,19.63878174,0.14165370834983462,2MASS J19285682+4105091,9.885491525,5325.0,302.4853135,,K00841.03,3 banding 1,Not in HZ,4.069392702661078,3.2223240832320457,1.8021842222534576,1.7086385724608595
2MASS J19293114+4738406 b,Aschwaden Prediction,20.54261762,0.1177851580560404,2MASS J19293114+4738406,9.885491525,4401.0,302.4853135,,K02554.01,2 banding 1,Not in HZ,3.9059850834072405,3.0936716577793613,1.6651494387545136,1.5787533297657461
2MASS J19293114+4738406 c,Aschwaden Prediction,15.406963215000001,0.09722950572515006,2MASS J19293114+4738406,9.885491525,4401.0,302.4853135,,K02554.01,3 banding 2,Not in HZ,3.9059850834072405,3.0936716577793613,1.6651494387545136,1.5787533297657461
2MASS J19293114+4738406 d,Aschwaden Prediction,17.118848016666668,0.10430450627564966,2MASS J19293114+4738406,9.885491525,4401.0,302.4853135,,K02554.01,5 banding 3,Not in HZ,3.9059850834072405,3.0936716577793613,1.6651494387545136,1.5787533297657461
2MASS J19293114+4738406 e,Aschwaden Prediction,12.839136012500001,0.08610147286351706,2MASS J19293114+4738406,9.885491525,4401.0,302.4853135,,K02554.01,5 banding 4,Not in HZ,3.9059850834072405,3.0936716577793613,1.6651494387545136,1.5787533297657461
2MASS J19293114+4738406 f,Aschwaden Prediction,13.695078413333334,0.08988689865876318,2MASS J19293114+4738406,9.885491525,4401.0,302.4853135,,K02554.01,4 banding 3,Not in HZ,3.9059850834072405,3.0936716577793613,1.6651494387545136,1.5787533297657461
2MASS J19293114+4738406 g,Aschwaden Prediction,25.678272025000002,0.13667756859955835,2MASS J19293114+4738406,9.885491525,4401.0,302.4853135,,K02554.01,5 banding 2,Not in HZ,3.9059850834072405,3.0936716577793613,1.6651494387545136,1.5787533297657461
2MASS J19293114+4738406 h,Aschwaden Prediction,30.813926430000002,0.15434221967045128,2MASS J19293114+4738406,9.885491525,4401.0,302.4853135,,K02554.01,3 banding 1,Not in HZ,3.9059850834072405,3.0936716577793613,1.6651494387545136,1.5787533297657461
2MASS J19314900+4156052 b,Aschwaden Prediction,1.984280264,0.03222424135495444,2MASS J19314900+4156052,9.885491525,6487.0,302.4853135,,K02093.01,2 banding 1,Not in HZ,4.361377909243987,3.452312025974633,1.9865360581144704,1.8834282439209376
2MASS J19314900+4156052 c,Aschwaden Prediction,1.488210198,0.026600525151220297,2MASS J19314900+4156052,9.885491525,6487.0,302.4853135,,K02093.01,3 banding 2,Not in HZ,4.361377909243987,3.452312025974633,1.9865360581144704,1.8834282439209376
2MASS J19314900+4156052 d,Aschwaden Prediction,1.6535668866666666,0.028536138509375846,2MASS J19314900+4156052,9.885491525,6487.0,302.4853135,,K02093.01,5 banding 3,Not in HZ,4.361377909243987,3.452312025974633,1.9865360581144704,1.8834282439209376
2MASS J19314900+4156052 e,Aschwaden Prediction,1.240175165,0.023556063330584853,2MASS J19314900+4156052,9.885491525,6487.0,302.4853135,,K02093.01,5 banding 4,Not in HZ,4.361377909243987,3.452312025974633,1.9865360581144704,1.8834282439209376
2MASS J19314900+4156052 f,Aschwaden Prediction,1.3228535093333333,0.024591698689661625,2MASS J19314900+4156052,9.885491525,6487.0,302.4853135,,K02093.01,4 banding 3,Not in HZ,4.361377909243987,3.452312025974633,1.9865360581144704,1.8834282439209376
2MASS J19314900+4156052 g,Aschwaden Prediction,2.48035033,0.03739291971119992,2MASS J19314900+4156052,9.885491525,6487.0,302.4853135,,K02093.01,5 banding 2,Not in HZ,4.361377909243987,3.452312025974633,1.9865360581144704,1.8834282439209376
2MASS J19314900+4156052 h,Aschwaden Prediction,2.976420396,0.04222570160795365,2MASS J19314900+4156052,9.885491525,6487.0,302.4853135,,K02093.01,3 banding 1,Not in HZ,4.361377909243987,3.452312025974633,1.9865360581144704,1.8834282439209376
2MASS J19314900+4156052 i,Aschwaden Prediction,5.0162304,0.05984501965920111,2MASS J19314900+4156052,9.885491525,6487.0,302.4853135,,K02093.02,2 banding 1,Not in HZ,4.361377909243987,3.452312025974633,1.9865360581144704,1.8834282439209376
2MASS J19314900+4156052 j,Aschwaden Prediction,3.7621728,0.04940097528083769,2MASS J19314900+4156052,9.885491525,6487.0,302.4853135,,K02093.02,3 banding 2,Not in HZ,4.361377909243987,3.452312025974633,1.9865360581144704,1.8834282439209376
2MASS J19314900+4156052 k,Aschwaden Prediction,4.180192000000001,0.05299568580312657,2MASS J19314900+4156052,9.885491525,6487.0,302.4853135,,K02093.02,5 banding 3,Not in HZ,4.361377909243987,3.452312025974633,1.9865360581144704,1.8834282439209376
2MASS J19314900+4156052 l,Aschwaden Prediction,3.1351440000000004,0.04374697475680044,2MASS J19314900+4156052,9.885491525,6487.0,302.4853135,,K02093.02,5 banding 4,Not in HZ,4.361377909243987,3.452312025974633,1.9865360581144704,1.8834282439209376
2MASS J19314900+4156052 m,Aschwaden Prediction,3.3441536000000003,0.04567029756651444,2MASS J19314900+4156052,9.885491525,6487.0,302.4853135,,K02093.02,4 banding 3,Not in HZ,4.361377909243987,3.452312025974633,1.9865360581144704,1.8834282439209376
2MASS J19314900+4156052 n,Aschwaden Prediction,6.270288000000001,0.06944399374937128,2MASS J19314900+4156052,9.885491525,6487.0,302.4853135,,K02093.02,5 banding 2,Not in HZ,4.361377909243987,3.452312025974633,1.9865360581144704,1.8834282439209376
2MASS J19314900+4156052 o,Aschwaden Prediction,7.5243456,0.07841916012905678,2MASS J19314900+4156052,9.885491525,6487.0,302.4853135,,K02093.02,3 banding 1,Not in HZ,4.361377909243987,3.452312025974633,1.9865360581144704,1.8834282439209376
2MASS J19324890+4303252 b,Aschwaden Prediction,4.84174702,0.05540029671369016,2MASS J19324890+4303252,9.885491525,5982.0,302.4853135,,K02357.01,2 banding 1,Not in HZ,4.230057957492022,3.348863478115852,1.9086312699898338,1.8095570575414508
2MASS J19324890+4303252 c,Aschwaden Prediction,3.6313102649999998,0.04573193732894524,2MASS J19324890+4303252,9.885491525,5982.0,302.4853135,,K02357.01,3 banding 2,Not in HZ,4.230057957492022,3.348863478115852,1.9086312699898338,1.8095570575414508
2MASS J19324890+4303252 d,Aschwaden Prediction,4.034789183333333,0.04905966669838508,2MASS J19324890+4303252,9.885491525,5982.0,302.4853135,,K02357.01,5 banding 3,Not in HZ,4.230057957492022,3.348863478115852,1.9086312699898338,1.8095570575414508
2MASS J19324890+4303252 e,Aschwaden Prediction,3.0260918875,0.0404978625732715,2MASS J19324890+4303252,9.885491525,5982.0,302.4853135,,K02357.01,5 banding 4,Not in HZ,4.230057957492022,3.348863478115852,1.9086312699898338,1.8095570575414508
2MASS J19324890+4303252 f,Aschwaden Prediction,3.2278313466666666,0.04227833912656112,2MASS J19324890+4303252,9.885491525,5982.0,302.4853135,,K02357.01,4 banding 3,Not in HZ,4.230057957492022,3.348863478115852,1.9086312699898338,1.8095570575414508
2MASS J19324890+4303252 g,Aschwaden Prediction,6.052183775,0.06428634965127475,2MASS J19324890+4303252,9.885491525,5982.0,302.4853135,,K02357.01,5 banding 2,Not in HZ,4.230057957492022,3.348863478115852,1.9086312699898338,1.8095570575414508
2MASS J19324890+4303252 h,Aschwaden Prediction,7.2626205299999995,0.07259492542451146,2MASS J19324890+4303252,9.885491525,5982.0,302.4853135,,K02357.01,3 banding 1,Not in HZ,4.230057957492022,3.348863478115852,1.9086312699898338,1.8095570575414508
2MASS J19333677+4529377 b,Aschwaden Prediction,19.4088384,0.14556467646548388,2MASS J19333677+4529377,9.885491525,6258.0,302.4853135,,K06191.01,2 banding 1,Not in HZ,4.30213060337156,3.405637275966823,1.9521540834177882,1.850824941784256
2MASS J19333677+4529377 c,Aschwaden Prediction,14.5566288,0.1201609929244779,2MASS J19333677+4529377,9.885491525,6258.0,302.4853135,,K06191.01,3 banding 2,Not in HZ,4.30213060337156,3.405637275966823,1.9521540834177882,1.850824941784256
2MASS J19333677+4529377 d,Aschwaden Prediction,16.174032,0.12890462568028402,2MASS J19333677+4529377,9.885491525,6258.0,302.4853135,,K06191.01,5 banding 3,Not in HZ,4.30213060337156,3.405637275966823,1.9521540834177882,1.850824941784256
2MASS J19333677+4529377 e,Aschwaden Prediction,12.130524000000001,0.10640842401057297,2MASS J19333677+4529377,9.885491525,6258.0,302.4853135,,K06191.01,5 banding 4,Not in HZ,4.30213060337156,3.405637275966823,1.9521540834177882,1.850824941784256
2MASS J19333677+4529377 f,Aschwaden Prediction,12.9392256,0.11108663890847147,2MASS J19333677+4529377,9.885491525,6258.0,302.4853135,,K06191.01,4 banding 3,Not in HZ,4.30213060337156,3.405637275966823,1.9521540834177882,1.850824941784256
2MASS J19333677+4529377 g,Aschwaden Prediction,24.261048000000002,0.16891284421266173,2MASS J19333677+4529377,9.885491525,6258.0,302.4853135,,K06191.01,5 banding 2,Not in HZ,4.30213060337156,3.405637275966823,1.9521540834177882,1.850824941784256
2MASS J19333677+4529377 h,Aschwaden Prediction,29.1132576,0.19074368657385962,2MASS J19333677+4529377,9.885491525,6258.0,302.4853135,,K06191.01,3 banding 1,Not in HZ,4.30213060337156,3.405637275966823,1.9521540834177882,1.850824941784256
2MASS J19334338+4641315 b,Aschwaden Prediction,6.17882838,0.06476596292030254,2MASS J19334338+4641315,9.885491525,5959.0,302.4853135,,K03043.01,2 banding 1,Not in HZ,4.224095203812148,3.3441666810997535,1.9049354356026929,1.8060528601378696
2MASS J19334338+4641315 c,Aschwaden Prediction,4.634121285,0.05346312444186149,2MASS J19334338+4641315,9.885491525,5959.0,302.4853135,,K03043.01,3 banding 2,Not in HZ,4.224095203812148,3.3441666810997535,1.9049354356026929,1.8060528601378696
2MASS J19334338+4641315 d,Aschwaden Prediction,5.149023649999999,0.057353421240518954,2MASS J19334338+4641315,9.885491525,5959.0,302.4853135,,K03043.01,5 banding 3,Not in HZ,4.224095203812148,3.3441666810997535,1.9049354356026929,1.8060528601378696
2MASS J19334338+4641315 e,Aschwaden Prediction,3.8617677374999997,0.04734420610285035,2MASS J19334338+4641315,9.885491525,5959.0,302.4853135,,K03043.01,5 banding 4,Not in HZ,4.224095203812148,3.3441666810997535,1.9049354356026929,1.8060528601378696
2MASS J19334338+4641315 f,Aschwaden Prediction,4.11921892,0.0494256801250342,2MASS J19334338+4641315,9.885491525,5959.0,302.4853135,,K03043.01,4 banding 3,Not in HZ,4.224095203812148,3.3441666810997535,1.9049354356026929,1.8060528601378696
2MASS J19334338+4641315 g,Aschwaden Prediction,7.723535474999999,0.07515424257226389,2MASS J19334338+4641315,9.885491525,5959.0,302.4853135,,K03043.01,5 banding 2,Not in HZ,4.224095203812148,3.3441666810997535,1.9049354356026929,1.8060528601378696
2MASS J19334338+4641315 h,Aschwaden Prediction,9.26824257,0.0848674199805177,2MASS J19334338+4641315,9.885491525,5959.0,302.4853135,,K03043.01,3 banding 1,Not in HZ,4.224095203812148,3.3441666810997535,1.9049354356026929,1.8060528601378696
2MASS J19360188+4513577 b,Aschwaden Prediction,16.5855116,0.12810326489383367,2MASS J19360188+4513577,9.885491525,6146.0,302.4853135,,K07117.01,2 banding 1,Not in HZ,4.272837399957583,3.382561492767005,1.9347080058728676,1.8342823338227419
2MASS J19360188+4513577 c,Aschwaden Prediction,12.4391337,0.10574691525632897,2MASS J19360188+4513577,9.885491525,6146.0,302.4853135,,K07117.01,3 banding 2,Not in HZ,4.272837399957583,3.382561492767005,1.9347080058728676,1.8342823338227419
2MASS J19360188+4513577 d,Aschwaden Prediction,13.821259666666668,0.11344169348308526,2MASS J19360188+4513577,9.885491525,6146.0,302.4853135,,K07117.01,5 banding 3,Not in HZ,4.272837399957583,3.382561492767005,1.9347080058728676,1.8342823338227419
2MASS J19360188+4513577 e,Aschwaden Prediction,10.36594475,0.09364405471813782,2MASS J19360188+4513577,9.885491525,6146.0,302.4853135,,K07117.01,5 banding 4,Not in HZ,4.272837399957583,3.382561492767005,1.9347080058728676,1.8342823338227419
2MASS J19360188+4513577 f,Aschwaden Prediction,11.057007733333334,0.09776108789436912,2MASS J19360188+4513577,9.885491525,6146.0,302.4853135,,K07117.01,4 banding 3,Not in HZ,4.272837399957583,3.382561492767005,1.9347080058728676,1.8342823338227419
2MASS J19360188+4513577 g,Aschwaden Prediction,20.7318895,0.1486506709701396,2MASS J19360188+4513577,9.885491525,6146.0,302.4853135,,K07117.01,5 banding 2,Not in HZ,4.272837399957583,3.382561492767005,1.9347080058728676,1.8342823338227419
2MASS J19360188+4513577 h,Aschwaden Prediction,24.8782674,0.16786276452028864,2MASS J19360188+4513577,9.885491525,6146.0,302.4853135,,K07117.01,3 banding 1,Not in HZ,4.272837399957583,3.382561492767005,1.9347080058728676,1.8342823338227419
2MASS J19360367+4249277 b,Aschwaden Prediction,11.5490162,0.10254610795714568,2MASS J19360367+4249277,9.885491525,6063.0,302.4853135,,K03420.01,2 banding 1,Not in HZ,4.251143089982501,3.3654723163943685,1.9215774368554321,1.821832122902964
2MASS J19360367+4249277 c,Aschwaden Prediction,8.661762150000001,0.08464994703294737,2MASS J19360367+4249277,9.885491525,6063.0,302.4853135,,K03420.01,3 banding 2,Not in HZ,4.251143089982501,3.3654723163943685,1.9215774368554321,1.821832122902964
2MASS J19360367+4249277 d,Aschwaden Prediction,9.624180166666667,0.09080958363082167,2MASS J19360367+4249277,9.885491525,6063.0,302.4853135,,K03420.01,5 banding 3,Not in HZ,4.251143089982501,3.3654723163943685,1.9215774368554321,1.821832122902964
2MASS J19360367+4249277 e,Aschwaden Prediction,7.218135125,0.07496165966284639,2MASS J19360367+4249277,9.885491525,6063.0,302.4853135,,K03420.01,5 banding 4,Not in HZ,4.251143089982501,3.3654723163943685,1.9215774368554321,1.821832122902964
2MASS J19360367+4249277 f,Aschwaden Prediction,7.699344133333334,0.07825732686463749,2MASS J19360367+4249277,9.885491525,6063.0,302.4853135,,K03420.01,4 banding 3,Not in HZ,4.251143089982501,3.3654723163943685,1.9215774368554321,1.821832122902964
2MASS J19360367+4249277 g,Aschwaden Prediction,14.43627025,0.11899421740608448,2MASS J19360367+4249277,9.885491525,6063.0,302.4853135,,K03420.01,5 banding 2,Not in HZ,4.251143089982501,3.3654723163943685,1.9215774368554321,1.821832122902964
2MASS J19360367+4249277 h,Aschwaden Prediction,17.323524300000003,0.134373414969153,2MASS J19360367+4249277,9.885491525,6063.0,302.4853135,,K03420.01,3 banding 1,Not in HZ,4.251143089982501,3.3654723163943685,1.9215774368554321,1.821832122902964
2MASS J19360824+5022179 b,Aschwaden Prediction,9.86418934,0.10333980848312979,2MASS J19360824+5022179,9.885491525,7232.0,302.4853135,,K04021.01,2 banding 1,Not in HZ,4.529070531201113,3.5844369193534735,2.078203692688787,1.9703734551239291
2MASS J19360824+5022179 c,Aschwaden Prediction,7.3981420049999995,0.08530513238149959,2MASS J19360824+5022179,9.885491525,7232.0,302.4853135,,K04021.01,3 banding 2,Not in HZ,4.529070531201113,3.5844369193534735,2.078203692688787,1.9703734551239291
2MASS J19360824+5022179 d,Aschwaden Prediction,8.220157783333333,0.0915124441852398,2MASS J19360824+5022179,9.885491525,7232.0,302.4853135,,K04021.01,5 banding 3,Not in HZ,4.529070531201113,3.5844369193534735,2.078203692688787,1.9703734551239291
2MASS J19360824+5022179 e,Aschwaden Prediction,6.165118337499999,0.07554185826704798,2MASS J19360824+5022179,9.885491525,7232.0,302.4853135,,K04021.01,5 banding 4,Not in HZ,4.529070531201113,3.5844369193534735,2.078203692688787,1.9703734551239291
2MASS J19360824+5022179 f,Aschwaden Prediction,6.576126226666666,0.07886303372891486,2MASS J19360824+5022179,9.885491525,7232.0,302.4853135,,K04021.01,4 banding 3,Not in HZ,4.529070531201113,3.5844369193534735,2.078203692688787,1.9703734551239291
2MASS J19360824+5022179 g,Aschwaden Prediction,12.330236674999998,0.11991522528074458,2MASS J19360824+5022179,9.885491525,7232.0,302.4853135,,K04021.01,5 banding 2,Not in HZ,4.529070531201113,3.5844369193534735,2.078203692688787,1.9703734551239291
2MASS J19360824+5022179 h,Aschwaden Prediction,14.796284009999999,0.13541345688067896,2MASS J19360824+5022179,9.885491525,7232.0,302.4853135,,K04021.01,3 banding 1,Not in HZ,4.529070531201113,3.5844369193534735,2.078203692688787,1.9703734551239291
2MASS J19362997+4640224 b,Aschwaden Prediction,9.45394512,0.08698957764785732,2MASS J19362997+4640224,9.885491525,6183.0,302.4853135,,K04421.01,2 banding 1,Not in HZ,4.282519168845004,3.390188231465585,1.9405091389725049,1.839782982709968
2MASS J19362997+4640224 c,Aschwaden Prediction,7.09045884,0.07180831420132376,2MASS J19362997+4640224,9.885491525,6183.0,302.4853135,,K04421.01,3 banding 2,Not in HZ,4.282519168845004,3.390188231465585,1.9405091389725049,1.839782982709968
2MASS J19362997+4640224 d,Aschwaden Prediction,7.8782876,0.07703351676422643,2MASS J19362997+4640224,9.885491525,6183.0,302.4853135,,K04421.01,5 banding 3,Not in HZ,4.282519168845004,3.390188231465585,1.9405091389725049,1.839782982709968
2MASS J19362997+4640224 e,Aschwaden Prediction,5.9087157,0.06358976702049508,2MASS J19362997+4640224,9.885491525,6183.0,302.4853135,,K04421.01,5 banding 4,Not in HZ,4.282519168845004,3.390188231465585,1.9405091389725049,1.839782982709968
2MASS J19362997+4640224 f,Aschwaden Prediction,6.30263008,0.06638547232480084,2MASS J19362997+4640224,9.885491525,6183.0,302.4853135,,K04421.01,4 banding 3,Not in HZ,4.282519168845004,3.390188231465585,1.9405091389725049,1.839782982709968
2MASS J19362997+4640224 g,Aschwaden Prediction,11.8174314,0.1009424630627466,2MASS J19362997+4640224,9.885491525,6183.0,302.4853135,,K04421.01,5 banding 2,Not in HZ,4.282519168845004,3.390188231465585,1.9405091389725049,1.839782982709968
2MASS J19362997+4640224 h,Aschwaden Prediction,14.18091768,0.11398859350324435,2MASS J19362997+4640224,9.885491525,6183.0,302.4853135,,K04421.01,3 banding 1,Not in HZ,4.282519168845004,3.390188231465585,1.9405091389725049,1.839782982709968
2MASS J19363310+4222138 b,Aschwaden Prediction,15.32929106,0.11635649710926901,2MASS J19363310+4222138,9.885491525,5975.0,302.4853135,,K02220.04,2 banding 1,Not in HZ,4.228241874417798,3.3474329649034313,1.9075072890928135,1.8084913550205988
2MASS J19363310+4222138 c,Aschwaden Prediction,11.496968294999999,0.09605017209775606,2MASS J19363310+4222138,9.885491525,5975.0,302.4853135,,K02220.04,3 banding 2,Not in HZ,4.228241874417798,3.3474329649034313,1.9075072890928135,1.8084913550205988
2MASS J19363310+4222138 d,Aschwaden Prediction,12.774409216666667,0.10303935727769703,2MASS J19363310+4222138,9.885491525,5975.0,302.4853135,,K02220.04,5 banding 3,Not in HZ,4.228241874417798,3.3474329649034313,1.9075072890928135,1.8084913550205988
2MASS J19363310+4222138 e,Aschwaden Prediction,9.5808069125,0.08505711537595419,2MASS J19363310+4222138,9.885491525,5975.0,302.4853135,,K02220.04,5 banding 4,Not in HZ,4.228241874417798,3.3474329649034313,1.9075072890928135,1.8084913550205988
2MASS J19363310+4222138 f,Aschwaden Prediction,10.219527373333333,0.08879662630306391,2MASS J19363310+4222138,9.885491525,5975.0,302.4853135,,K02220.04,4 banding 3,Not in HZ,4.228241874417798,3.3474329649034313,1.9075072890928135,1.8084913550205988
2MASS J19363310+4222138 g,Aschwaden Prediction,19.161613825,0.13501975442517017,2MASS J19363310+4222138,9.885491525,5975.0,302.4853135,,K02220.04,5 banding 2,Not in HZ,4.228241874417798,3.3474329649034313,1.9075072890928135,1.8084913550205988
2MASS J19363310+4222138 h,Aschwaden Prediction,22.993936589999997,0.15247014422970454,2MASS J19363310+4222138,9.885491525,5975.0,302.4853135,,K02220.04,3 banding 1,Not in HZ,4.228241874417798,3.3474329649034313,1.9075072890928135,1.8084913550205988
2MASS J19370371+4447394 b,Aschwaden Prediction,324.1081532,0.9843473923254804,2MASS J19370371+4447394,9.885491525,6628.0,302.4853135,,K01271.01,2 banding 1,Conservative HZ,4.396851289146761,3.480259363885263,2.006594665427559,1.9024504992437075
2MASS J19370371+4447394 c,Aschwaden Prediction,243.0811149,0.8125608692744684,2MASS J19370371+4447394,9.885491525,6628.0,302.4853135,,K01271.01,3 banding 2,Conservative HZ,4.396851289146761,3.480259363885263,2.006594665427559,1.9024504992437075
2MASS J19370371+4447394 d,Aschwaden Prediction,270.09012766666666,0.8716876595893578,2MASS J19370371+4447394,9.885491525,6628.0,302.4853135,,K01271.01,5 banding 3,Conservative HZ,4.396851289146761,3.480259363885263,2.006594665427559,1.9024504992437075
2MASS J19370371+4447394 e,Aschwaden Prediction,202.56759575,0.7195623089308211,2MASS J19370371+4447394,9.885491525,6628.0,302.4853135,,K01271.01,5 banding 4,Conservative HZ,4.396851289146761,3.480259363885263,2.006594665427559,1.9024504992437075
2MASS J19370371+4447394 f,Aschwaden Prediction,216.07210213333335,0.7511976530768066,2MASS J19370371+4447394,9.885491525,6628.0,302.4853135,,K01271.01,4 banding 3,Conservative HZ,4.396851289146761,3.480259363885263,2.006594665427559,1.9024504992437075
2MASS J19370371+4447394 g,Aschwaden Prediction,405.1351915,1.1422339661534517,2MASS J19370371+4447394,9.885491525,6628.0,302.4853135,,K01271.01,5 banding 2,Conservative HZ,4.396851289146761,3.480259363885263,2.006594665427559,1.9024504992437075
2MASS J19370371+4447394 h,Aschwaden Prediction,486.1622298,1.2898599786744858,2MASS J19370371+4447394,9.885491525,6628.0,302.4853135,,K01271.01,3 banding 1,Not in HZ,4.396851289146761,3.480259363885263,2.006594665427559,1.9024504992437075
2MASS J19374656+4620095 b,Aschwaden Prediction,15.45910486,0.12238862110674817,2MASS J19374656+4620095,9.885491525,5947.0,302.4853135,,K06209.01,2 banding 1,Not in HZ,4.22098942042248,3.341720304222598,1.9030041335910561,1.80422170951073
2MASS J19374656+4620095 c,Aschwaden Prediction,11.594328645000001,0.10102958074675297,2MASS J19374656+4620095,9.885491525,5947.0,302.4853135,,K06209.01,3 banding 2,Not in HZ,4.22098942042248,3.341720304222598,1.9030041335910561,1.80422170951073
2MASS J19374656+4620095 d,Aschwaden Prediction,12.882587383333332,0.10838109749127478,2MASS J19374656+4620095,9.885491525,5947.0,302.4853135,,K06209.01,5 banding 3,Not in HZ,4.22098942042248,3.341720304222598,1.9030041335910561,1.80422170951073
2MASS J19374656+4620095 e,Aschwaden Prediction,9.6619405375,0.08946662476788632,2MASS J19374656+4620095,9.885491525,5947.0,302.4853135,,K06209.01,5 banding 4,Not in HZ,4.22098942042248,3.341720304222598,1.9030041335910561,1.80422170951073
2MASS J19374656+4620095 f,Aschwaden Prediction,10.306069906666666,0.09339999847157197,2MASS J19374656+4620095,9.885491525,5947.0,302.4853135,,K06209.01,4 banding 3,Not in HZ,4.22098942042248,3.341720304222598,1.9030041335910561,1.80422170951073
2MASS J19374656+4620095 g,Aschwaden Prediction,19.323881075,0.1420194142725869,2MASS J19374656+4620095,9.885491525,5947.0,302.4853135,,K06209.01,5 banding 2,Not in HZ,4.22098942042248,3.341720304222598,1.9030041335910561,1.80422170951073
2MASS J19374656+4620095 h,Aschwaden Prediction,23.188657290000002,0.1603744627573018,2MASS J19374656+4620095,9.885491525,5947.0,302.4853135,,K06209.01,3 banding 1,Not in HZ,4.22098942042248,3.341720304222598,1.9030041335910561,1.80422170951073
2MASS J19381389+4051018 b,Aschwaden Prediction,23.7349646,0.1784238782412256,2MASS J19381389+4051018,9.885491525,6266.0,302.4853135,,K06132.01,2 banding 1,Not in HZ,4.304219699083574,3.407282998183561,1.9533864373474517,1.8519934989242306
2MASS J19381389+4051018 c,Aschwaden Prediction,17.801223450000002,0.14728566635454,2MASS J19381389+4051018,9.885491525,6266.0,302.4853135,,K06132.01,3 banding 2,Not in HZ,4.304219699083574,3.407282998183561,1.9533864373474517,1.8519934989242306
2MASS J19381389+4051018 d,Aschwaden Prediction,19.77913716666667,0.15800305263319436,2MASS J19381389+4051018,9.885491525,6266.0,302.4853135,,K06132.01,5 banding 3,Not in HZ,4.304219699083574,3.407282998183561,1.9533864373474517,1.8519934989242306
2MASS J19381389+4051018 e,Aschwaden Prediction,14.834352875,0.1304286462245191,2MASS J19381389+4051018,9.885491525,6266.0,302.4853135,,K06132.01,5 banding 4,Not in HZ,4.304219699083574,3.407282998183561,1.9533864373474517,1.8519934989242306
2MASS J19381389+4051018 f,Aschwaden Prediction,15.823309733333334,0.136162903089555,2MASS J19381389+4051018,9.885491525,6266.0,302.4853135,,K06132.01,4 banding 3,Not in HZ,4.304219699083574,3.407282998183561,1.9533864373474517,1.8519934989242306
2MASS J19381389+4051018 g,Aschwaden Prediction,29.66870575,0.2070425702235897,2MASS J19381389+4051018,9.885491525,6266.0,302.4853135,,K06132.01,5 banding 2,Not in HZ,4.304219699083574,3.407282998183561,1.9533864373474517,1.8519934989242306
2MASS J19381389+4051018 h,Aschwaden Prediction,35.602446900000004,0.23380142171103402,2MASS J19381389+4051018,9.885491525,6266.0,302.4853135,,K06132.01,3 banding 1,Not in HZ,4.304219699083574,3.407282998183561,1.9533864373474517,1.8519934989242306
2MASS J19415954+3838402 b,Aschwaden Prediction,8.65417084,0.08349729533352729,2MASS J19415954+3838402,9.885491525,6444.0,302.4853135,,K03398.02,2 banding 1,Not in HZ,4.350372588173726,3.4436418333222205,1.9802354411139647,1.8774533737745949
2MASS J19415954+3838402 c,Aschwaden Prediction,6.490628130000001,0.06892549866769397,2MASS J19415954+3838402,9.885491525,6444.0,302.4853135,,K03398.02,3 banding 2,Not in HZ,4.350372588173726,3.4436418333222205,1.9802354411139647,1.8774533737745949
2MASS J19415954+3838402 d,Aschwaden Prediction,7.211809033333334,0.07394093032478669,2MASS J19415954+3838402,9.885491525,6444.0,302.4853135,,K03398.02,5 banding 3,Not in HZ,4.350372588173726,3.4436418333222205,1.9802354411139647,1.8774533737745949
2MASS J19415954+3838402 e,Aschwaden Prediction,5.408856775,0.06103689316200805,2MASS J19415954+3838402,9.885491525,6444.0,302.4853135,,K03398.02,5 banding 4,Not in HZ,4.350372588173726,3.4436418333222205,1.9802354411139647,1.8774533737745949
2MASS J19415954+3838402 f,Aschwaden Prediction,5.769447226666667,0.06372036212198036,2MASS J19415954+3838402,9.885491525,6444.0,302.4853135,,K03398.02,4 banding 3,Not in HZ,4.350372588173726,3.4436418333222205,1.9802354411139647,1.8774533737745949
2MASS J19415954+3838402 g,Aschwaden Prediction,10.81771355,0.09689002841424216,2MASS J19415954+3838402,9.885491525,6444.0,302.4853135,,K03398.02,5 banding 2,Not in HZ,4.350372588173726,3.4436418333222205,1.9802354411139647,1.8774533737745949
2MASS J19415954+3838402 h,Aschwaden Prediction,12.981256260000002,0.10941240909253015,2MASS J19415954+3838402,9.885491525,6444.0,302.4853135,,K03398.02,3 banding 1,Not in HZ,4.350372588173726,3.4436418333222205,1.9802354411139647,1.8774533737745949
2MASS J19420358+5112134 b,Aschwaden Prediction,24.920444,0.16207364740595315,2MASS J19420358+5112134,9.885491525,5861.0,302.4853135,,K04895.01,2 banding 1,Not in HZ,4.198855133151196,3.324285782344819,1.889110960053886,1.7910491773934996
2MASS J19420358+5112134 c,Aschwaden Prediction,18.690333,0.13378884817436415,2MASS J19420358+5112134,9.885491525,5861.0,302.4853135,,K04895.01,3 banding 2,Not in HZ,4.198855133151196,3.324285782344819,1.889110960053886,1.7910491773934996
2MASS J19420358+5112134 d,Aschwaden Prediction,20.767036666666666,0.143524125212181,2MASS J19420358+5112134,9.885491525,5861.0,302.4853135,,K04895.01,5 banding 3,Not in HZ,4.198855133151196,3.324285782344819,1.889110960053886,1.7910491773934996
2MASS J19420358+5112134 e,Aschwaden Prediction,15.5752775,0.11847655497796619,2MASS J19420358+5112134,9.885491525,5861.0,302.4853135,,K04895.01,5 banding 4,Not in HZ,4.198855133151196,3.324285782344819,1.889110960053886,1.7910491773934996
2MASS J19420358+5112134 f,Aschwaden Prediction,16.613629333333332,0.12368534168544096,2MASS J19420358+5112134,9.885491525,5861.0,302.4853135,,K04895.01,4 banding 3,Not in HZ,4.198855133151196,3.324285782344819,1.889110960053886,1.7910491773934996
2MASS J19420358+5112134 g,Aschwaden Prediction,31.150555,0.18806980800559173,2MASS J19420358+5112134,9.885491525,5861.0,302.4853135,,K04895.01,5 banding 2,Not in HZ,4.198855133151196,3.324285782344819,1.889110960053886,1.7910491773934996
2MASS J19420358+5112134 h,Aschwaden Prediction,37.380666,0.2123765583335994,2MASS J19420358+5112134,9.885491525,5861.0,302.4853135,,K04895.01,3 banding 1,Not in HZ,4.198855133151196,3.324285782344819,1.889110960053886,1.7910491773934996
2MASS J19433657+3955060 b,Aschwaden Prediction,9.55004002,0.07968753280880361,2MASS J19433657+3955060,9.885491525,5275.0,302.4853135,,K01884.01,2 banding 1,Not in HZ,4.058358644727568,3.2136349906017334,1.7941959356736725,1.7010659476676147
2MASS J19433657+3955060 c,Aschwaden Prediction,7.162530015000001,0.0657806089946433,2MASS J19433657+3955060,9.885491525,5275.0,302.4853135,,K01884.01,3 banding 2,Not in HZ,4.058358644727568,3.2136349906017334,1.7941959356736725,1.7010659476676147
2MASS J19433657+3955060 d,Aschwaden Prediction,7.958366683333334,0.07056719966357969,2MASS J19433657+3955060,9.885491525,5275.0,302.4853135,,K01884.01,5 banding 3,Not in HZ,4.058358644727568,3.2136349906017334,1.7941959356736725,1.7010659476676147
2MASS J19433657+3955060 e,Aschwaden Prediction,5.9687750125,0.05825193986184038,2MASS J19433657+3955060,9.885491525,5275.0,302.4853135,,K01884.01,5 banding 4,Not in HZ,4.058358644727568,3.2136349906017334,1.7941959356736725,1.7010659476676147
2MASS J19433657+3955060 f,Aschwaden Prediction,6.3666933466666675,0.06081296917344895,2MASS J19433657+3955060,9.885491525,5275.0,302.4853135,,K01884.01,4 banding 3,Not in HZ,4.058358644727568,3.2136349906017334,1.7941959356736725,1.7010659476676147
2MASS J19433657+3955060 g,Aschwaden Prediction,11.937550025,0.0924691906158737,2MASS J19433657+3955060,9.885491525,5275.0,302.4853135,,K01884.01,5 banding 2,Not in HZ,4.058358644727568,3.2136349906017334,1.7941959356736725,1.7010659476676147
2MASS J19433657+3955060 h,Aschwaden Prediction,14.325060030000001,0.10442020791720559,2MASS J19433657+3955060,9.885491525,5275.0,302.4853135,,K01884.01,3 banding 1,Not in HZ,4.058358644727568,3.2136349906017334,1.7941959356736725,1.7010659476676147
2MASS J19435254+3852018 b,Aschwaden Prediction,23.6373222,0.16572466982548004,2MASS J19435254+3852018,9.885491525,6148.0,302.4853135,,K04526.01,2 banding 1,Not in HZ,4.2733606911863555,3.382973708959498,1.9350224593825684,1.8345804978207936
2MASS J19435254+3852018 c,Aschwaden Prediction,17.72799165,0.1368027007777044,2MASS J19435254+3852018,9.885491525,6148.0,302.4853135,,K04526.01,3 banding 2,Not in HZ,4.2733606911863555,3.382973708959498,1.9350224593825684,1.8345804978207936
2MASS J19435254+3852018 d,Aschwaden Prediction,19.6977685,0.14675728376250438,2MASS J19435254+3852018,9.885491525,6148.0,302.4853135,,K04526.01,5 banding 3,Not in HZ,4.2733606911863555,3.382973708959498,1.9350224593825684,1.8345804978207936
2MASS J19435254+3852018 e,Aschwaden Prediction,14.773326375,0.12114546855729355,2MASS J19435254+3852018,9.885491525,6148.0,302.4853135,,K04526.01,5 banding 4,Not in HZ,4.2733606911863555,3.382973708959498,1.9350224593825684,1.8345804978207936
2MASS J19435254+3852018 f,Aschwaden Prediction,15.7582148,0.12647159326111693,2MASS J19435254+3852018,9.885491525,6148.0,302.4853135,,K04526.01,4 banding 3,Not in HZ,4.2733606911863555,3.382973708959498,1.9350224593825684,1.8345804978207936
2MASS J19435254+3852018 g,Aschwaden Prediction,29.54665275,0.19230644422902818,2MASS J19435254+3852018,9.885491525,6148.0,302.4853135,,K04526.01,5 banding 2,Not in HZ,4.2733606911863555,3.382973708959498,1.9350224593825684,1.8345804978207936
2MASS J19435254+3852018 h,Aschwaden Prediction,35.4559833,0.2171607511266188,2MASS J19435254+3852018,9.885491525,6148.0,302.4853135,,K04526.01,3 banding 1,Not in HZ,4.2733606911863555,3.382973708959498,1.9350224593825684,1.8345804978207936
2MASS J19475090+4815230 b,Aschwaden Prediction,19.09397998,0.1512793202525694,2MASS J19475090+4815230,9.885491525,6271.0,302.4853135,,K04149.01,2 banding 1,Not in HZ,4.305524986930458,3.4083112640246895,1.9541556472168538,1.8527228897004389
2MASS J19475090+4815230 c,Aschwaden Prediction,14.320484985,0.1248783274340539,2MASS J19475090+4815230,9.885491525,6271.0,302.4853135,,K04149.01,3 banding 2,Not in HZ,4.305524986930458,3.4083112640246895,1.9541556472168538,1.8527228897004389
2MASS J19475090+4815230 d,Aschwaden Prediction,15.911649983333334,0.1339652216720945,2MASS J19475090+4815230,9.885491525,6271.0,302.4853135,,K04149.01,5 banding 3,Not in HZ,4.305524986930458,3.4083112640246895,1.9541556472168538,1.8527228897004389
2MASS J19475090+4815230 e,Aschwaden Prediction,11.9337374875,0.11058585396082446,2MASS J19475090+4815230,9.885491525,6271.0,302.4853135,,K04149.01,5 banding 4,Not in HZ,4.305524986930458,3.4083112640246895,1.9541556472168538,1.8527228897004389
2MASS J19475090+4815230 f,Aschwaden Prediction,12.729319986666667,0.1154477283312686,2MASS J19475090+4815230,9.885491525,6271.0,302.4853135,,K04149.01,4 banding 3,Not in HZ,4.305524986930458,3.4083112640246895,1.9541556472168538,1.8527228897004389
2MASS J19475090+4815230 g,Aschwaden Prediction,23.867474975,0.1755441009102144,2MASS J19475090+4815230,9.885491525,6271.0,302.4853135,,K04149.01,5 banding 2,Not in HZ,4.305524986930458,3.4083112640246895,1.9541556472168538,1.8527228897004389
2MASS J19475090+4815230 h,Aschwaden Prediction,28.64096997,0.19823198833684644,2MASS J19475090+4815230,9.885491525,6271.0,302.4853135,,K04149.01,3 banding 1,Not in HZ,4.305524986930458,3.4083112640246895,1.9541556472168538,1.8527228897004389
2MASS J19493448+3949445 b,Aschwaden Prediction,12.1920026,0.10524468974549162,2MASS J19493448+3949445,9.885491525,6234.0,302.4853135,,K02971.01,2 banding 1,Not in HZ,4.29585924408929,3.4006969272804954,1.948445344553671,1.8473082160035685
2MASS J19493448+3949445 c,Aschwaden Prediction,9.14400195,0.08687757721802492,2MASS J19493448+3949445,9.885491525,6234.0,302.4853135,,K02971.01,3 banding 2,Not in HZ,4.29585924408929,3.4006969272804954,1.948445344553671,1.8473082160035685
2MASS J19493448+3949445 d,Aschwaden Prediction,10.160002166666667,0.09319930951584328,2MASS J19493448+3949445,9.885491525,6234.0,302.4853135,,K02971.01,5 banding 3,Not in HZ,4.29585924408929,3.4006969272804954,1.948445344553671,1.8473082160035685
2MASS J19493448+3949445 e,Aschwaden Prediction,7.6200016250000004,0.07693433491713181,2MASS J19493448+3949445,9.885491525,6234.0,302.4853135,,K02971.01,5 banding 4,Not in HZ,4.29585924408929,3.4006969272804954,1.948445344553671,1.8473082160035685
2MASS J19493448+3949445 f,Aschwaden Prediction,8.128001733333333,0.08031673020318057,2MASS J19493448+3949445,9.885491525,6234.0,302.4853135,,K02971.01,4 banding 3,Not in HZ,4.29585924408929,3.4006969272804954,1.948445344553671,1.8473082160035685
2MASS J19493448+3949445 g,Aschwaden Prediction,15.240003250000001,0.1221256441799288,2MASS J19493448+3949445,9.885491525,6234.0,302.4853135,,K02971.01,5 banding 2,Not in HZ,4.29585924408929,3.4006969272804954,1.948445344553671,1.8473082160035685
2MASS J19493448+3949445 h,Aschwaden Prediction,18.2880039,0.13790955746834124,2MASS J19493448+3949445,9.885491525,6234.0,302.4853135,,K02971.01,3 banding 1,Not in HZ,4.29585924408929,3.4006969272804954,1.948445344553671,1.8473082160035685
2MASS J19494301+4033428 b,Aschwaden Prediction,5.27195798,0.05000313313699828,2MASS J19494301+4033428,9.885491525,3842.0,302.4853135,,K03444.01,2 banding 1,Not in HZ,3.85131653677774,3.0506615913429735,1.5975194569951623,1.5146738176112566
2MASS J19494301+4033428 c,Aschwaden Prediction,3.953968485,0.04127667695879012,2MASS J19494301+4033428,9.885491525,3842.0,302.4853135,,K03444.01,3 banding 2,Not in HZ,3.85131653677774,3.0506615913429735,1.5975194569951623,1.5146738176112566
2MASS J19494301+4033428 d,Aschwaden Prediction,4.393298316666667,0.04428021492834183,2MASS J19494301+4033428,9.885491525,3842.0,302.4853135,,K03444.01,5 banding 3,Not in HZ,3.85131653677774,3.0506615913429735,1.5975194569951623,1.5146738176112566
2MASS J19494301+4033428 e,Aschwaden Prediction,3.2949737375,0.036552512064700636,2MASS J19494301+4033428,9.885491525,3842.0,302.4853135,,K03444.01,5 banding 4,Not in HZ,3.85131653677774,3.0506615913429735,1.5975194569951623,1.5146738176112566
2MASS J19494301+4033428 f,Aschwaden Prediction,3.5146386533333334,0.03815953244947494,2MASS J19494301+4033428,9.885491525,3842.0,302.4853135,,K03444.01,4 banding 3,Not in HZ,3.85131653677774,3.0506615913429735,1.5975194569951623,1.5146738176112566
2MASS J19494301+4033428 g,Aschwaden Prediction,6.589947475,0.058023496103586085,2MASS J19494301+4033428,9.885491525,3842.0,302.4853135,,K03444.01,5 banding 2,Not in HZ,3.85131653677774,3.0506615913429735,1.5975194569951623,1.5146738176112566
2MASS J19494301+4033428 h,Aschwaden Prediction,7.90793697,0.06552264042613498,2MASS J19494301+4033428,9.885491525,3842.0,302.4853135,,K03444.01,3 banding 1,Not in HZ,3.85131653677774,3.0506615913429735,1.5975194569951623,1.5146738176112566
2MASS J19494301+4033428 i,Aschwaden Prediction,25.34280786,0.14270735457194111,2MASS J19494301+4033428,9.885491525,3842.0,302.4853135,,K03444.02,2 banding 1,Not in HZ,3.85131653677774,3.0506615913429735,1.5975194569951623,1.5146738176112566
2MASS J19494301+4033428 j,Aschwaden Prediction,19.007105895000002,0.1178023256696899,2MASS J19494301+4033428,9.885491525,3842.0,302.4853135,,K03444.02,3 banding 2,Not in HZ,3.85131653677774,3.0506615913429735,1.5975194569951623,1.5146738176112566
2MASS J19494301+4033428 k,Aschwaden Prediction,21.119006549999998,0.12637432768437876,2MASS J19494301+4033428,9.885491525,3842.0,302.4853135,,K03444.02,5 banding 3,Not in HZ,3.85131653677774,3.0506615913429735,1.5975194569951623,1.5146738176112566
2MASS J19494301+4033428 l,Aschwaden Prediction,15.8392549125,0.10431970903544721,2MASS J19494301+4033428,9.885491525,3842.0,302.4853135,,K03444.02,5 banding 4,Not in HZ,3.85131653677774,3.0506615913429735,1.5975194569951623,1.5146738176112566
2MASS J19494301+4033428 m,Aschwaden Prediction,16.89520524,0.1089060941970729,2MASS J19494301+4033428,9.885491525,3842.0,302.4853135,,K03444.02,4 banding 3,Not in HZ,3.85131653677774,3.0506615913429735,1.5975194569951623,1.5146738176112566
2MASS J19494301+4033428 n,Aschwaden Prediction,31.678509825,0.16559721586388534,2MASS J19494301+4033428,9.885491525,3842.0,302.4853135,,K03444.02,5 banding 2,Not in HZ,3.85131653677774,3.0506615913429735,1.5975194569951623,1.5146738176112566
2MASS J19494301+4033428 o,Aschwaden Prediction,38.014211790000004,0.18699953569236616,2MASS J19494301+4033428,9.885491525,3842.0,302.4853135,,K03444.02,3 banding 1,Not in HZ,3.85131653677774,3.0506615913429735,1.5975194569951623,1.5146738176112566
2MASS J19494301+4033428 p,Aschwaden Prediction,28.30040654,0.15350168172532486,2MASS J19494301+4033428,9.885491525,3842.0,302.4853135,,K03444.03,2 banding 1,Not in HZ,3.85131653677774,3.0506615913429735,1.5975194569951623,1.5146738176112566
2MASS J19494301+4033428 q,Aschwaden Prediction,21.225304905,0.12671284641000014,2MASS J19494301+4033428,9.885491525,3842.0,302.4853135,,K03444.03,3 banding 2,Not in HZ,3.85131653677774,3.0506615913429735,1.5975194569951623,1.5146738176112566
2MASS J19494301+4033428 r,Aschwaden Prediction,23.583672116666666,0.13593323122446524,2MASS J19494301+4033428,9.885491525,3842.0,302.4853135,,K03444.03,5 banding 3,Not in HZ,3.85131653677774,3.0506615913429735,1.5975194569951623,1.5146738176112566
2MASS J19494301+4033428 s,Aschwaden Prediction,17.6877540875,0.11221041005258893,2MASS J19494301+4033428,9.885491525,3842.0,302.4853135,,K03444.03,5 banding 4,Not in HZ,3.85131653677774,3.0506615913429735,1.5975194569951623,1.5146738176112566
2MASS J19494301+4033428 t,Aschwaden Prediction,18.866937693333334,0.11714370755124526,2MASS J19494301+4033428,9.885491525,3842.0,302.4853135,,K03444.03,4 banding 3,Not in HZ,3.85131653677774,3.0506615913429735,1.5975194569951623,1.5146738176112566
2MASS J19494301+4033428 u,Aschwaden Prediction,35.375508175,0.17812292295926266,2MASS J19494301+4033428,9.885491525,3842.0,302.4853135,,K03444.03,5 banding 2,Not in HZ,3.85131653677774,3.0506615913429735,1.5975194569951623,1.5146738176112566
2MASS J19494301+4033428 v,Aschwaden Prediction,42.45060981,0.2011441056891191,2MASS J19494301+4033428,9.885491525,3842.0,302.4853135,,K03444.03,3 banding 1,Not in HZ,3.85131653677774,3.0506615913429735,1.5975194569951623,1.5146738176112566
2MASS J19495481+4648567 b,Aschwaden Prediction,35.9117768,0.20763205759744047,2MASS J19495481+4648567,9.885491525,5896.0,302.4853135,,K03401.01,2 banding 1,Not in HZ,4.20783496464765,3.331358863461527,1.8947752414648535,1.7964196126742538
2MASS J19495481+4648567 c,Aschwaden Prediction,26.9338326,0.17139648718126183,2MASS J19495481+4648567,9.885491525,5896.0,302.4853135,,K03401.01,3 banding 2,Not in HZ,4.20783496464765,3.331358863461527,1.8947752414648535,1.7964196126742538
2MASS J19495481+4648567 d,Aschwaden Prediction,29.926480666666663,0.18386832103578132,2MASS J19495481+4648567,9.885491525,5896.0,302.4853135,,K03401.01,5 banding 3,Not in HZ,4.20783496464765,3.331358863461527,1.8947752414648535,1.7964196126742538
2MASS J19495481+4648567 e,Aschwaden Prediction,22.444860499999997,0.1517799548591379,2MASS J19495481+4648567,9.885491525,5896.0,302.4853135,,K03401.01,5 banding 4,Not in HZ,4.20783496464765,3.331358863461527,1.8947752414648535,1.7964196126742538
2MASS J19495481+4648567 f,Aschwaden Prediction,23.94118453333333,0.15845291569496256,2MASS J19495481+4648567,9.885491525,5896.0,302.4853135,,K03401.01,4 banding 3,Not in HZ,4.20783496464765,3.331358863461527,1.8947752414648535,1.7964196126742538
2MASS J19495481+4648567 g,Aschwaden Prediction,44.889720999999994,0.24093566001108127,2MASS J19495481+4648567,9.885491525,5896.0,302.4853135,,K03401.01,5 banding 2,Not in HZ,4.20783496464765,3.331358863461527,1.8947752414648535,1.7964196126742538
2MASS J19495481+4648567 h,Aschwaden Prediction,53.8676652,0.27207496405518905,2MASS J19495481+4648567,9.885491525,5896.0,302.4853135,,K03401.01,3 banding 1,Not in HZ,4.20783496464765,3.331358863461527,1.8947752414648535,1.7964196126742538
2MASS J19504847+4649239 b,Aschwaden Prediction,24.8654472,0.1673120708774482,2MASS J19504847+4649239,9.885491525,5896.0,302.4853135,,K03462.01,2 banding 1,Not in HZ,4.20783496464765,3.331358863461527,1.8947752414648535,1.7964196126742538
2MASS J19504847+4649239 c,Aschwaden Prediction,18.649085399999997,0.13811307147480884,2MASS J19504847+4649239,9.885491525,5896.0,302.4853135,,K03462.01,3 banding 2,Not in HZ,4.20783496464765,3.331358863461527,1.8947752414648535,1.7964196126742538
2MASS J19504847+4649239 d,Aschwaden Prediction,20.721206,0.1481630048713406,2MASS J19504847+4649239,9.885491525,5896.0,302.4853135,,K03462.01,5 banding 3,Not in HZ,4.20783496464765,3.331358863461527,1.8947752414648535,1.7964196126742538
2MASS J19504847+4649239 e,Aschwaden Prediction,15.5409045,0.12230586576569673,2MASS J19504847+4649239,9.885491525,5896.0,302.4853135,,K03462.01,5 banding 4,Not in HZ,4.20783496464765,3.331358863461527,1.8947752414648535,1.7964196126742538
2MASS J19504847+4649239 f,Aschwaden Prediction,16.5769648,0.12768300698967167,2MASS J19504847+4649239,9.885491525,5896.0,302.4853135,,K03462.01,4 banding 3,Not in HZ,4.20783496464765,3.331358863461527,1.8947752414648535,1.7964196126742538
2MASS J19504847+4649239 g,Aschwaden Prediction,31.081809,0.19414845997834834,2MASS J19504847+4649239,9.885491525,5896.0,302.4853135,,K03462.01,5 banding 2,Not in HZ,4.20783496464765,3.331358863461527,1.8947752414648535,1.7964196126742538
2MASS J19504847+4649239 h,Aschwaden Prediction,37.298170799999994,0.21924083494967064,2MASS J19504847+4649239,9.885491525,5896.0,302.4853135,,K03462.01,3 banding 1,Not in HZ,4.20783496464765,3.331358863461527,1.8947752414648535,1.7964196126742538
2MASS J19505382+4331387 b,Aschwaden Prediction,1.681182364,0.02555715693668801,2MASS J19505382+4331387,9.885491525,5440.0,302.4853135,,K01499.02,2 banding 1,Not in HZ,4.095554480038416,3.2429266911101187,1.8206928787291703,1.7261845834421385
2MASS J19505382+4331387 c,Aschwaden Prediction,1.2608867730000002,0.02109696822338162,2MASS J19505382+4331387,9.885491525,5440.0,302.4853135,,K01499.02,3 banding 2,Not in HZ,4.095554480038416,3.2429266911101187,1.8206928787291703,1.7261845834421385
2MASS J19505382+4331387 d,Aschwaden Prediction,1.4009853033333333,0.022632109852263604,2MASS J19505382+4331387,9.885491525,5440.0,302.4853135,,K01499.02,5 banding 3,Not in HZ,4.095554480038416,3.2429266911101187,1.8206928787291703,1.7261845834421385
2MASS J19505382+4331387 e,Aschwaden Prediction,1.0507389775,0.018682395055291436,2MASS J19505382+4331387,9.885491525,5440.0,302.4853135,,K01499.02,5 banding 4,Not in HZ,4.095554480038416,3.2429266911101187,1.8206928787291703,1.7261845834421385
2MASS J19505382+4331387 f,Aschwaden Prediction,1.1207882426666667,0.019503761029731632,2MASS J19505382+4331387,9.885491525,5440.0,302.4853135,,K01499.02,4 banding 3,Not in HZ,4.095554480038416,3.2429266911101187,1.8206928787291703,1.7261845834421385
2MASS J19505382+4331387 g,Aschwaden Prediction,2.101477955,0.02965645356405511,2MASS J19505382+4331387,9.885491525,5440.0,302.4853135,,K01499.02,5 banding 2,Not in HZ,4.095554480038416,3.2429266911101187,1.8206928787291703,1.7261845834421385
2MASS J19505382+4331387 h,Aschwaden Prediction,2.5217735460000004,0.03348934955113565,2MASS J19505382+4331387,9.885491525,5440.0,302.4853135,,K01499.02,3 banding 1,Not in HZ,4.095554480038416,3.2429266911101187,1.8206928787291703,1.7261845834421385
2MASS J19514768+4515181 b,Aschwaden Prediction,8.5851548,0.0836560354387241,2MASS J19514768+4515181,9.885491525,6032.0,302.4853135,,K04782.01,2 banding 1,Not in HZ,4.243059871841803,3.359105079154103,1.916636540985573,1.81714731814891
2MASS J19514768+4515181 c,Aschwaden Prediction,6.4388661,0.06905653573740442,2MASS J19514768+4515181,9.885491525,6032.0,302.4853135,,K04782.01,3 banding 2,Not in HZ,4.243059871841803,3.359105079154103,1.916636540985573,1.81714731814891
2MASS J19514768+4515181 d,Aschwaden Prediction,7.154295666666666,0.0740815024356703,2MASS J19514768+4515181,9.885491525,6032.0,302.4853135,,K04782.01,5 banding 3,Not in HZ,4.243059871841803,3.359105079154103,1.916636540985573,1.81714731814891
2MASS J19514768+4515181 e,Aschwaden Prediction,5.36572175,0.061152932882848364,2MASS J19514768+4515181,9.885491525,6032.0,302.4853135,,K04782.01,5 banding 4,Not in HZ,4.243059871841803,3.359105079154103,1.916636540985573,1.81714731814891
2MASS J19514768+4515181 f,Aschwaden Prediction,5.7234365333333335,0.06384150349483585,2MASS J19514768+4515181,9.885491525,6032.0,302.4853135,,K04782.01,4 banding 3,Not in HZ,4.243059871841803,3.359105079154103,1.916636540985573,1.81714731814891
2MASS J19514768+4515181 g,Aschwaden Prediction,10.7314435,0.09707422998917417,2MASS J19514768+4515181,9.885491525,6032.0,302.4853135,,K04782.01,5 banding 2,Not in HZ,4.243059871841803,3.359105079154103,1.916636540985573,1.81714731814891
2MASS J19514768+4515181 h,Aschwaden Prediction,12.8777322,0.10962041747483534,2MASS J19514768+4515181,9.885491525,6032.0,302.4853135,,K04782.01,3 banding 1,Not in HZ,4.243059871841803,3.359105079154103,1.916636540985573,1.81714731814891
2MASS J19532486+4149122 b,Aschwaden Prediction,7.3586929,0.06825824523463257,2MASS J19532486+4149122,9.885491525,5676.0,302.4853135,,K02840.01,2 banding 1,Not in HZ,4.1522320052991235,3.2875639751875787,1.8590338853405635,1.7625332946421983
2MASS J19532486+4149122 c,Aschwaden Prediction,5.519019675,0.05634593997549127,2MASS J19532486+4149122,9.885491525,5676.0,302.4853135,,K02840.01,3 banding 2,Not in HZ,4.1522320052991235,3.2875639751875787,1.8590338853405635,1.7625332946421983
2MASS J19532486+4149122 d,Aschwaden Prediction,6.132244083333333,0.06044600767995869,2MASS J19532486+4149122,9.885491525,5676.0,302.4853135,,K02840.01,5 banding 3,Not in HZ,4.1522320052991235,3.2875639751875787,1.8590338853405635,1.7625332946421983
2MASS J19532486+4149122 e,Aschwaden Prediction,4.5991830625,0.049897079961337375,2MASS J19532486+4149122,9.885491525,5676.0,302.4853135,,K02840.01,5 banding 4,Not in HZ,4.1522320052991235,3.2875639751875787,1.8590338853405635,1.7625332946421983
2MASS J19532486+4149122 f,Aschwaden Prediction,4.905795266666667,0.052090790327854665,2MASS J19532486+4149122,9.885491525,5676.0,302.4853135,,K02840.01,4 banding 3,Not in HZ,4.1522320052991235,3.2875639751875787,1.8590338853405635,1.7625332946421983
2MASS J19532486+4149122 g,Aschwaden Prediction,9.198366125,0.0792066772207683,2MASS J19532486+4149122,9.885491525,5676.0,302.4853135,,K02840.01,5 banding 2,Not in HZ,4.1522320052991235,3.2875639751875787,1.8590338853405635,1.7625332946421983
2MASS J19532486+4149122 h,Aschwaden Prediction,11.03803935,0.08944360439123186,2MASS J19532486+4149122,9.885491525,5676.0,302.4853135,,K02840.01,3 banding 1,Not in HZ,4.1522320052991235,3.2875639751875787,1.8590338853405635,1.7625332946421983
2MASS J19534063+4504172 b,Aschwaden Prediction,4.54098176,0.04365352892912548,2MASS J19534063+4504172,9.885491525,4671.0,302.4853135,,K02421.01,2 banding 1,Not in HZ,3.944277859282995,3.1238128386365562,1.7023588042400073,1.6140167352375199
2MASS J19534063+4504172 c,Aschwaden Prediction,3.40573632,0.03603519417037233,2MASS J19534063+4504172,9.885491525,4671.0,302.4853135,,K02421.01,3 banding 2,Not in HZ,3.944277859282995,3.1238128386365562,1.7023588042400073,1.6140167352375199
2MASS J19534063+4504172 d,Aschwaden Prediction,3.784151466666667,0.03865733049299684,2MASS J19534063+4504172,9.885491525,4671.0,302.4853135,,K02421.01,5 banding 3,Not in HZ,3.944277859282995,3.1238128386365562,1.7023588042400073,1.6140167352375199
2MASS J19534063+4504172 e,Aschwaden Prediction,2.8381136000000002,0.03191092323108786,2MASS J19534063+4504172,9.885491525,4671.0,302.4853135,,K02421.01,5 banding 4,Not in HZ,3.944277859282995,3.1238128386365562,1.7023588042400073,1.6140167352375199
2MASS J19534063+4504172 f,Aschwaden Prediction,3.0273211733333336,0.0333138775352559,2MASS J19534063+4504172,9.885491525,4671.0,302.4853135,,K02421.01,4 banding 3,Not in HZ,3.944277859282995,3.1238128386365562,1.7023588042400073,1.6140167352375199
2MASS J19534063+4504172 g,Aschwaden Prediction,5.6762272000000005,0.05065543310630531,2MASS J19534063+4504172,9.885491525,4671.0,302.4853135,,K02421.01,5 banding 2,Not in HZ,3.944277859282995,3.1238128386365562,1.7023588042400073,1.6140167352375199
2MASS J19534063+4504172 h,Aschwaden Prediction,6.81147264,0.057202305133927364,2MASS J19534063+4504172,9.885491525,4671.0,302.4853135,,K02421.01,3 banding 1,Not in HZ,3.944277859282995,3.1238128386365562,1.7023588042400073,1.6140167352375199
2MASS J19541844+4437178 b,Aschwaden Prediction,8.65699072,0.08778327817384143,2MASS J19541844+4437178,9.885491525,6070.0,302.4853135,,K03111.01,2 banding 1,Not in HZ,4.252970205170642,3.366911564060512,1.9226905434636528,1.822887542108404
2MASS J19541844+4437178 c,Aschwaden Prediction,6.49274304,0.07246349954987599,2MASS J19541844+4437178,9.885491525,6070.0,302.4853135,,K03111.01,3 banding 2,Not in HZ,4.252970205170642,3.366911564060512,1.9226905434636528,1.822887542108404
2MASS J19541844+4437178 d,Aschwaden Prediction,7.214158933333333,0.07773637731864455,2MASS J19541844+4437178,9.885491525,6070.0,302.4853135,,K03111.01,5 banding 3,Not in HZ,4.252970205170642,3.366911564060512,1.9226905434636528,1.822887542108404
2MASS J19541844+4437178 e,Aschwaden Prediction,5.410619199999999,0.06416996562469668,2MASS J19541844+4437178,9.885491525,6070.0,302.4853135,,K03111.01,5 banding 4,Not in HZ,4.252970205170642,3.366911564060512,1.9226905434636528,1.822887542108404
2MASS J19541844+4437178 f,Aschwaden Prediction,5.771327146666667,0.06699117918907822,2MASS J19541844+4437178,9.885491525,6070.0,302.4853135,,K03111.01,4 banding 3,Not in HZ,4.252970205170642,3.366911564060512,1.9226905434636528,1.822887542108404
2MASS J19541844+4437178 g,Aschwaden Prediction,10.821238399999999,0.10186347093740669,2MASS J19541844+4437178,9.885491525,6070.0,302.4853135,,K03111.01,5 banding 2,Not in HZ,4.252970205170642,3.366911564060512,1.9226905434636528,1.822887542108404
2MASS J19541844+4437178 h,Aschwaden Prediction,12.98548608,0.1150286354147703,2MASS J19541844+4437178,9.885491525,6070.0,302.4853135,,K03111.01,3 banding 1,Not in HZ,4.252970205170642,3.366911564060512,1.9226905434636528,1.822887542108404
2MASS J19550200+4109355 b,Aschwaden Prediction,12.69456858,0.10175240743116158,2MASS J19550200+4109355,9.885491525,5472.0,302.4853135,,K03029.01,2 banding 1,Not in HZ,4.1030170705059605,3.248803724160226,1.8258703717201825,1.7310928976663793
2MASS J19550200+4109355 c,Aschwaden Prediction,9.520926435,0.08399476168439514,2MASS J19550200+4109355,9.885491525,5472.0,302.4853135,,K03029.01,3 banding 2,Not in HZ,4.1030170705059605,3.248803724160226,1.8258703717201825,1.7310928976663793
2MASS J19550200+4109355 d,Aschwaden Prediction,10.578807150000001,0.09010672307640355,2MASS J19550200+4109355,9.885491525,5472.0,302.4853135,,K03029.01,5 banding 3,Not in HZ,4.1030170705059605,3.248803724160226,1.8258703717201825,1.7310928976663793
2MASS J19550200+4109355 e,Aschwaden Prediction,7.9341053625,0.0743814610586448,2MASS J19550200+4109355,9.885491525,5472.0,302.4853135,,K03029.01,5 banding 4,Not in HZ,4.1030170705059605,3.248803724160226,1.8258703717201825,1.7310928976663793
2MASS J19550200+4109355 f,Aschwaden Prediction,8.46304572,0.0776516200003601,2MASS J19550200+4109355,9.885491525,5472.0,302.4853135,,K03029.01,4 banding 3,Not in HZ,4.1030170705059605,3.248803724160226,1.8258703717201825,1.7310928976663793
2MASS J19550200+4109355 g,Aschwaden Prediction,15.868210725,0.11807320953142439,2MASS J19550200+4109355,9.885491525,5472.0,302.4853135,,K03029.01,5 banding 2,Not in HZ,4.1030170705059605,3.248803724160226,1.8258703717201825,1.7310928976663793
2MASS J19550200+4109355 h,Aschwaden Prediction,19.04185287,0.13333337305762707,2MASS J19550200+4109355,9.885491525,5472.0,302.4853135,,K03029.01,3 banding 1,Not in HZ,4.1030170705059605,3.248803724160226,1.8258703717201825,1.7310928976663793
2MASS J20011977+4459100 b,Aschwaden Prediction,19.261906,0.14365979520312203,2MASS J20011977+4459100,9.885491525,6432.0,302.4853135,,K03741.02,2 banding 1,Not in HZ,4.34728880788729,3.4412123953281375,1.9784631570989102,1.8757727355321243
2MASS J20011977+4459100 c,Aschwaden Prediction,14.4464295,0.11858854808795256,2MASS J20011977+4459100,9.885491525,6432.0,302.4853135,,K03741.02,3 banding 2,Not in HZ,4.34728880788729,3.4412123953281375,1.9784631570989102,1.8757727355321243
2MASS J20011977+4459100 d,Aschwaden Prediction,16.05158833333333,0.1272177603496805,2MASS J20011977+4459100,9.885491525,6432.0,302.4853135,,K03741.02,5 banding 3,Not in HZ,4.34728880788729,3.4412123953281375,1.9784631570989102,1.8757727355321243
2MASS J20011977+4459100 e,Aschwaden Prediction,12.03869125,0.10501594736048912,2MASS J20011977+4459100,9.885491525,6432.0,302.4853135,,K03741.02,5 banding 4,Not in HZ,4.34728880788729,3.4412123953281375,1.9784631570989102,1.8757727355321243
2MASS J20011977+4459100 f,Aschwaden Prediction,12.841270666666667,0.10963294243420575,2MASS J20011977+4459100,9.885491525,6432.0,302.4853135,,K03741.02,4 banding 3,Not in HZ,4.34728880788729,3.4412123953281375,1.9784631570989102,1.8757727355321243
2MASS J20011977+4459100 g,Aschwaden Prediction,24.0773825,0.16670242531347748,2MASS J20011977+4459100,9.885491525,6432.0,302.4853135,,K03741.02,5 banding 2,Not in HZ,4.34728880788729,3.4412123953281375,1.9784631570989102,1.8757727355321243
2MASS J20011977+4459100 h,Aschwaden Prediction,28.892859,0.1882475859861973,2MASS J20011977+4459100,9.885491525,6432.0,302.4853135,,K03741.02,3 banding 1,Not in HZ,4.34728880788729,3.4412123953281375,1.9784631570989102,1.8757727355321243
2MASS J20033659+4436453 b,Aschwaden Prediction,38.4802828,0.20366355496751998,2MASS J20033659+4436453,9.885491525,5243.0,302.4853135,,K06182.01,2 banding 1,Not in HZ,4.0514111719625285,3.2081641007920427,1.789105618664965,1.6962405600770623
2MASS J20033659+4436453 c,Aschwaden Prediction,28.8602121,0.1681205604385007,2MASS J20033659+4436453,9.885491525,5243.0,302.4853135,,K06182.01,3 banding 2,Not in HZ,4.0514111719625285,3.2081641007920427,1.789105618664965,1.6962405600770623
2MASS J20033659+4436453 d,Aschwaden Prediction,32.06690233333333,0.1803540182636907,2MASS J20033659+4436453,9.885491525,5243.0,302.4853135,,K06182.01,5 banding 3,Not in HZ,4.0514111719625285,3.2081641007920427,1.789105618664965,1.6962405600770623
2MASS J20033659+4436453 e,Aschwaden Prediction,24.05017675,0.1488789618381299,2MASS J20033659+4436453,9.885491525,5243.0,302.4853135,,K06182.01,5 banding 4,Not in HZ,4.0514111719625285,3.2081641007920427,1.789105618664965,1.6962405600770623
2MASS J20033659+4436453 f,Aschwaden Prediction,25.653521866666665,0.15542438137357567,2MASS J20033659+4436453,9.885491525,5243.0,302.4853135,,K06182.01,4 banding 3,Not in HZ,4.0514111719625285,3.2081641007920427,1.789105618664965,1.6962405600770623
2MASS J20033659+4436453 g,Aschwaden Prediction,48.1003535,0.2363306206377808,2MASS J20033659+4436453,9.885491525,5243.0,302.4853135,,K06182.01,5 banding 2,Not in HZ,4.0514111719625285,3.2081641007920427,1.789105618664965,1.6962405600770623
2MASS J20033659+4436453 h,Aschwaden Prediction,57.7204242,0.26687475449755926,2MASS J20033659+4436453,9.885491525,5243.0,302.4853135,,K06182.01,3 banding 1,Not in HZ,4.0514111719625285,3.2081641007920427,1.789105618664965,1.6962405600770623
2MASS J20061507+4414254 b,Aschwaden Prediction,9.345081,0.08714831775305414,2MASS J20061507+4414254,9.885491525,6146.0,302.4853135,,K04567.01,2 banding 1,Not in HZ,4.272837399957583,3.382561492767005,1.9347080058728676,1.8342823338227419
2MASS J20061507+4414254 c,Aschwaden Prediction,7.00881075,0.07193935127103421,2MASS J20061507+4414254,9.885491525,6146.0,302.4853135,,K04567.01,3 banding 2,Not in HZ,4.272837399957583,3.382561492767005,1.9347080058728676,1.8342823338227419
2MASS J20061507+4414254 d,Aschwaden Prediction,7.787567500000001,0.07717408887511006,2MASS J20061507+4414254,9.885491525,6146.0,302.4853135,,K04567.01,5 banding 3,Not in HZ,4.272837399957583,3.382561492767005,1.9347080058728676,1.8342823338227419
2MASS J20061507+4414254 e,Aschwaden Prediction,5.840675625,0.0637058067413354,2MASS J20061507+4414254,9.885491525,6146.0,302.4853135,,K04567.01,5 banding 4,Not in HZ,4.272837399957583,3.382561492767005,1.9347080058728676,1.8342823338227419
2MASS J20061507+4414254 f,Aschwaden Prediction,6.230054,0.0665066136976563,2MASS J20061507+4414254,9.885491525,6146.0,302.4853135,,K04567.01,4 banding 3,Not in HZ,4.272837399957583,3.382561492767005,1.9347080058728676,1.8342823338227419
2MASS J20061507+4414254 g,Aschwaden Prediction,11.68135125,0.1011266646376786,2MASS J20061507+4414254,9.885491525,6146.0,302.4853135,,K04567.01,5 banding 2,Not in HZ,4.272837399957583,3.382561492767005,1.9347080058728676,1.8342823338227419
2MASS J20061507+4414254 h,Aschwaden Prediction,14.0176215,0.11419660188554953,2MASS J20061507+4414254,9.885491525,6146.0,302.4853135,,K04567.01,3 banding 1,Not in HZ,4.272837399957583,3.382561492767005,1.9347080058728676,1.8342823338227419
82 Eri i,Aschwaden Prediction,23.72,0.15080309993697893,82 Eri,4.26,5490.0,6.06,,82 Eri f,2 banding 1,Not in HZ,2.696227741594996,2.134884146477202,1.20051823924404,1.1382014663792488
82 Eri j,Aschwaden Prediction,17.79,0.12448521622492258,82 Eri,4.26,5490.0,6.06,,82 Eri f,3 banding 2,Not in HZ,2.696227741594996,2.134884146477202,1.20051823924404,1.1382014663792488
82 Eri k,Aschwaden Prediction,19.766666666666666,0.13354350533944362,82 Eri,4.26,5490.0,6.06,,82 Eri f,5 banding 3,Not in HZ,2.696227741594996,2.134884146477202,1.20051823924404,1.1382014663792488
82 Eri l,Aschwaden Prediction,14.825,0.11023773479830351,82 Eri,4.26,5490.0,6.06,,82 Eri f,5 banding 4,Not in HZ,2.696227741594996,2.134884146477202,1.20051823924404,1.1382014663792488
82 Eri m,Aschwaden Prediction,15.813333333333333,0.11508430421270217,82 Eri,4.26,5490.0,6.06,,82 Eri f,4 banding 3,Not in HZ,2.696227741594996,2.134884146477202,1.20051823924404,1.1382014663792488
82 Eri n,Aschwaden Prediction,29.65,0.17499149618541834,82 Eri,4.26,5490.0,6.06,,82 Eri f,5 banding 2,Not in HZ,2.696227741594996,2.134884146477202,1.20051823924404,1.1382014663792488
82 Eri o,Aschwaden Prediction,35.58,0.1976079631899309,82 Eri,4.26,5490.0,6.06,,82 Eri f,3 banding 1,Not in HZ,2.696227741594996,2.134884146477202,1.20051823924404,1.1382014663792488
82 Eri p,Aschwaden Prediction,662.82,1.3889759204721743,82 Eri,4.26,5490.0,6.06,,82 Eri g,2 banding 1,Not in HZ,2.696227741594996,2.134884146477202,1.20051823924404,1.1382014663792488
82 Eri q,Aschwaden Prediction,497.115,1.1465743599663922,82 Eri,4.26,5490.0,6.06,,82 Eri g,3 banding 2,Not in HZ,2.696227741594996,2.134884146477202,1.20051823924404,1.1382014663792488
82 Eri r,Aschwaden Prediction,552.35,1.2300059702317176,82 Eri,4.26,5490.0,6.06,,82 Eri g,5 banding 3,Not in HZ,2.696227741594996,2.134884146477202,1.20051823924404,1.1382014663792488
82 Eri s,Aschwaden Prediction,414.26250000000005,1.0153475573527955,82 Eri,4.26,5490.0,6.06,,82 Eri g,5 banding 4,Conservative HZ,2.696227741594996,2.134884146477202,1.20051823924404,1.1382014663792488
82 Eri t,Aschwaden Prediction,441.88000000000005,1.059987012485415,82 Eri,4.26,5490.0,6.06,,82 Eri g,4 banding 3,Conservative HZ,2.696227741594996,2.134884146477202,1.20051823924404,1.1382014663792488
82 Eri u,Aschwaden Prediction,828.5250000000001,1.611763780655169,82 Eri,4.26,5490.0,6.06,,82 Eri g,5 banding 2,Not in HZ,2.696227741594996,2.134884146477202,1.20051823924404,1.1382014663792488
82 Eri v,Aschwaden Prediction,994.23,1.820073345170416,82 Eri,4.26,5490.0,6.06,,82 Eri g,3 banding 1,Not in HZ,2.696227741594996,2.134884146477202,1.20051823924404,1.1382014663792488
AS 209 d,Aschwaden Prediction,6572.407122,158.74010519681994,AS 209,11.3,5688.237937,12.124,,AS 209 b,2 banding 1,Not in HZ,4.442616311109586,3.5174646778747105,1.9897236956778823,1.886439084290403
AS 209 e,Aschwaden Prediction,4929.3053414999995,131.03706971044483,AS 209,11.3,5688.237937,12.124,,AS 209 b,3 banding 2,Not in HZ,4.442616311109586,3.5174646778747105,1.9897236956778823,1.886439084290403
AS 209 f,Aschwaden Prediction,5477.005935,140.57211088362487,AS 209,11.3,5688.237937,12.124,,AS 209 b,5 banding 3,Not in HZ,4.442616311109586,3.5174646778747105,1.9897236956778823,1.886439084290403
AS 209 g,Aschwaden Prediction,4107.75445125,116.03972084031949,AS 209,11.3,5688.237937,12.124,,AS 209 b,5 banding 4,Not in HZ,4.442616311109586,3.5174646778747105,1.9897236956778823,1.886439084290403
AS 209 h,Aschwaden Prediction,4381.604748,121.14137285547596,AS 209,11.3,5688.237937,12.124,,AS 209 b,4 banding 3,Not in HZ,4.442616311109586,3.5174646778747105,1.9897236956778823,1.886439084290403
AS 209 i,Aschwaden Prediction,8215.5089025,184.20157493201933,AS 209,11.3,5688.237937,12.124,,AS 209 b,5 banding 2,Not in HZ,4.442616311109586,3.5174646778747105,1.9897236956778823,1.886439084290403
AS 209 j,Aschwaden Prediction,9858.610682999999,208.00838230519042,AS 209,11.3,5688.237937,12.124,,AS 209 b,3 banding 1,Not in HZ,4.442616311109586,3.5174646778747105,1.9897236956778823,1.886439084290403
Barnard's star f,Aschwaden Prediction,4.6814,0.029843139777002148,Barnard's star,9.5,3195.0,1.82823,,Barnard's star c,2 banding 1,Not in HZ,3.7432015394229956,2.965241017494364,1.5040196938901358,1.4260866853240277
Barnard's star g,Aschwaden Prediction,3.51105,0.024634969105563627,Barnard's star,9.5,3195.0,1.82823,,Barnard's star c,3 banding 2,Not in HZ,3.7432015394229956,2.965241017494364,1.5040196938901358,1.4260866853240277
Barnard's star h,Aschwaden Prediction,3.9011666666666667,0.026427556846121476,Barnard's star,9.5,3195.0,1.82823,,Barnard's star c,5 banding 3,Not in HZ,3.7432015394229956,2.965241017494364,1.5040196938901358,1.4260866853240277
Barnard's star i,Aschwaden Prediction,2.925875,0.021815467517980063,Barnard's star,9.5,3195.0,1.82823,,Barnard's star c,5 banding 4,Not in HZ,3.7432015394229956,2.965241017494364,1.5040196938901358,1.4260866853240277
Barnard's star j,Aschwaden Prediction,3.1209333333333333,0.022774578096829482,Barnard's star,9.5,3195.0,1.82823,,Barnard's star c,4 banding 3,Not in HZ,3.7432015394229956,2.965241017494364,1.5040196938901358,1.4260866853240277
Barnard's star k,Aschwaden Prediction,5.85175,0.034629896087219635,Barnard's star,9.5,3195.0,1.82823,,Barnard's star c,5 banding 2,Not in HZ,3.7432015394229956,2.965241017494364,1.5040196938901358,1.4260866853240277
Barnard's star l,Aschwaden Prediction,7.0221,0.0391055758733758,Barnard's star,9.5,3195.0,1.82823,,Barnard's star c,3 banding 1,Not in HZ,3.7432015394229956,2.965241017494364,1.5040196938901358,1.4260866853240277
Barnard's star m,Aschwaden Prediction,8.2486,0.04349478882392866,Barnard's star,9.5,3195.0,1.82823,,Barnard's Star c,2 banding 1,Not in HZ,3.7432015394229956,2.965241017494364,1.5040196938901358,1.4260866853240277
Barnard's star n,Aschwaden Prediction,6.18645,0.03590415710066188,Barnard's star,9.5,3195.0,1.82823,,Barnard's Star c,3 banding 2,Not in HZ,3.7432015394229956,2.965241017494364,1.5040196938901358,1.4260866853240277
Barnard's star o,Aschwaden Prediction,6.873833333333333,0.038516758382113214,Barnard's star,9.5,3195.0,1.82823,,Barnard's Star c,5 banding 3,Not in HZ,3.7432015394229956,2.965241017494364,1.5040196938901358,1.4260866853240277
Barnard's star p,Aschwaden Prediction,5.155374999999999,0.03179488351024754,Barnard's star,9.5,3195.0,1.82823,,Barnard's Star c,5 banding 4,Not in HZ,3.7432015394229956,2.965241017494364,1.5040196938901358,1.4260866853240277
Barnard's star q,Aschwaden Prediction,5.499066666666667,0.03319273616240042,Barnard's star,9.5,3195.0,1.82823,,Barnard's Star c,4 banding 3,Not in HZ,3.7432015394229956,2.965241017494364,1.5040196938901358,1.4260866853240277
Barnard's star r,Aschwaden Prediction,10.310749999999999,0.0504712315313733,Barnard's star,9.5,3195.0,1.82823,,Barnard's Star c,5 banding 2,Not in HZ,3.7432015394229956,2.965241017494364,1.5040196938901358,1.4260866853240277
Barnard's star s,Aschwaden Prediction,12.3729,0.056994296751622174,Barnard's star,9.5,3195.0,1.82823,,Barnard's Star c,3 banding 1,Not in HZ,3.7432015394229956,2.965241017494364,1.5040196938901358,1.4260866853240277
Barnard's star t,Aschwaden Prediction,13.4754,0.0604799800799884,Barnard's star,9.5,3195.0,1.82823,,Barnard's star d,2 banding 1,Not in HZ,3.7432015394229956,2.965241017494364,1.5040196938901358,1.4260866853240277
Barnard's star u,Aschwaden Prediction,10.10655,0.04992512355967948,Barnard's star,9.5,3195.0,1.82823,,Barnard's star d,3 banding 2,Not in HZ,3.7432015394229956,2.965241017494364,1.5040196938901358,1.4260866853240277
Barnard's star v,Aschwaden Prediction,11.229500000000002,0.053557974246661075,Barnard's star,9.5,3195.0,1.82823,,Barnard's star d,5 banding 3,Not in HZ,3.7432015394229956,2.965241017494364,1.5040196938901358,1.4260866853240277
Barnard's star w,Aschwaden Prediction,8.422125000000001,0.04421113364016172,Barnard's star,9.5,3195.0,1.82823,,Barnard's star d,5 banding 4,Not in HZ,3.7432015394229956,2.965241017494364,1.5040196938901358,1.4260866853240277
Barnard's star x,Aschwaden Prediction,8.983600000000001,0.046154863057936354,Barnard's star,9.5,3195.0,1.82823,,Barnard's star d,4 banding 3,Not in HZ,3.7432015394229956,2.965241017494364,1.5040196938901358,1.4260866853240277
Barnard's star y,Aschwaden Prediction,16.844250000000002,0.07018080004909938,Barnard's star,9.5,3195.0,1.82823,,Barnard's star d,5 banding 2,Not in HZ,3.7432015394229956,2.965241017494364,1.5040196938901358,1.4260866853240277
Barnard's star z,Aschwaden Prediction,20.2131,0.07925119365827756,Barnard's star,9.5,3195.0,1.82823,,Barnard's star d,3 banding 1,Not in HZ,3.7432015394229956,2.965241017494364,1.5040196938901358,1.4260866853240277
CS Cha d,Aschwaden Prediction,6572.407122,5.794013839683927,CS Cha,11.7,5688.237937,149.0,,CS Cha b,2 banding 1,Not in HZ,4.520562894178468,3.579179292305895,2.0246337919969006,1.9195370316464067
CS Cha e,Aschwaden Prediction,4929.3053414999995,4.782853044431236,CS Cha,11.7,5688.237937,149.0,,CS Cha b,3 banding 2,Not in HZ,4.520562894178468,3.579179292305895,2.0246337919969006,1.9195370316464067
CS Cha f,Aschwaden Prediction,5477.005935,5.130882047252308,CS Cha,11.7,5688.237937,149.0,,CS Cha b,5 banding 3,Not in HZ,4.520562894178468,3.579179292305895,2.0246337919969006,1.9195370316464067
CS Cha g,Aschwaden Prediction,4107.75445125,4.235449810671661,CS Cha,11.7,5688.237937,149.0,,CS Cha b,5 banding 4,Not in HZ,4.520562894178468,3.579179292305895,2.0246337919969006,1.9195370316464067
CS Cha h,Aschwaden Prediction,4381.604748,4.421660109224873,CS Cha,11.7,5688.237937,149.0,,CS Cha b,4 banding 3,Not in HZ,4.520562894178468,3.579179292305895,2.0246337919969006,1.9195370316464067
CS Cha i,Aschwaden Prediction,8215.5089025,6.723357485018705,CS Cha,11.7,5688.237937,149.0,,CS Cha b,5 banding 2,Not in HZ,4.520562894178468,3.579179292305895,2.0246337919969006,1.9195370316464067
CS Cha j,Aschwaden Prediction,9858.610682999999,7.59230595413945,CS Cha,11.7,5688.237937,149.0,,CS Cha b,3 banding 1,Not in HZ,4.520562894178468,3.579179292305895,2.0246337919969006,1.9195370316464067
EPIC 211939692 b,Aschwaden Prediction,53.7098,25.61150500874039,EPIC 211939692,12.0,6417.0,302.4853135,,EPIC 211939692.01,2 banding 1,Not in HZ,4.785463648234639,3.7880774092995004,2.177364148871972,2.064349480332634
EPIC 211939692 c,Aschwaden Prediction,40.28235,21.141831568390277,EPIC 211939692,12.0,6417.0,302.4853135,,EPIC 211939692.01,3 banding 2,Not in HZ,4.785463648234639,3.7880774092995004,2.177364148871972,2.064349480332634
EPIC 211939692 d,Aschwaden Prediction,44.75816666666666,22.680237722667783,EPIC 211939692,12.0,6417.0,302.4853135,,EPIC 211939692.01,5 banding 3,Not in HZ,4.785463648234639,3.7880774092995004,2.177364148871972,2.064349480332634
EPIC 211939692 e,Aschwaden Prediction,33.568625,18.72212373697114,EPIC 211939692,12.0,6417.0,302.4853135,,EPIC 211939692.01,5 banding 4,Not in HZ,4.785463648234639,3.7880774092995004,2.177364148871972,2.064349480332634
EPIC 211939692 f,Aschwaden Prediction,35.806533333333334,19.545236371154083,EPIC 211939692,12.0,6417.0,302.4853135,,EPIC 211939692.01,4 banding 3,Not in HZ,4.785463648234639,3.7880774092995004,2.177364148871972,2.064349480332634
EPIC 211939692 g,Aschwaden Prediction,67.13725,29.719518915146786,EPIC 211939692,12.0,6417.0,302.4853135,,EPIC 211939692.01,5 banding 2,Not in HZ,4.785463648234639,3.7880774092995004,2.177364148871972,2.064349480332634
EPIC 211939692 h,Aschwaden Prediction,80.5647,33.56056567219722,EPIC 211939692,12.0,6417.0,302.4853135,,EPIC 211939692.01,3 banding 1,Not in HZ,4.785463648234639,3.7880774092995004,2.177364148871972,2.064349480332634
EPIC 211939692 i,Aschwaden Prediction,79.106,25.61150500874039,EPIC 211939692,12.0,6417.0,302.4853135,,EPIC 211939692.02,2 banding 1,Not in HZ,4.785463648234639,3.7880774092995004,2.177364148871972,2.064349480332634
EPIC 211939692 j,Aschwaden Prediction,59.329499999999996,21.141831568390277,EPIC 211939692,12.0,6417.0,302.4853135,,EPIC 211939692.02,3 banding 2,Not in HZ,4.785463648234639,3.7880774092995004,2.177364148871972,2.064349480332634
EPIC 211939692 k,Aschwaden Prediction,65.92166666666667,22.680237722667787,EPIC 211939692,12.0,6417.0,302.4853135,,EPIC 211939692.02,5 banding 3,Not in HZ,4.785463648234639,3.7880774092995004,2.177364148871972,2.064349480332634
EPIC 211939692 l,Aschwaden Prediction,49.44125,18.722123736971145,EPIC 211939692,12.0,6417.0,302.4853135,,EPIC 211939692.02,5 banding 4,Not in HZ,4.785463648234639,3.7880774092995004,2.177364148871972,2.064349480332634
EPIC 211939692 m,Aschwaden Prediction,52.73733333333333,19.545236371154086,EPIC 211939692,12.0,6417.0,302.4853135,,EPIC 211939692.02,4 banding 3,Not in HZ,4.785463648234639,3.7880774092995004,2.177364148871972,2.064349480332634
EPIC 211939692 n,Aschwaden Prediction,98.8825,29.71951891514679,EPIC 211939692,12.0,6417.0,302.4853135,,EPIC 211939692.02,5 banding 2,Not in HZ,4.785463648234639,3.7880774092995004,2.177364148871972,2.064349480332634
EPIC 211939692 o,Aschwaden Prediction,118.65899999999999,33.56056567219722,EPIC 211939692,12.0,6417.0,302.4853135,,EPIC 211939692.02,3 banding 1,Not in HZ,4.785463648234639,3.7880774092995004,2.177364148871972,2.064349480332634
EPIC 211939692 p,Aschwaden Prediction,460.0,25.61150500874039,EPIC 211939692,12.0,6417.0,302.4853135,,EPIC 211939692.03,2 banding 1,Not in HZ,4.785463648234639,3.7880774092995004,2.177364148871972,2.064349480332634
EPIC 211939692 q,Aschwaden Prediction,345.0,21.141831568390277,EPIC 211939692,12.0,6417.0,302.4853135,,EPIC 211939692.03,3 banding 2,Not in HZ,4.785463648234639,3.7880774092995004,2.177364148871972,2.064349480332634
EPIC 211939692 r,Aschwaden Prediction,383.3333333333333,22.680237722667787,EPIC 211939692,12.0,6417.0,302.4853135,,EPIC 211939692.03,5 banding 3,Not in HZ,4.785463648234639,3.7880774092995004,2.177364148871972,2.064349480332634
EPIC 211939692 s,Aschwaden Prediction,287.5,18.722123736971145,EPIC 211939692,12.0,6417.0,302.4853135,,EPIC 211939692.03,5 banding 4,Not in HZ,4.785463648234639,3.7880774092995004,2.177364148871972,2.064349480332634
EPIC 211939692 t,Aschwaden Prediction,306.6666666666667,19.545236371154086,EPIC 211939692,12.0,6417.0,302.4853135,,EPIC 211939692.03,4 banding 3,Not in HZ,4.785463648234639,3.7880774092995004,2.177364148871972,2.064349480332634
EPIC 211939692 u,Aschwaden Prediction,575.0,29.71951891514679,EPIC 211939692,12.0,6417.0,302.4853135,,EPIC 211939692.03,5 banding 2,Not in HZ,4.785463648234639,3.7880774092995004,2.177364148871972,2.064349480332634
EPIC 211939692 v,Aschwaden Prediction,690.0,33.56056567219722,EPIC 211939692,12.0,6417.0,302.4853135,,EPIC 211939692.03,3 banding 1,Not in HZ,4.785463648234639,3.7880774092995004,2.177364148871972,2.064349480332634
EX Dra AB d,Aschwaden Prediction,6572.407122,5.047935345258875,EX Dra AB,9.885491525,5688.237937,302.4853135,,EX Dra AB b,2 banding 1,Not in HZ,4.155264934775836,3.289952724194379,1.861027044326932,1.7644229502648114
EX Dra AB e,Aschwaden Prediction,4929.3053414999995,4.166978816792145,EX Dra AB,9.885491525,5688.237937,302.4853135,,EX Dra AB b,3 banding 2,Not in HZ,4.155264934775836,3.289952724194379,1.861027044326932,1.7644229502648114
EX Dra AB f,Aschwaden Prediction,5477.005935,4.470193126099271,EX Dra AB,9.885491525,5688.237937,302.4853135,,EX Dra AB b,5 banding 3,Not in HZ,4.155264934775836,3.289952724194379,1.861027044326932,1.7644229502648114
EX Dra AB g,Aschwaden Prediction,4107.75445125,3.69006312272216,EX Dra AB,9.885491525,5688.237937,302.4853135,,EX Dra AB b,5 banding 4,Not in HZ,4.155264934775836,3.289952724194379,1.861027044326932,1.7644229502648114
EX Dra AB h,Aschwaden Prediction,4381.604748,3.852295656804136,EX Dra AB,9.885491525,5688.237937,302.4853135,,EX Dra AB b,4 banding 3,Not in HZ,4.155264934775836,3.289952724194379,1.861027044326932,1.7644229502648114
EX Dra AB i,Aschwaden Prediction,8215.5089025,5.857610082838215,EX Dra AB,9.885491525,5688.237937,302.4853135,,EX Dra AB b,5 banding 2,Not in HZ,4.155264934775836,3.289952724194379,1.861027044326932,1.7644229502648114
EX Dra AB j,Aschwaden Prediction,9858.610682999999,6.614666557305055,EX Dra AB,9.885491525,5688.237937,302.4853135,,EX Dra AB b,3 banding 1,Not in HZ,4.155264934775836,3.289952724194379,1.861027044326932,1.7644229502648114
Elias 2-24 e,Aschwaden Prediction,65293.2,31.748021039363987,Elias 2-24,14.4,4483.0,139.0,,Elias 2-24 c,2 banding 1,Not in HZ,4.7272523612220025,3.7440782852168932,2.022999381388768,1.9180302389345874
Elias 2-24 f,Aschwaden Prediction,48969.899999999994,26.207413942088962,Elias 2-24,14.4,4483.0,139.0,,Elias 2-24 c,3 banding 2,Not in HZ,4.7272523612220025,3.7440782852168932,2.022999381388768,1.9180302389345874
Elias 2-24 g,Aschwaden Prediction,54411.0,28.114422176724972,Elias 2-24,14.4,4483.0,139.0,,Elias 2-24 c,5 banding 3,Not in HZ,4.7272523612220025,3.7440782852168932,2.022999381388768,1.9180302389345874
Elias 2-24 h,Aschwaden Prediction,40808.25,23.207944168063896,Elias 2-24,14.4,4483.0,139.0,,Elias 2-24 c,5 banding 4,Not in HZ,4.7272523612220025,3.7440782852168932,2.022999381388768,1.9180302389345874
Elias 2-24 i,Aschwaden Prediction,43528.799999999996,24.228274571095195,Elias 2-24,14.4,4483.0,139.0,,Elias 2-24 c,4 banding 3,Not in HZ,4.7272523612220025,3.7440782852168932,2.022999381388768,1.9180302389345874
Elias 2-24 j,Aschwaden Prediction,81616.5,36.84031498640386,Elias 2-24,14.4,4483.0,139.0,,Elias 2-24 c,5 banding 2,Not in HZ,4.7272523612220025,3.7440782852168932,2.022999381388768,1.9180302389345874
Elias 2-24 k,Aschwaden Prediction,97939.79999999999,41.601676461038075,Elias 2-24,14.4,4483.0,139.0,,Elias 2-24 c,3 banding 1,Not in HZ,4.7272523612220025,3.7440782852168932,2.022999381388768,1.9180302389345874
GG Tau A f,Aschwaden Prediction,6572.407122,460.3463050707778,GG Tau A,13.4,4060.0,150.0,,GG Tau Ac,2 banding 1,Not in HZ,4.504498693929228,3.567937308458961,1.8888455977991214,1.7908707321859794
GG Tau A g,Aschwaden Prediction,4929.3053414999995,380.00750216028996,GG Tau A,13.4,4060.0,150.0,,GG Tau Ac,3 banding 2,Not in HZ,4.504498693929228,3.567937308458961,1.8888455977991214,1.7908707321859794
GG Tau A h,Aschwaden Prediction,5477.005935,407.6591215625121,GG Tau A,13.4,4060.0,150.0,,GG Tau Ac,5 banding 3,Not in HZ,4.504498693929228,3.567937308458961,1.8888455977991214,1.7908707321859794
GG Tau A i,Aschwaden Prediction,4107.75445125,336.5151904369265,GG Tau A,13.4,4060.0,150.0,,GG Tau Ac,5 banding 4,Not in HZ,4.504498693929228,3.567937308458961,1.8888455977991214,1.7908707321859794
GG Tau A j,Aschwaden Prediction,4381.604748,351.3099812808803,GG Tau A,13.4,4060.0,150.0,,GG Tau Ac,4 banding 3,Not in HZ,4.504498693929228,3.567937308458961,1.8888455977991214,1.7908707321859794
GG Tau A k,Aschwaden Prediction,8215.5089025,534.1845673028561,GG Tau A,13.4,4060.0,150.0,,GG Tau Ac,5 banding 2,Not in HZ,4.504498693929228,3.567937308458961,1.8888455977991214,1.7908707321859794
GG Tau A l,Aschwaden Prediction,9858.610682999999,603.2243086850522,GG Tau A,13.4,4060.0,150.0,,GG Tau Ac,3 banding 1,Not in HZ,4.504498693929228,3.567937308458961,1.8888455977991214,1.7908707321859794
GG Tau A m,Aschwaden Prediction,6572.407122,714.3304733856897,GG Tau A,13.4,4060.0,150.0,,GG Tau Ad,2 banding 1,Not in HZ,4.504498693929228,3.567937308458961,1.8888455977991214,1.7908707321859794
GG Tau A n,Aschwaden Prediction,4929.3053414999995,589.6668136970017,GG Tau A,13.4,4060.0,150.0,,GG Tau Ad,3 banding 2,Not in HZ,4.504498693929228,3.567937308458961,1.8888455977991214,1.7908707321859794
GG Tau A o,Aschwaden Prediction,5477.005935,632.5744989763119,GG Tau A,13.4,4060.0,150.0,,GG Tau Ad,5 banding 3,Not in HZ,4.504498693929228,3.567937308458961,1.8888455977991214,1.7908707321859794
GG Tau A p,Aschwaden Prediction,4107.75445125,522.1787437814377,GG Tau A,13.4,4060.0,150.0,,GG Tau Ad,5 banding 4,Not in HZ,4.504498693929228,3.567937308458961,1.8888455977991214,1.7908707321859794
GG Tau A q,Aschwaden Prediction,4381.604748,545.1361778496419,GG Tau A,13.4,4060.0,150.0,,GG Tau Ad,4 banding 3,Not in HZ,4.504498693929228,3.567937308458961,1.8888455977991214,1.7908707321859794
GG Tau A r,Aschwaden Prediction,8215.5089025,828.9070871940869,GG Tau A,13.4,4060.0,150.0,,GG Tau Ad,5 banding 2,Not in HZ,4.504498693929228,3.567937308458961,1.8888455977991214,1.7908707321859794
GG Tau A s,Aschwaden Prediction,9858.610682999999,936.0377203733568,GG Tau A,13.4,4060.0,150.0,,GG Tau Ad,3 banding 1,Not in HZ,4.504498693929228,3.567937308458961,1.8888455977991214,1.7908707321859794
GJ 620 d,Aschwaden Prediction,15.304,0.10000626627399656,GJ 620,10.0,5688.237937,16.54,,GJ 620 b,2 banding 1,Not in HZ,4.179261874082144,3.308952426278928,1.8717746028415179,1.774612613526426
GJ 620 e,Aschwaden Prediction,11.478,0.08255335391758024,GJ 620,10.0,5688.237937,16.54,,GJ 620 b,3 banding 2,Not in HZ,4.179261874082144,3.308952426278928,1.8717746028415179,1.774612613526426
GJ 620 f,Aschwaden Prediction,12.753333333333332,0.08856042985668366,GJ 620,10.0,5688.237937,16.54,,GJ 620 b,5 banding 3,Not in HZ,4.179261874082144,3.308952426278928,1.8717746028415179,1.774612613526426
GJ 620 g,Aschwaden Prediction,9.565,0.07310502412940127,GJ 620,10.0,5688.237937,16.54,,GJ 620 b,5 banding 4,Not in HZ,4.179261874082144,3.308952426278928,1.8717746028415179,1.774612613526426
GJ 620 h,Aschwaden Prediction,10.202666666666667,0.07631906489894988,GJ 620,10.0,5688.237937,16.54,,GJ 620 b,4 banding 3,Not in HZ,4.179261874082144,3.308952426278928,1.8717746028415179,1.774612613526426
GJ 620 i,Aschwaden Prediction,19.13,0.11604699220717217,GJ 620,10.0,5688.237937,16.54,,GJ 620 b,5 banding 2,Not in HZ,4.179261874082144,3.308952426278928,1.8717746028415179,1.774612613526426
GJ 620 j,Aschwaden Prediction,22.956,0.13104528085226996,GJ 620,10.0,5688.237937,16.54,,GJ 620 b,3 banding 1,Not in HZ,4.179261874082144,3.308952426278928,1.8717746028415179,1.774612613526426
GJ 667 C i,Aschwaden Prediction,33.892,0.1417549139407602,GJ 667 C,10.22,3600.0,6.84,,GJ 667 Cd,2 banding 1,Not in HZ,3.900685954916018,3.089861319020929,1.5985637033332316,1.5156868101477978
GJ 667 C j,Aschwaden Prediction,25.419000000000004,0.11701610325142724,GJ 667 C,10.22,3600.0,6.84,,GJ 667 Cd,3 banding 2,Not in HZ,3.900685954916018,3.089861319020929,1.5985637033332316,1.5156868101477978
GJ 667 C k,Aschwaden Prediction,28.243333333333336,0.12553089501907702,GJ 667 C,10.22,3600.0,6.84,,GJ 667 Cd,5 banding 3,Not in HZ,3.900685954916018,3.089861319020929,1.5985637033332316,1.5156868101477978
GJ 667 C l,Aschwaden Prediction,21.1825,0.1036234707104053,GJ 667 C,10.22,3600.0,6.84,,GJ 667 Cd,5 banding 4,Not in HZ,3.900685954916018,3.089861319020929,1.5985637033332316,1.5156868101477978
GJ 667 C m,Aschwaden Prediction,22.59466666666667,0.10817924595994005,GJ 667 C,10.22,3600.0,6.84,,GJ 667 Cd,4 banding 3,Not in HZ,3.900685954916018,3.089861319020929,1.5985637033332316,1.5156868101477978
GJ 667 C n,Aschwaden Prediction,42.365,0.16449200641429326,GJ 667 C,10.22,3600.0,6.84,,GJ 667 Cd,5 banding 2,Not in HZ,3.900685954916018,3.089861319020929,1.5985637033332316,1.5156868101477978
GJ 667 C o,Aschwaden Prediction,50.83800000000001,0.18575148539853503,GJ 667 C,10.22,3600.0,6.84,,GJ 667 Cd,3 banding 1,Not in HZ,3.900685954916018,3.089861319020929,1.5985637033332316,1.5156868101477978
GJ 739 e,Aschwaden Prediction,90.646,0.33335422091332184,GJ 739,11.0,5688.237937,14.15,,GJ 739 b,2 banding 1,Optimistic HZ,4.383246832357522,3.470458582855431,1.963133765240355,1.8612294111408731
GJ 739 f,Aschwaden Prediction,67.9845,0.2751778463919341,GJ 739,11.0,5688.237937,14.15,,GJ 739 b,3 banding 2,Not in HZ,4.383246832357522,3.470458582855431,1.963133765240355,1.8612294111408731
GJ 739 g,Aschwaden Prediction,75.53833333333334,0.29520143285561223,GJ 739,11.0,5688.237937,14.15,,GJ 739 b,5 banding 3,Not in HZ,4.383246832357522,3.470458582855431,1.963133765240355,1.8612294111408731
GJ 739 h,Aschwaden Prediction,56.65375,0.2436834137646709,GJ 739,11.0,5688.237937,14.15,,GJ 739 b,5 banding 4,Not in HZ,4.383246832357522,3.470458582855431,1.963133765240355,1.8612294111408731
GJ 739 i,Aschwaden Prediction,60.43066666666667,0.25439688299649954,GJ 739,11.0,5688.237937,14.15,,GJ 739 b,4 banding 3,Not in HZ,4.383246832357522,3.470458582855431,1.963133765240355,1.8612294111408731
GJ 739 j,Aschwaden Prediction,113.3075,0.3868233073572406,GJ 739,11.0,5688.237937,14.15,,GJ 739 b,5 banding 2,Conservative HZ,4.383246832357522,3.470458582855431,1.963133765240355,1.8612294111408731
GJ 739 k,Aschwaden Prediction,135.969,0.4368176028408998,GJ 739,11.0,5688.237937,14.15,,GJ 739 b,3 banding 1,Conservative HZ,4.383246832357522,3.470458582855431,1.963133765240355,1.8612294111408731
GJ 739 l,Aschwaden Prediction,277.46,1.090544522702153,GJ 739,11.0,5688.237937,14.15,,GJ 739 c,2 banding 1,Conservative HZ,4.383246832357522,3.470458582855431,1.963133765240355,1.8612294111408731
GJ 739 m,Aschwaden Prediction,208.09499999999997,0.900224668910756,GJ 739,11.0,5688.237937,14.15,,GJ 739 c,3 banding 2,Conservative HZ,4.383246832357522,3.470458582855431,1.963133765240355,1.8612294111408731
GJ 739 n,Aschwaden Prediction,231.21666666666667,0.965730401770503,GJ 739,11.0,5688.237937,14.15,,GJ 739 c,5 banding 3,Conservative HZ,4.383246832357522,3.470458582855431,1.963133765240355,1.8612294111408731
GJ 739 o,Aschwaden Prediction,173.4125,0.7971928821729949,GJ 739,11.0,5688.237937,14.15,,GJ 739 c,5 banding 4,Conservative HZ,4.383246832357522,3.470458582855431,1.963133765240355,1.8612294111408731
GJ 739 p,Aschwaden Prediction,184.97333333333333,0.8322412315171202,GJ 739,11.0,5688.237937,14.15,,GJ 739 c,4 banding 3,Conservative HZ,4.383246832357522,3.470458582855431,1.963133765240355,1.8612294111408731
GJ 739 q,Aschwaden Prediction,346.825,1.2654648197829728,GJ 739,11.0,5688.237937,14.15,,GJ 739 c,5 banding 2,Not in HZ,4.383246832357522,3.470458582855431,1.963133765240355,1.8612294111408731
GJ 739 r,Aschwaden Prediction,416.18999999999994,1.4290175864366583,GJ 739,11.0,5688.237937,14.15,,GJ 739 c,3 banding 1,Not in HZ,4.383246832357522,3.470458582855431,1.963133765240355,1.8612294111408731
GM Aur f,Aschwaden Prediction,17.49,0.13016688626139236,GM Aur,12.24,4287.0,155.0,,GM Aur b,2 banding 1,Not in HZ,4.331024250316549,3.4303943486219106,1.836348815807571,1.7410782933094577
GM Aur g,Aschwaden Prediction,13.1175,0.10745039716256476,GM Aur,12.24,4287.0,155.0,,GM Aur b,3 banding 2,Not in HZ,4.331024250316549,3.4303943486219106,1.836348815807571,1.7410782933094577
GM Aur h,Aschwaden Prediction,14.574999999999998,0.1152691309245724,GM Aur,12.24,4287.0,155.0,,GM Aur b,5 banding 3,Not in HZ,4.331024250316549,3.4303943486219106,1.836348815807571,1.7410782933094577
GM Aur i,Aschwaden Prediction,10.931249999999999,0.09515257108906199,GM Aur,12.24,4287.0,155.0,,GM Aur b,5 banding 4,Not in HZ,4.331024250316549,3.4303943486219106,1.836348815807571,1.7410782933094577
GM Aur j,Aschwaden Prediction,11.659999999999998,0.0993359257414903,GM Aur,12.24,4287.0,155.0,,GM Aur b,4 banding 3,Not in HZ,4.331024250316549,3.4303943486219106,1.836348815807571,1.7410782933094577
GM Aur k,Aschwaden Prediction,21.862499999999997,0.15104529144425585,GM Aur,12.24,4287.0,155.0,,GM Aur b,5 banding 2,Not in HZ,4.331024250316549,3.4303943486219106,1.836348815807571,1.7410782933094577
GM Aur l,Aschwaden Prediction,26.235,0.17056687349025615,GM Aur,12.24,4287.0,155.0,,GM Aur b,3 banding 1,Not in HZ,4.331024250316549,3.4303943486219106,1.836348815807571,1.7410782933094577
GM Aur m,Aschwaden Prediction,6572.407122,3.9685026299204984,GM Aur,12.24,4287.0,155.0,,GM Aur c,2 banding 1,Not in HZ,4.331024250316549,3.4303943486219106,1.836348815807571,1.7410782933094577
GM Aur n,Aschwaden Prediction,4929.3053414999995,3.2759267427611203,GM Aur,12.24,4287.0,155.0,,GM Aur c,3 banding 2,Not in HZ,4.331024250316549,3.4303943486219106,1.836348815807571,1.7410782933094577
GM Aur o,Aschwaden Prediction,5477.005935,3.5143027720906215,GM Aur,12.24,4287.0,155.0,,GM Aur c,5 banding 3,Not in HZ,4.331024250316549,3.4303943486219106,1.836348815807571,1.7410782933094577
GM Aur p,Aschwaden Prediction,4107.75445125,2.900993021007987,GM Aur,12.24,4287.0,155.0,,GM Aur c,5 banding 4,Not in HZ,4.331024250316549,3.4303943486219106,1.836348815807571,1.7410782933094577
GM Aur q,Aschwaden Prediction,4381.604748,3.0285343213868994,GM Aur,12.24,4287.0,155.0,,GM Aur c,4 banding 3,Not in HZ,4.331024250316549,3.4303943486219106,1.836348815807571,1.7410782933094577
GM Aur r,Aschwaden Prediction,8215.5089025,4.605039373300483,GM Aur,12.24,4287.0,155.0,,GM Aur c,5 banding 2,Not in HZ,4.331024250316549,3.4303943486219106,1.836348815807571,1.7410782933094577
GM Aur s,Aschwaden Prediction,9858.610682999999,5.20020955762976,GM Aur,12.24,4287.0,155.0,,GM Aur c,3 banding 1,Not in HZ,4.331024250316549,3.4303943486219106,1.836348815807571,1.7410782933094577
GM Aur t,Aschwaden Prediction,6572.407122,28.57321893542759,GM Aur,12.24,4287.0,155.0,,GM Aur d,2 banding 1,Not in HZ,4.331024250316549,3.4303943486219106,1.836348815807571,1.7410782933094577
GM Aur u,Aschwaden Prediction,4929.3053414999995,23.586672547880067,GM Aur,12.24,4287.0,155.0,,GM Aur d,3 banding 2,Not in HZ,4.331024250316549,3.4303943486219106,1.836348815807571,1.7410782933094577
GM Aur v,Aschwaden Prediction,5477.005935,25.302979959052475,GM Aur,12.24,4287.0,155.0,,GM Aur d,5 banding 3,Not in HZ,4.331024250316549,3.4303943486219106,1.836348815807571,1.7410782933094577
GM Aur w,Aschwaden Prediction,4107.75445125,20.887149751257507,GM Aur,12.24,4287.0,155.0,,GM Aur d,5 banding 4,Not in HZ,4.331024250316549,3.4303943486219106,1.836348815807571,1.7410782933094577
GM Aur x,Aschwaden Prediction,4381.604748,21.805447113985675,GM Aur,12.24,4287.0,155.0,,GM Aur d,4 banding 3,Not in HZ,4.331024250316549,3.4303943486219106,1.836348815807571,1.7410782933094577
GM Aur y,Aschwaden Prediction,8215.5089025,33.156283487763474,GM Aur,12.24,4287.0,155.0,,GM Aur d,5 banding 2,Not in HZ,4.331024250316549,3.4303943486219106,1.836348815807571,1.7410782933094577
GM Aur z,Aschwaden Prediction,9858.610682999999,37.441508814934274,GM Aur,12.24,4287.0,155.0,,GM Aur d,3 banding 1,Not in HZ,4.331024250316549,3.4303943486219106,1.836348815807571,1.7410782933094577
GY 91 d,Aschwaden Prediction,6572.407122,11.111807363777395,GY 91,9.885491525,3300.0,137.0,,GY 11 d,2 banding 1,Not in HZ,3.822505326261977,3.028030000795234,1.5436237350442408,1.4636265615593131
GY 91 e,Aschwaden Prediction,4929.3053414999995,9.172594879731138,GY 91,9.885491525,3300.0,137.0,,GY 11 d,3 banding 2,Not in HZ,3.822505326261977,3.028030000795234,1.5436237350442408,1.4636265615593131
GY 91 f,Aschwaden Prediction,5477.005935,9.840047761853741,GY 91,9.885491525,3300.0,137.0,,GY 11 d,5 banding 3,Not in HZ,3.822505326261977,3.028030000795234,1.5436237350442408,1.4636265615593131
GY 91 g,Aschwaden Prediction,4107.75445125,8.122780458822364,GY 91,9.885491525,3300.0,137.0,,GY 11 d,5 banding 4,Not in HZ,3.822505326261977,3.028030000795234,1.5436237350442408,1.4636265615593131
GY 91 h,Aschwaden Prediction,4381.604748,8.479896099883318,GY 91,9.885491525,3300.0,137.0,,GY 11 d,4 banding 3,Not in HZ,3.822505326261977,3.028030000795234,1.5436237350442408,1.4636265615593131
GY 91 i,Aschwaden Prediction,8215.5089025,12.894110245241352,GY 91,9.885491525,3300.0,137.0,,GY 11 d,5 banding 2,Not in HZ,3.822505326261977,3.028030000795234,1.5436237350442408,1.4636265615593131
GY 91 j,Aschwaden Prediction,9858.610682999999,14.560586761363329,GY 91,9.885491525,3300.0,137.0,,GY 11 d,3 banding 1,Not in HZ,3.822505326261977,3.028030000795234,1.5436237350442408,1.4636265615593131
GY 91 k,Aschwaden Prediction,6572.407122,63.496042078727974,GY 91,9.885491525,3300.0,137.0,,GY 91 b,2 banding 1,Not in HZ,3.822505326261977,3.028030000795234,1.5436237350442408,1.4636265615593131
GY 91 l,Aschwaden Prediction,4929.3053414999995,52.414827884177924,GY 91,9.885491525,3300.0,137.0,,GY 91 b,3 banding 2,Not in HZ,3.822505326261977,3.028030000795234,1.5436237350442408,1.4636265615593131
GY 91 m,Aschwaden Prediction,5477.005935,56.228844353449944,GY 91,9.885491525,3300.0,137.0,,GY 91 b,5 banding 3,Not in HZ,3.822505326261977,3.028030000795234,1.5436237350442408,1.4636265615593131
GY 91 n,Aschwaden Prediction,4107.75445125,46.41588833612779,GY 91,9.885491525,3300.0,137.0,,GY 91 b,5 banding 4,Not in HZ,3.822505326261977,3.028030000795234,1.5436237350442408,1.4636265615593131
GY 91 o,Aschwaden Prediction,4381.604748,48.45654914219039,GY 91,9.885491525,3300.0,137.0,,GY 91 b,4 banding 3,Not in HZ,3.822505326261977,3.028030000795234,1.5436237350442408,1.4636265615593131
GY 91 p,Aschwaden Prediction,8215.5089025,73.68062997280772,GY 91,9.885491525,3300.0,137.0,,GY 91 b,5 banding 2,Not in HZ,3.822505326261977,3.028030000795234,1.5436237350442408,1.4636265615593131
GY 91 q,Aschwaden Prediction,9858.610682999999,83.20335292207616,GY 91,9.885491525,3300.0,137.0,,GY 91 b,3 banding 1,Not in HZ,3.822505326261977,3.028030000795234,1.5436237350442408,1.4636265615593131
HD 100546 h,Aschwaden Prediction,6572.407122,12.381728205351955,HD 100546,6.7,11000.0,110.0,,HD 100546 c,2 banding 1,Not in HZ,1.2508578739237933e-16,9.803628791668651e-17,6.028142803093166e-17,5.708233227854696e-17
HD 100546 i,Aschwaden Prediction,4929.3053414999995,10.220891437414696,HD 100546,6.7,11000.0,110.0,,HD 100546 c,3 banding 2,Not in HZ,1.2508578739237933e-16,9.803628791668651e-17,6.028142803093166e-17,5.708233227854696e-17
HD 100546 j,Aschwaden Prediction,5477.005935,10.96462464892274,HD 100546,6.7,11000.0,110.0,,HD 100546 c,5 banding 3,Not in HZ,1.2508578739237933e-16,9.803628791668651e-17,6.028142803093166e-17,5.708233227854696e-17
HD 100546 k,Aschwaden Prediction,4107.75445125,9.05109822554492,HD 100546,6.7,11000.0,110.0,,HD 100546 c,5 banding 4,Not in HZ,1.2508578739237933e-16,9.803628791668651e-17,6.028142803093166e-17,5.708233227854696e-17
HD 100546 l,Aschwaden Prediction,4381.604748,9.449027082727126,HD 100546,6.7,11000.0,110.0,,HD 100546 c,4 banding 3,Not in HZ,1.2508578739237933e-16,9.803628791668651e-17,6.028142803093166e-17,5.708233227854696e-17
HD 100546 m,Aschwaden Prediction,8215.5089025,14.367722844697507,HD 100546,6.7,11000.0,110.0,,HD 100546 c,5 banding 2,Not in HZ,1.2508578739237933e-16,9.803628791668651e-17,6.028142803093166e-17,5.708233227854696e-17
HD 100546 n,Aschwaden Prediction,9858.610682999999,16.22465381980485,HD 100546,6.7,11000.0,110.0,,HD 100546 c,3 banding 1,Not in HZ,1.2508578739237933e-16,9.803628791668651e-17,6.028142803093166e-17,5.708233227854696e-17
HD 100546 o,Aschwaden Prediction,6572.407122,20.636213675586593,HD 100546,6.7,11000.0,110.0,,HD 100546 d,2 banding 1,Not in HZ,1.2508578739237933e-16,9.803628791668651e-17,6.028142803093166e-17,5.708233227854696e-17
HD 100546 p,Aschwaden Prediction,4929.3053414999995,17.034819062357826,HD 100546,6.7,11000.0,110.0,,HD 100546 d,3 banding 2,Not in HZ,1.2508578739237933e-16,9.803628791668651e-17,6.028142803093166e-17,5.708233227854696e-17
HD 100546 q,Aschwaden Prediction,5477.005935,18.274374414871232,HD 100546,6.7,11000.0,110.0,,HD 100546 d,5 banding 3,Not in HZ,1.2508578739237933e-16,9.803628791668651e-17,6.028142803093166e-17,5.708233227854696e-17
HD 100546 r,Aschwaden Prediction,4107.75445125,15.085163709241533,HD 100546,6.7,11000.0,110.0,,HD 100546 d,5 banding 4,Not in HZ,1.2508578739237933e-16,9.803628791668651e-17,6.028142803093166e-17,5.708233227854696e-17
HD 100546 s,Aschwaden Prediction,4381.604748,15.748378471211876,HD 100546,6.7,11000.0,110.0,,HD 100546 d,4 banding 3,Not in HZ,1.2508578739237933e-16,9.803628791668651e-17,6.028142803093166e-17,5.708233227854696e-17
HD 100546 t,Aschwaden Prediction,8215.5089025,23.94620474116251,HD 100546,6.7,11000.0,110.0,,HD 100546 d,5 banding 2,Not in HZ,1.2508578739237933e-16,9.803628791668651e-17,6.028142803093166e-17,5.708233227854696e-17
HD 100546 u,Aschwaden Prediction,9858.610682999999,27.041089699674753,HD 100546,6.7,11000.0,110.0,,HD 100546 d,3 banding 1,Not in HZ,1.2508578739237933e-16,9.803628791668651e-17,6.028142803093166e-17,5.708233227854696e-17
HD 100546 v,Aschwaden Prediction,6572.407122,23.81101577952299,HD 100546,6.7,11000.0,110.0,,HD 100546 e,2 banding 1,Not in HZ,1.2508578739237933e-16,9.803628791668651e-17,6.028142803093166e-17,5.708233227854696e-17
HD 100546 w,Aschwaden Prediction,4929.3053414999995,19.65556045656672,HD 100546,6.7,11000.0,110.0,,HD 100546 e,3 banding 2,Not in HZ,1.2508578739237933e-16,9.803628791668651e-17,6.028142803093166e-17,5.708233227854696e-17
HD 100546 x,Aschwaden Prediction,5477.005935,21.08581663254373,HD 100546,6.7,11000.0,110.0,,HD 100546 e,5 banding 3,Not in HZ,1.2508578739237933e-16,9.803628791668651e-17,6.028142803093166e-17,5.708233227854696e-17
HD 100546 y,Aschwaden Prediction,4107.75445125,17.40595812604792,HD 100546,6.7,11000.0,110.0,,HD 100546 e,5 banding 4,Not in HZ,1.2508578739237933e-16,9.803628791668651e-17,6.028142803093166e-17,5.708233227854696e-17
HD 100546 z,Aschwaden Prediction,4381.604748,18.171205928321395,HD 100546,6.7,11000.0,110.0,,HD 100546 e,4 banding 3,Not in HZ,1.2508578739237933e-16,9.803628791668651e-17,6.028142803093166e-17,5.708233227854696e-17
HD 100546 aa,Aschwaden Prediction,8215.5089025,27.630236239802898,HD 100546,6.7,11000.0,110.0,,HD 100546 e,5 banding 2,Not in HZ,1.2508578739237933e-16,9.803628791668651e-17,6.028142803093166e-17,5.708233227854696e-17
HD 100546 ba,Aschwaden Prediction,9858.610682999999,31.20125734577856,HD 100546,6.7,11000.0,110.0,,HD 100546 e,3 banding 1,Not in HZ,1.2508578739237933e-16,9.803628791668651e-17,6.028142803093166e-17,5.708233227854696e-17
HD 100546 ca,Aschwaden Prediction,6572.407122,32.541721565348084,HD 100546,6.7,11000.0,110.0,,HD 100546 f,2 banding 1,Not in HZ,1.2508578739237933e-16,9.803628791668651e-17,6.028142803093166e-17,5.708233227854696e-17
HD 100546 da,Aschwaden Prediction,4929.3053414999995,26.86259929064119,HD 100546,6.7,11000.0,110.0,,HD 100546 f,3 banding 2,Not in HZ,1.2508578739237933e-16,9.803628791668651e-17,6.028142803093166e-17,5.708233227854696e-17
HD 100546 ea,Aschwaden Prediction,5477.005935,28.8172827311431,HD 100546,6.7,11000.0,110.0,,HD 100546 f,5 banding 3,Not in HZ,1.2508578739237933e-16,9.803628791668651e-17,6.028142803093166e-17,5.708233227854696e-17
HD 100546 fa,Aschwaden Prediction,4107.75445125,23.788142772265495,HD 100546,6.7,11000.0,110.0,,HD 100546 f,5 banding 4,Not in HZ,1.2508578739237933e-16,9.803628791668651e-17,6.028142803093166e-17,5.708233227854696e-17
HD 100546 ga,Aschwaden Prediction,4381.604748,24.833981435372575,HD 100546,6.7,11000.0,110.0,,HD 100546 f,4 banding 3,Not in HZ,1.2508578739237933e-16,9.803628791668651e-17,6.028142803093166e-17,5.708233227854696e-17
HD 100546 ha,Aschwaden Prediction,8215.5089025,37.76132286106396,HD 100546,6.7,11000.0,110.0,,HD 100546 f,5 banding 2,Not in HZ,1.2508578739237933e-16,9.803628791668651e-17,6.028142803093166e-17,5.708233227854696e-17
HD 100546 ia,Aschwaden Prediction,9858.610682999999,42.641718372564036,HD 100546,6.7,11000.0,110.0,,HD 100546 f,3 banding 1,Not in HZ,1.2508578739237933e-16,9.803628791668651e-17,6.028142803093166e-17,5.708233227854696e-17
HD 10180 k,Aschwaden Prediction,2.35536,0.03531967340629243,HD 10180,7.33,5911.0,39.4,,HD 10180 b,2 banding 1,Not in HZ,3.6266851549084884,2.8712469500546236,1.6336751057347736,1.5488729686105354
HD 10180 l,Aschwaden Prediction,1.76652,0.02915574801057397,HD 10180,7.33,5911.0,39.4,,HD 10180 b,3 banding 2,Not in HZ,3.6266851549084884,2.8712469500546236,1.6336751057347736,1.5488729686105354
HD 10180 m,Aschwaden Prediction,1.9628000000000003,0.03127729467160654,HD 10180,7.33,5911.0,39.4,,HD 10180 b,5 banding 3,Not in HZ,3.6266851549084884,2.8712469500546236,1.6336751057347736,1.5488729686105354
HD 10180 n,Aschwaden Prediction,1.4721000000000002,0.025818837886971084,HD 10180,7.33,5911.0,39.4,,HD 10180 b,5 banding 4,Not in HZ,3.6266851549084884,2.8712469500546236,1.6336751057347736,1.5488729686105354
HD 10180 o,Aschwaden Prediction,1.57024,0.0269539554603434,HD 10180,7.33,5911.0,39.4,,HD 10180 b,4 banding 3,Not in HZ,3.6266851549084884,2.8712469500546236,1.6336751057347736,1.5488729686105354
HD 10180 p,Aschwaden Prediction,2.9442000000000004,0.0409848504223743,HD 10180,7.33,5911.0,39.4,,HD 10180 b,5 banding 2,Not in HZ,3.6266851549084884,2.8712469500546236,1.6336751057347736,1.5488729686105354
HD 10180 q,Aschwaden Prediction,3.53304,0.04628186506290487,HD 10180,7.33,5911.0,39.4,,HD 10180 b,3 banding 1,Not in HZ,3.6266851549084884,2.8712469500546236,1.6336751057347736,1.5488729686105354
HD 10180 r,Aschwaden Prediction,19.31,0.1435010550979252,HD 10180,7.33,5911.0,39.4,,HD 10180 i,2 banding 1,Not in HZ,3.6266851549084884,2.8712469500546236,1.6336751057347736,1.5488729686105354
HD 10180 s,Aschwaden Prediction,14.482499999999998,0.1184575110182421,HD 10180,7.33,5911.0,39.4,,HD 10180 i,3 banding 2,Not in HZ,3.6266851549084884,2.8712469500546236,1.6336751057347736,1.5488729686105354
HD 10180 t,Aschwaden Prediction,16.091666666666665,0.12707718823879688,HD 10180,7.33,5911.0,39.4,,HD 10180 i,5 banding 3,Not in HZ,3.6266851549084884,2.8712469500546236,1.6336751057347736,1.5488729686105354
HD 10180 u,Aschwaden Prediction,12.06875,0.1048999076396488,HD 10180,7.33,5911.0,39.4,,HD 10180 i,5 banding 4,Not in HZ,3.6266851549084884,2.8712469500546236,1.6336751057347736,1.5488729686105354
HD 10180 v,Aschwaden Prediction,12.873333333333333,0.10951180106135029,HD 10180,7.33,5911.0,39.4,,HD 10180 i,4 banding 3,Not in HZ,3.6266851549084884,2.8712469500546236,1.6336751057347736,1.5488729686105354
HD 10180 w,Aschwaden Prediction,24.1375,0.16651822373854544,HD 10180,7.33,5911.0,39.4,,HD 10180 i,5 banding 2,Not in HZ,3.6266851549084884,2.8712469500546236,1.6336751057347736,1.5488729686105354
HD 10180 x,Aschwaden Prediction,28.964999999999996,0.18803957760389212,HD 10180,7.33,5911.0,39.4,,HD 10180 i,3 banding 1,Not in HZ,3.6266851549084884,2.8712469500546236,1.6336751057347736,1.5488729686105354
HD 1461 f,Aschwaden Prediction,908.0,1.8493222255429522,HD 1461,6.64,5765.0,23.4,,HD 1461 d,2 banding 1,Not in HZ,3.421257602180833,2.7087334809340646,1.5354791691344356,1.4557738602138366
HD 1461 g,Aschwaden Prediction,681.0,1.5265818621266822,HD 1461,6.64,5765.0,23.4,,HD 1461 d,3 banding 2,Not in HZ,3.421257602180833,2.7087334809340646,1.5354791691344356,1.4557738602138366
HD 1461 h,Aschwaden Prediction,756.6666666666666,1.6376650917942297,HD 1461,6.64,5765.0,23.4,,HD 1461 d,5 banding 3,Not in HZ,3.421257602180833,2.7087334809340646,1.5354791691344356,1.4557738602138366
HD 1461 i,Aschwaden Prediction,567.5,1.351862747789722,HD 1461,6.64,5765.0,23.4,,HD 1461 d,5 banding 4,Not in HZ,3.421257602180833,2.7087334809340646,1.5354791691344356,1.4557738602138366
HD 1461 j,Aschwaden Prediction,605.3333333333334,1.4112969937662954,HD 1461,6.64,5765.0,23.4,,HD 1461 d,4 banding 3,Not in HZ,3.421257602180833,2.7087334809340646,1.5354791691344356,1.4557738602138366
HD 1461 k,Aschwaden Prediction,1135.0,2.1459483479580252,HD 1461,6.64,5765.0,23.4,,HD 1461 d,5 banding 2,Not in HZ,3.421257602180833,2.7087334809340646,1.5354791691344356,1.4557738602138366
HD 1461 l,Aschwaden Prediction,1362.0,2.4232976538554682,HD 1461,6.64,5765.0,23.4,,HD 1461 d,3 banding 1,Not in HZ,3.421257602180833,2.7087334809340646,1.5354791691344356,1.4557738602138366
HD 163296 f,Aschwaden Prediction,6572.407122,73.02044839053717,HD 163296,6.85,5688.237937,122.0,,HD 163296 b,2 banding 1,Not in HZ,3.458954671765339,2.7386454350962235,1.5491691360959032,1.4687532810991974
HD 163296 g,Aschwaden Prediction,4929.3053414999995,60.277052066804615,HD 163296,6.85,5688.237937,122.0,,HD 163296 b,3 banding 2,Not in HZ,3.458954671765339,2.7386454350962235,1.5491691360959032,1.4687532810991974
HD 163296 h,Aschwaden Prediction,5477.005935,64.66317100646744,HD 163296,6.85,5688.237937,122.0,,HD 163296 b,5 banding 3,Not in HZ,3.458954671765339,2.7386454350962235,1.5491691360959032,1.4687532810991974
HD 163296 i,Aschwaden Prediction,4107.75445125,53.37827158654696,HD 163296,6.85,5688.237937,122.0,,HD 163296 b,5 banding 4,Not in HZ,3.458954671765339,2.7386454350962235,1.5491691360959032,1.4687532810991974
HD 163296 j,Aschwaden Prediction,4381.604748,55.72503151351895,HD 163296,6.85,5688.237937,122.0,,HD 163296 b,4 banding 3,Not in HZ,3.458954671765339,2.7386454350962235,1.5491691360959032,1.4687532810991974
HD 163296 k,Aschwaden Prediction,8215.5089025,84.73272446872889,HD 163296,6.85,5688.237937,122.0,,HD 163296 b,5 banding 2,Not in HZ,3.458954671765339,2.7386454350962235,1.5491691360959032,1.4687532810991974
HD 163296 l,Aschwaden Prediction,9858.610682999999,95.68385586038758,HD 163296,6.85,5688.237937,122.0,,HD 163296 b,3 banding 1,Not in HZ,3.458954671765339,2.7386454350962235,1.5491691360959032,1.4687532810991974
HD 163296 m,Aschwaden Prediction,6572.407122,85.71965680628277,HD 163296,6.85,5688.237937,122.0,,HD 163296 c,2 banding 1,Not in HZ,3.458954671765339,2.7386454350962235,1.5491691360959032,1.4687532810991974
HD 163296 n,Aschwaden Prediction,4929.3053414999995,70.7600176436402,HD 163296,6.85,5688.237937,122.0,,HD 163296 c,3 banding 2,Not in HZ,3.458954671765339,2.7386454350962235,1.5491691360959032,1.4687532810991974
HD 163296 o,Aschwaden Prediction,5477.005935,75.90893987715742,HD 163296,6.85,5688.237937,122.0,,HD 163296 c,5 banding 3,Not in HZ,3.458954671765339,2.7386454350962235,1.5491691360959032,1.4687532810991974
HD 163296 p,Aschwaden Prediction,4107.75445125,62.66144925377252,HD 163296,6.85,5688.237937,122.0,,HD 163296 c,5 banding 4,Not in HZ,3.458954671765339,2.7386454350962235,1.5491691360959032,1.4687532810991974
HD 163296 q,Aschwaden Prediction,4381.604748,65.41634134195702,HD 163296,6.85,5688.237937,122.0,,HD 163296 c,4 banding 3,Not in HZ,3.458954671765339,2.7386454350962235,1.5491691360959032,1.4687532810991974
HD 163296 r,Aschwaden Prediction,8215.5089025,99.46885046329044,HD 163296,6.85,5688.237937,122.0,,HD 163296 c,5 banding 2,Not in HZ,3.458954671765339,2.7386454350962235,1.5491691360959032,1.4687532810991974
HD 163296 s,Aschwaden Prediction,9858.610682999999,112.32452644480281,HD 163296,6.85,5688.237937,122.0,,HD 163296 c,3 banding 1,Not in HZ,3.458954671765339,2.7386454350962235,1.5491691360959032,1.4687532810991974
HD 163296 t,Aschwaden Prediction,6572.407122,134.13538889131286,HD 163296,6.85,5688.237937,122.0,,HD 163296 d,2 banding 1,Not in HZ,3.458954671765339,2.7386454350962235,1.5491691360959032,1.4687532810991974
HD 163296 u,Aschwaden Prediction,4929.3053414999995,110.72632390532587,HD 163296,6.85,5688.237937,122.0,,HD 163296 d,3 banding 2,Not in HZ,3.458954671765339,2.7386454350962235,1.5491691360959032,1.4687532810991974
HD 163296 v,Aschwaden Prediction,5477.005935,118.78343369666301,HD 163296,6.85,5688.237937,122.0,,HD 163296 d,5 banding 3,Not in HZ,3.458954671765339,2.7386454350962235,1.5491691360959032,1.4687532810991974
HD 163296 w,Aschwaden Prediction,4107.75445125,98.05356411006996,HD 163296,6.85,5688.237937,122.0,,HD 163296 d,5 banding 4,Not in HZ,3.458954671765339,2.7386454350962235,1.5491691360959032,1.4687532810991974
HD 163296 x,Aschwaden Prediction,4381.604748,102.3644600628772,HD 163296,6.85,5688.237937,122.0,,HD 163296 d,4 banding 3,Not in HZ,3.458954671765339,2.7386454350962235,1.5491691360959032,1.4687532810991974
HD 163296 y,Aschwaden Prediction,8215.5089025,155.65033081755632,HD 163296,6.85,5688.237937,122.0,,HD 163296 d,5 banding 2,Not in HZ,3.458954671765339,2.7386454350962235,1.5491691360959032,1.4687532810991974
HD 163296 z,Aschwaden Prediction,9858.610682999999,175.7670830478859,HD 163296,6.85,5688.237937,122.0,,HD 163296 d,3 banding 1,Not in HZ,3.458954671765339,2.7386454350962235,1.5491691360959032,1.4687532810991974
HD 30177 A f,Aschwaden Prediction,40.855876,0.23699897705885214,HD 30177 A,8.41,5580.0,54.7,,HD 30177 Ad,2 banding 1,Not in HZ,3.8081702047529333,3.015240570618537,1.7002763361642133,1.612017191694431
HD 30177 A g,Aschwaden Prediction,30.641907000000003,0.1956383450776941,HD 30177 A,8.41,5580.0,54.7,,HD 30177 Ad,3 banding 2,Not in HZ,3.8081702047529333,3.015240570618537,1.7002763361642133,1.612017191694431
HD 30177 A h,Aschwaden Prediction,34.04656333333333,0.2098741615492519,HD 30177 A,8.41,5580.0,54.7,,HD 30177 Ad,5 banding 3,Not in HZ,3.8081702047529333,3.015240570618537,1.7002763361642133,1.612017191694431
HD 30177 A i,Aschwaden Prediction,25.5349225,0.17324730321459697,HD 30177 A,8.41,5580.0,54.7,,HD 30177 Ad,5 banding 4,Not in HZ,3.8081702047529333,3.015240570618537,1.7002763361642133,1.612017191694431
HD 30177 A j,Aschwaden Prediction,27.237250666666668,0.1808640696732256,HD 30177 A,8.41,5580.0,54.7,,HD 30177 Ad,4 banding 3,Not in HZ,3.8081702047529333,3.015240570618537,1.7002763361642133,1.612017191694431
HD 30177 A k,Aschwaden Prediction,51.069845,0.27501295137350484,HD 30177 A,8.41,5580.0,54.7,,HD 30177 Ad,5 banding 2,Not in HZ,3.8081702047529333,3.015240570618537,1.7002763361642133,1.612017191694431
HD 30177 A l,Aschwaden Prediction,61.28381400000001,0.31055651478164925,HD 30177 A,8.41,5580.0,54.7,,HD 30177 Ad,3 banding 1,Optimistic HZ,3.8081702047529333,3.015240570618537,1.7002763361642133,1.612017191694431
HD 4917 e,Aschwaden Prediction,1642.0,25.61150500874039,HD 4917,8.04,4802.0,134.4,,HD 4917 c,2 banding 1,Not in HZ,3.576488177508977,2.8324365985516087,1.5524003367479895,1.4718346527786796
HD 4917 f,Aschwaden Prediction,1231.5,21.141831568390277,HD 4917,8.04,4802.0,134.4,,HD 4917 c,3 banding 2,Not in HZ,3.576488177508977,2.8324365985516087,1.5524003367479895,1.4718346527786796
HD 4917 g,Aschwaden Prediction,1368.3333333333333,22.680237722667787,HD 4917,8.04,4802.0,134.4,,HD 4917 c,5 banding 3,Not in HZ,3.576488177508977,2.8324365985516087,1.5524003367479895,1.4718346527786796
HD 4917 h,Aschwaden Prediction,1026.25,18.722123736971145,HD 4917,8.04,4802.0,134.4,,HD 4917 c,5 banding 4,Not in HZ,3.576488177508977,2.8324365985516087,1.5524003367479895,1.4718346527786796
HD 4917 i,Aschwaden Prediction,1094.6666666666667,19.545236371154086,HD 4917,8.04,4802.0,134.4,,HD 4917 c,4 banding 3,Not in HZ,3.576488177508977,2.8324365985516087,1.5524003367479895,1.4718346527786796
HD 4917 j,Aschwaden Prediction,2052.5,29.71951891514679,HD 4917,8.04,4802.0,134.4,,HD 4917 c,5 banding 2,Not in HZ,3.576488177508977,2.8324365985516087,1.5524003367479895,1.4718346527786796
HD 4917 k,Aschwaden Prediction,2463.0,33.56056567219722,HD 4917,8.04,4802.0,134.4,,HD 4917 c,3 banding 1,Not in HZ,3.576488177508977,2.8324365985516087,1.5524003367479895,1.4718346527786796
HIP 14342 d,Aschwaden Prediction,6572.407122,25.61150500874039,HIP 14342,8.66,5688.237937,88.9,,HIP 14342 b,2 banding 1,Not in HZ,3.8891843640187087,3.079282041973528,1.7418569923755578,1.6514388991795677
HIP 14342 e,Aschwaden Prediction,4929.3053414999995,21.141831568390277,HIP 14342,8.66,5688.237937,88.9,,HIP 14342 b,3 banding 2,Not in HZ,3.8891843640187087,3.079282041973528,1.7418569923755578,1.6514388991795677
HIP 14342 f,Aschwaden Prediction,5477.005935,22.680237722667787,HIP 14342,8.66,5688.237937,88.9,,HIP 14342 b,5 banding 3,Not in HZ,3.8891843640187087,3.079282041973528,1.7418569923755578,1.6514388991795677
HIP 14342 g,Aschwaden Prediction,4107.75445125,18.722123736971145,HIP 14342,8.66,5688.237937,88.9,,HIP 14342 b,5 banding 4,Not in HZ,3.8891843640187087,3.079282041973528,1.7418569923755578,1.6514388991795677
HIP 14342 h,Aschwaden Prediction,4381.604748,19.545236371154083,HIP 14342,8.66,5688.237937,88.9,,HIP 14342 b,4 banding 3,Not in HZ,3.8891843640187087,3.079282041973528,1.7418569923755578,1.6514388991795677
HIP 14342 i,Aschwaden Prediction,8215.5089025,29.71951891514679,HIP 14342,8.66,5688.237937,88.9,,HIP 14342 b,5 banding 2,Not in HZ,3.8891843640187087,3.079282041973528,1.7418569923755578,1.6514388991795677
HIP 14342 j,Aschwaden Prediction,9858.610682999999,33.56056567219722,HIP 14342,8.66,5688.237937,88.9,,HIP 14342 b,3 banding 1,Not in HZ,3.8891843640187087,3.079282041973528,1.7418569923755578,1.6514388991795677
HIP 27629 d,Aschwaden Prediction,198.76826906,0.6667084418266437,HIP 27629,5.58,4945.0,117.514,,HIP 27629 b,2 banding 1,Conservative HZ,2.9987448301460558,2.3747973869026193,1.309351894309309,1.2413954686919333
HIP 27629 e,Aschwaden Prediction,149.076201795,0.5503556927838682,HIP 27629,5.58,4945.0,117.514,,HIP 27629 b,3 banding 2,Conservative HZ,2.9987448301460558,2.3747973869026193,1.309351894309309,1.2413954686919333
HIP 27629 f,Aschwaden Prediction,165.64022421666667,0.5904028657112245,HIP 27629,5.58,4945.0,117.514,,HIP 27629 b,5 banding 3,Conservative HZ,2.9987448301460558,2.3747973869026193,1.309351894309309,1.2413954686919333
HIP 27629 g,Aschwaden Prediction,124.2301681625,0.4873668275293418,HIP 27629,5.58,4945.0,117.514,,HIP 27629 b,5 banding 4,Conservative HZ,2.9987448301460558,2.3747973869026193,1.309351894309309,1.2413954686919333
HIP 27629 h,Aschwaden Prediction,132.51217937333334,0.5087937659929992,HIP 27629,5.58,4945.0,117.514,,HIP 27629 b,4 banding 3,Conservative HZ,2.9987448301460558,2.3747973869026193,1.309351894309309,1.2413954686919333
HIP 27629 i,Aschwaden Prediction,248.460336325,0.7736466147144812,HIP 27629,5.58,4945.0,117.514,,HIP 27629 b,5 banding 2,Conservative HZ,2.9987448301460558,2.3747973869026193,1.309351894309309,1.2413954686919333
HIP 27629 j,Aschwaden Prediction,298.15240359,0.8736352056817996,HIP 27629,5.58,4945.0,117.514,,HIP 27629 b,3 banding 1,Conservative HZ,2.9987448301460558,2.3747973869026193,1.309351894309309,1.2413954686919333
HIP 41378 h,Aschwaden Prediction,124.12,0.5122543194701379,HIP 41378,8.9,6199.0,116.0,,Exomoon HIP 41378 f-i,2 banding 1,Conservative HZ,4.0674247086444595,3.219896689451036,1.8436147105623508,1.7479183389644257
HIP 41378 i,Aschwaden Prediction,93.09,0.4228566239556054,HIP 41378,8.9,6199.0,116.0,,Exomoon HIP 41378 f-i,3 banding 2,Conservative HZ,4.0674247086444595,3.219896689451036,1.8436147105623508,1.7479183389644257
HIP 41378 j,Aschwaden Prediction,103.43333333333334,0.4536262018214574,HIP 41378,8.9,6199.0,116.0,,Exomoon HIP 41378 f-i,5 banding 3,Conservative HZ,4.0674247086444595,3.219896689451036,1.8436147105623508,1.7479183389644257
HIP 41378 k,Aschwaden Prediction,77.575,0.374460179151711,HIP 41378,8.9,6199.0,116.0,,Exomoon HIP 41378 f-i,5 banding 4,Optimistic HZ,4.0674247086444595,3.219896689451036,1.8436147105623508,1.7479183389644257
HIP 41378 l,Aschwaden Prediction,82.74666666666667,0.39092321020462095,HIP 41378,8.9,6199.0,116.0,,Exomoon HIP 41378 f-i,4 banding 3,Conservative HZ,4.0674247086444595,3.219896689451036,1.8436147105623508,1.7479183389644257
HIP 41378 m,Aschwaden Prediction,155.15,0.5944184823056263,HIP 41378,8.9,6199.0,116.0,,Exomoon HIP 41378 f-i,5 banding 2,Conservative HZ,4.0674247086444595,3.219896689451036,1.8436147105623508,1.7479183389644257
HIP 41378 n,Aschwaden Prediction,186.18,0.6712430496988494,HIP 41378,8.9,6199.0,116.0,,Exomoon HIP 41378 f-i,3 banding 1,Conservative HZ,4.0674247086444595,3.219896689451036,1.8436147105623508,1.7479183389644257
HIP 96516 d,Aschwaden Prediction,201.5802636,0.6730580460345165,HIP 96516,5.66,4890.0,177.583,,HIP 96516  b,2 banding 1,Conservative HZ,3.0125210959061284,2.385742401296737,1.3124233060599333,1.2443090542995079
HIP 96516 e,Aschwaden Prediction,151.1851977,0.555597175572286,HIP 96516,5.66,4890.0,177.583,,HIP 96516  b,3 banding 2,Conservative HZ,3.0125210959061284,2.385742401296737,1.3124233060599333,1.2443090542995079
HIP 96516 f,Aschwaden Prediction,167.983553,0.5960257501465694,HIP 96516,5.66,4890.0,177.583,,HIP 96516  b,5 banding 3,Conservative HZ,3.0125210959061284,2.385742401296737,1.3124233060599333,1.2443090542995079
HIP 96516 g,Aschwaden Prediction,125.98766475,0.4920084163629546,HIP 96516,5.66,4890.0,177.583,,HIP 96516  b,5 banding 4,Conservative HZ,3.0125210959061284,2.385742401296737,1.3124233060599333,1.2443090542995079
HIP 96516 h,Aschwaden Prediction,134.3868424,0.5136394209072181,HIP 96516,5.66,4890.0,177.583,,HIP 96516  b,4 banding 3,Conservative HZ,3.0125210959061284,2.385742401296737,1.3124233060599333,1.2443090542995079
HIP 96516 i,Aschwaden Prediction,251.9753295,0.7810146777117619,HIP 96516,5.66,4890.0,177.583,,HIP 96516  b,5 banding 2,Conservative HZ,3.0125210959061284,2.385742401296737,1.3124233060599333,1.2443090542995079
HIP 96516 j,Aschwaden Prediction,302.3703954,0.8819555409740073,HIP 96516,5.66,4890.0,177.583,,HIP 96516  b,3 banding 1,Conservative HZ,3.0125210959061284,2.385742401296737,1.3124233060599333,1.2443090542995079
HL Tau e,Aschwaden Prediction,6572.407122,20.95369388598023,HL Tau,14.49,4000.0,140.0,,HL Tau b,2 banding 1,Not in HZ,4.677717947212248,3.70517641074793,1.9556562213785458,1.854221666387175
HL Tau f,Aschwaden Prediction,4929.3053414999995,17.296893201778715,HL Tau,14.49,4000.0,140.0,,HL Tau b,3 banding 2,Not in HZ,4.677717947212248,3.70517641074793,1.9556562213785458,1.854221666387175
HL Tau g,Aschwaden Prediction,5477.005935,18.55551863663848,HL Tau,14.49,4000.0,140.0,,HL Tau b,5 banding 3,Not in HZ,4.677717947212248,3.70517641074793,1.9556562213785458,1.854221666387175
HL Tau h,Aschwaden Prediction,4107.75445125,15.31724315092217,HL Tau,14.49,4000.0,140.0,,HL Tau b,5 banding 4,Not in HZ,4.677717947212248,3.70517641074793,1.9556562213785458,1.854221666387175
HL Tau i,Aschwaden Prediction,4381.604748,15.990661216922827,HL Tau,14.49,4000.0,140.0,,HL Tau b,4 banding 3,Not in HZ,4.677717947212248,3.70517641074793,1.9556562213785458,1.854221666387175
HL Tau j,Aschwaden Prediction,8215.5089025,24.314607891026547,HL Tau,14.49,4000.0,140.0,,HL Tau b,5 banding 2,Not in HZ,4.677717947212248,3.70517641074793,1.9556562213785458,1.854221666387175
HL Tau k,Aschwaden Prediction,9858.610682999999,27.457106464285133,HL Tau,14.49,4000.0,140.0,,HL Tau b,3 banding 1,Not in HZ,4.677717947212248,3.70517641074793,1.9556562213785458,1.854221666387175
HL Tau l,Aschwaden Prediction,6572.407122,51.27305397857283,HL Tau,14.49,4000.0,140.0,,HL Tau c,2 banding 1,Not in HZ,4.677717947212248,3.70517641074793,1.9556562213785458,1.854221666387175
HL Tau m,Aschwaden Prediction,4929.3053414999995,42.324973516473676,HL Tau,14.49,4000.0,140.0,,HL Tau c,3 banding 2,Not in HZ,4.677717947212248,3.70517641074793,1.9556562213785458,1.854221666387175
HL Tau n,Aschwaden Prediction,5477.005935,45.40479181541083,HL Tau,14.49,4000.0,140.0,,HL Tau c,5 banding 3,Not in HZ,4.677717947212248,3.70517641074793,1.9556562213785458,1.854221666387175
HL Tau o,Aschwaden Prediction,4107.75445125,37.480829831423186,HL Tau,14.49,4000.0,140.0,,HL Tau c,5 banding 4,Not in HZ,4.677717947212248,3.70517641074793,1.9556562213785458,1.854221666387175
HL Tau p,Aschwaden Prediction,4381.604748,39.12866343231874,HL Tau,14.49,4000.0,140.0,,HL Tau c,4 banding 3,Not in HZ,4.677717947212248,3.70517641074793,1.9556562213785458,1.854221666387175
HL Tau q,Aschwaden Prediction,8215.5089025,59.49710870304224,HL Tau,14.49,4000.0,140.0,,HL Tau c,5 banding 2,Not in HZ,4.677717947212248,3.70517641074793,1.9556562213785458,1.854221666387175
HL Tau r,Aschwaden Prediction,9858.610682999999,67.1867074845765,HL Tau,14.49,4000.0,140.0,,HL Tau c,3 banding 1,Not in HZ,4.677717947212248,3.70517641074793,1.9556562213785458,1.854221666387175
HU Aqr (AB) d,Aschwaden Prediction,6556.0,6.809950512943575,HU Aqr (AB),15.0,5688.237937,302.4853135,,HU Aqr (AB) b,2 banding 1,Not in HZ,5.118529546484507,4.052622513763872,2.2924463452311774,2.173447697123314
HU Aqr (AB) e,Aschwaden Prediction,4917.0,5.621490290578083,HU Aqr (AB),15.0,5688.237937,302.4853135,,HU Aqr (AB) b,3 banding 2,Not in HZ,5.118529546484507,4.052622513763872,2.2924463452311774,2.173447697123314
HU Aqr (AB) f,Aschwaden Prediction,5463.333333333333,6.0305435569075065,HU Aqr (AB),15.0,5688.237937,302.4853135,,HU Aqr (AB) b,5 banding 3,Not in HZ,5.118529546484507,4.052622513763872,2.2924463452311774,2.173447697123314
HU Aqr (AB) g,Aschwaden Prediction,4097.5,4.978104024049705,HU Aqr (AB),15.0,5688.237937,302.4853135,,HU Aqr (AB) b,5 banding 4,Not in HZ,5.118529546484507,4.052622513763872,2.2924463452311774,2.173447697123314
HU Aqr (AB) h,Aschwaden Prediction,4370.666666666667,5.19696489549992,HU Aqr (AB),15.0,5688.237937,302.4853135,,HU Aqr (AB) b,4 banding 3,Not in HZ,5.118529546484507,4.052622513763872,2.2924463452311774,2.173447697123314
HU Aqr (AB) i,Aschwaden Prediction,8195.0,7.902247564583629,HU Aqr (AB),15.0,5688.237937,302.4853135,,HU Aqr (AB) b,5 banding 2,Not in HZ,5.118529546484507,4.052622513763872,2.2924463452311774,2.173447697123314
HU Aqr (AB) j,Aschwaden Prediction,9834.0,8.923559600892668,HU Aqr (AB),15.0,5688.237937,302.4853135,,HU Aqr (AB) b,3 banding 1,Not in HZ,5.118529546484507,4.052622513763872,2.2924463452311774,2.173447697123314
IRS 63 d,Aschwaden Prediction,6572.407122,30.160619987395787,IRS 63,9.885491525,5688.237937,144.0,,IRS 63 b,2 banding 1,Not in HZ,4.155264934775836,3.289952724194379,1.861027044326932,1.7644229502648114
IRS 63 e,Aschwaden Prediction,4929.3053414999995,24.897043244984516,IRS 63,9.885491525,5688.237937,144.0,,IRS 63 b,3 banding 2,Not in HZ,4.155264934775836,3.289952724194379,1.861027044326932,1.7644229502648114
IRS 63 f,Aschwaden Prediction,5477.005935,26.708701067888725,IRS 63,9.885491525,5688.237937,144.0,,IRS 63 b,5 banding 3,Not in HZ,4.155264934775836,3.289952724194379,1.861027044326932,1.7644229502648114
IRS 63 g,Aschwaden Prediction,4107.75445125,22.0475469596607,IRS 63,9.885491525,5688.237937,144.0,,IRS 63 b,5 banding 4,Not in HZ,4.155264934775836,3.289952724194379,1.861027044326932,1.7644229502648114
IRS 63 h,Aschwaden Prediction,4381.604748,23.016860842540435,IRS 63,9.885491525,5688.237937,144.0,,IRS 63 b,4 banding 3,Not in HZ,4.155264934775836,3.289952724194379,1.861027044326932,1.7644229502648114
IRS 63 i,Aschwaden Prediction,8215.5089025,34.99829923708367,IRS 63,9.885491525,5688.237937,144.0,,IRS 63 b,5 banding 2,Not in HZ,4.155264934775836,3.289952724194379,1.861027044326932,1.7644229502648114
IRS 63 j,Aschwaden Prediction,9858.610682999999,39.521592637986174,IRS 63,9.885491525,5688.237937,144.0,,IRS 63 b,3 banding 1,Not in HZ,4.155264934775836,3.289952724194379,1.861027044326932,1.7644229502648114
J0337 e,Aschwaden Prediction,6572.407122,95.24406311809196,J0337,11.29,7800.0,303.0,,J0337 b,2 banding 1,Not in HZ,4.91474109803221,3.889413520082163,2.2587613392650345,2.141611012852221
J0337 f,Aschwaden Prediction,4929.3053414999995,78.62224182626689,J0337,11.29,7800.0,303.0,,J0337 b,3 banding 2,Not in HZ,4.91474109803221,3.889413520082163,2.2587613392650345,2.141611012852221
J0337 g,Aschwaden Prediction,5477.005935,84.34326653017492,J0337,11.29,7800.0,303.0,,J0337 b,5 banding 3,Not in HZ,4.91474109803221,3.889413520082163,2.2587613392650345,2.141611012852221
J0337 h,Aschwaden Prediction,4107.75445125,69.62383250419168,J0337,11.29,7800.0,303.0,,J0337 b,5 banding 4,Not in HZ,4.91474109803221,3.889413520082163,2.2587613392650345,2.141611012852221
J0337 i,Aschwaden Prediction,4381.604748,72.68482371328558,J0337,11.29,7800.0,303.0,,J0337 b,4 banding 3,Not in HZ,4.91474109803221,3.889413520082163,2.2587613392650345,2.141611012852221
J0337 j,Aschwaden Prediction,8215.5089025,110.52094495921159,J0337,11.29,7800.0,303.0,,J0337 b,5 banding 2,Not in HZ,4.91474109803221,3.889413520082163,2.2587613392650345,2.141611012852221
J0337 k,Aschwaden Prediction,9858.610682999999,124.80502938311425,J0337,11.29,7800.0,303.0,,J0337 b,3 banding 1,Not in HZ,4.91474109803221,3.889413520082163,2.2587613392650345,2.141611012852221
J0337 l,Aschwaden Prediction,284712.0,142.86609467713794,J0337,11.29,7800.0,303.0,,J0337 c,2 banding 1,Not in HZ,4.91474109803221,3.889413520082163,2.2587613392650345,2.141611012852221
J0337 m,Aschwaden Prediction,213534.0,117.93336273940034,J0337,11.29,7800.0,303.0,,J0337 c,3 banding 2,Not in HZ,4.91474109803221,3.889413520082163,2.2587613392650345,2.141611012852221
J0337 n,Aschwaden Prediction,237260.0,126.51489979526238,J0337,11.29,7800.0,303.0,,J0337 c,5 banding 3,Not in HZ,4.91474109803221,3.889413520082163,2.2587613392650345,2.141611012852221
J0337 o,Aschwaden Prediction,177945.0,104.43574875628754,J0337,11.29,7800.0,303.0,,J0337 c,5 banding 4,Not in HZ,4.91474109803221,3.889413520082163,2.2587613392650345,2.141611012852221
J0337 p,Aschwaden Prediction,189808.0,109.02723556992838,J0337,11.29,7800.0,303.0,,J0337 c,4 banding 3,Not in HZ,4.91474109803221,3.889413520082163,2.2587613392650345,2.141611012852221
J0337 q,Aschwaden Prediction,355890.0,165.78141743881739,J0337,11.29,7800.0,303.0,,J0337 c,5 banding 2,Not in HZ,4.91474109803221,3.889413520082163,2.2587613392650345,2.141611012852221
J0337 r,Aschwaden Prediction,427068.0,187.20754407467138,J0337,11.29,7800.0,303.0,,J0337 c,3 banding 1,Not in HZ,4.91474109803221,3.889413520082163,2.2587613392650345,2.141611012852221
K2-266 A h,Aschwaden Prediction,12.2004,0.08981515152036072,K2-266 A,9.885491525,4362.0,77.5586,,K2-266 Af,2 banding 1,Not in HZ,3.901121741260037,3.0898441623758597,1.660010620872778,1.573883613361677
K2-266 A i,Aschwaden Prediction,9.1503,0.07414077404216968,K2-266 A,9.885491525,4362.0,77.5586,,K2-266 Af,3 banding 2,Not in HZ,3.901121741260037,3.0898441623758597,1.660010620872778,1.573883613361677
K2-266 A j,Aschwaden Prediction,10.167,0.07953570033795494,K2-266 A,9.885491525,4362.0,77.5586,,K2-266 Af,5 banding 3,Not in HZ,3.901121741260037,3.0898441623758597,1.660010620872778,1.573883613361677
K2-266 A k,Aschwaden Prediction,7.62525,0.06565527405145276,K2-266 A,9.885491525,4362.0,77.5586,,K2-266 Af,5 banding 4,Not in HZ,3.901121741260037,3.0898441623758597,1.660010620872778,1.573883613361677
K2-266 A l,Aschwaden Prediction,8.1336,0.06854178876162831,K2-266 A,9.885491525,4362.0,77.5586,,K2-266 Af,4 banding 3,Not in HZ,3.901121741260037,3.0898441623758597,1.660010620872778,1.573883613361677
K2-266 A m,Aschwaden Prediction,15.2505,0.10422125109653653,K2-266 A,9.885491525,4362.0,77.5586,,K2-266 Af,5 banding 2,Not in HZ,3.901121741260037,3.0898441623758597,1.660010620872778,1.573883613361677
K2-266 A n,Aschwaden Prediction,18.3006,0.11769114270827673,K2-266 A,9.885491525,4362.0,77.5586,,K2-266 Af,3 banding 1,Not in HZ,3.901121741260037,3.0898441623758597,1.660010620872778,1.573883613361677
K2-356 b,Aschwaden Prediction,84.7645024,0.426693402769052,K2-356,13.297,5568.0,355.54,,EPIC 211537087.02,2 banding 1,Conservative HZ,4.785092832339339,3.788764457944103,2.1356903592245984,2.0248295481965983
K2-356 c,Aschwaden Prediction,63.5733768,0.35222764338167567,K2-356,13.297,5568.0,355.54,,EPIC 211537087.02,3 banding 2,Conservative HZ,4.785092832339339,3.788764457944103,2.1356903592245984,2.0248295481965983
K2-356 d,Aschwaden Prediction,70.63708533333333,0.37785783405518364,K2-356,13.297,5568.0,355.54,,EPIC 211537087.02,5 banding 3,Conservative HZ,4.785092832339339,3.788764457944103,2.1356903592245984,2.0248295481965983
K2-356 e,Aschwaden Prediction,52.977813999999995,0.31191476961877873,K2-356,13.297,5568.0,355.54,,EPIC 211537087.02,5 banding 4,Optimistic HZ,4.785092832339339,3.788764457944103,2.1356903592245984,2.0248295481965983
K2-356 f,Aschwaden Prediction,56.509668266666665,0.3256280102355194,K2-356,13.297,5568.0,355.54,,EPIC 211537087.02,4 banding 3,Optimistic HZ,4.785092832339339,3.788764457944103,2.1356903592245984,2.0248295481965983
K2-356 g,Aschwaden Prediction,105.95562799999999,0.4951338334172679,K2-356,13.297,5568.0,355.54,,EPIC 211537087.02,5 banding 2,Conservative HZ,4.785092832339339,3.788764457944103,2.1356903592245984,2.0248295481965983
K2-356 h,Aschwaden Prediction,127.1467536,0.5591265316363517,K2-356,13.297,5568.0,355.54,,EPIC 211537087.02,3 banding 1,Conservative HZ,4.785092832339339,3.788764457944103,2.1356903592245984,2.0248295481965983
K2-38 e,Aschwaden Prediction,1506.0,25.61150500874039,K2-38,11.4,5705.0,192.69,,K2-38 B,2 banding 1,Not in HZ,4.46670563503209,3.536518971357254,2.001439840818169,1.8975470076246899
K2-38 f,Aschwaden Prediction,1129.5,21.141831568390277,K2-38,11.4,5705.0,192.69,,K2-38 B,3 banding 2,Not in HZ,4.46670563503209,3.536518971357254,2.001439840818169,1.8975470076246899
K2-38 g,Aschwaden Prediction,1255.0,22.680237722667787,K2-38,11.4,5705.0,192.69,,K2-38 B,5 banding 3,Not in HZ,4.46670563503209,3.536518971357254,2.001439840818169,1.8975470076246899
K2-38 h,Aschwaden Prediction,941.25,18.722123736971145,K2-38,11.4,5705.0,192.69,,K2-38 B,5 banding 4,Not in HZ,4.46670563503209,3.536518971357254,2.001439840818169,1.8975470076246899
K2-38 i,Aschwaden Prediction,1004.0,19.545236371154083,K2-38,11.4,5705.0,192.69,,K2-38 B,4 banding 3,Not in HZ,4.46670563503209,3.536518971357254,2.001439840818169,1.8975470076246899
K2-38 j,Aschwaden Prediction,1882.5,29.71951891514679,K2-38,11.4,5705.0,192.69,,K2-38 B,5 banding 2,Not in HZ,4.46670563503209,3.536518971357254,2.001439840818169,1.8975470076246899
K2-38 k,Aschwaden Prediction,2259.0,33.56056567219722,K2-38,11.4,5705.0,192.69,,K2-38 B,3 banding 1,Not in HZ,4.46670563503209,3.536518971357254,2.001439840818169,1.8975470076246899
KIC 3542116 b,Aschwaden Prediction,6572.407122,0.9524406311809196,KIC 3542116,9.885491525,6925.0,227.7,,Exocomet KIC 3542116 1,2 banding 1,Conservative HZ,4.466933077194704,3.53547591947917,2.045161232590439,1.9390282759339075
KIC 3542116 c,Aschwaden Prediction,4929.3053414999995,0.7862224182626689,KIC 3542116,9.885491525,6925.0,227.7,,Exocomet KIC 3542116 1,3 banding 2,Conservative HZ,4.466933077194704,3.53547591947917,2.045161232590439,1.9390282759339075
KIC 3542116 d,Aschwaden Prediction,5477.005935,0.8434326653017492,KIC 3542116,9.885491525,6925.0,227.7,,Exocomet KIC 3542116 1,5 banding 3,Conservative HZ,4.466933077194704,3.53547591947917,2.045161232590439,1.9390282759339075
KIC 3542116 e,Aschwaden Prediction,4107.75445125,0.6962383250419169,KIC 3542116,9.885491525,6925.0,227.7,,Exocomet KIC 3542116 1,5 banding 4,Conservative HZ,4.466933077194704,3.53547591947917,2.045161232590439,1.9390282759339075
KIC 3542116 f,Aschwaden Prediction,4381.604748,0.7268482371328558,KIC 3542116,9.885491525,6925.0,227.7,,Exocomet KIC 3542116 1,4 banding 3,Conservative HZ,4.466933077194704,3.53547591947917,2.045161232590439,1.9390282759339075
KIC 3542116 g,Aschwaden Prediction,8215.5089025,1.1052094495921159,KIC 3542116,9.885491525,6925.0,227.7,,Exocomet KIC 3542116 1,5 banding 2,Conservative HZ,4.466933077194704,3.53547591947917,2.045161232590439,1.9390282759339075
KIC 3542116 h,Aschwaden Prediction,9858.610682999999,1.2480502938311424,KIC 3542116,9.885491525,6925.0,227.7,,Exocomet KIC 3542116 1,3 banding 1,Conservative HZ,4.466933077194704,3.53547591947917,2.045161232590439,1.9390282759339075
KIC 3542116 i,Aschwaden Prediction,6572.407122,0.9524406311809196,KIC 3542116,9.885491525,6925.0,227.7,,Exocomet KIC 3542116 2,2 banding 1,Conservative HZ,4.466933077194704,3.53547591947917,2.045161232590439,1.9390282759339075
KIC 3542116 j,Aschwaden Prediction,4929.3053414999995,0.7862224182626689,KIC 3542116,9.885491525,6925.0,227.7,,Exocomet KIC 3542116 2,3 banding 2,Conservative HZ,4.466933077194704,3.53547591947917,2.045161232590439,1.9390282759339075
KIC 3542116 k,Aschwaden Prediction,5477.005935,0.8434326653017492,KIC 3542116,9.885491525,6925.0,227.7,,Exocomet KIC 3542116 2,5 banding 3,Conservative HZ,4.466933077194704,3.53547591947917,2.045161232590439,1.9390282759339075
KIC 3542116 l,Aschwaden Prediction,4107.75445125,0.6962383250419169,KIC 3542116,9.885491525,6925.0,227.7,,Exocomet KIC 3542116 2,5 banding 4,Conservative HZ,4.466933077194704,3.53547591947917,2.045161232590439,1.9390282759339075
KIC 3542116 m,Aschwaden Prediction,4381.604748,0.7268482371328558,KIC 3542116,9.885491525,6925.0,227.7,,Exocomet KIC 3542116 2,4 banding 3,Conservative HZ,4.466933077194704,3.53547591947917,2.045161232590439,1.9390282759339075
KIC 3542116 n,Aschwaden Prediction,8215.5089025,1.1052094495921159,KIC 3542116,9.885491525,6925.0,227.7,,Exocomet KIC 3542116 2,5 banding 2,Conservative HZ,4.466933077194704,3.53547591947917,2.045161232590439,1.9390282759339075
KIC 3542116 o,Aschwaden Prediction,9858.610682999999,1.2480502938311424,KIC 3542116,9.885491525,6925.0,227.7,,Exocomet KIC 3542116 2,3 banding 1,Conservative HZ,4.466933077194704,3.53547591947917,2.045161232590439,1.9390282759339075
KIC 3542116 p,Aschwaden Prediction,6572.407122,0.9524406311809196,KIC 3542116,9.885491525,6925.0,227.7,,Exocomet KIC 3542116 3,2 banding 1,Conservative HZ,4.466933077194704,3.53547591947917,2.045161232590439,1.9390282759339075
KIC 3542116 q,Aschwaden Prediction,4929.3053414999995,0.7862224182626689,KIC 3542116,9.885491525,6925.0,227.7,,Exocomet KIC 3542116 3,3 banding 2,Conservative HZ,4.466933077194704,3.53547591947917,2.045161232590439,1.9390282759339075
KIC 3542116 r,Aschwaden Prediction,5477.005935,0.8434326653017492,KIC 3542116,9.885491525,6925.0,227.7,,Exocomet KIC 3542116 3,5 banding 3,Conservative HZ,4.466933077194704,3.53547591947917,2.045161232590439,1.9390282759339075
KIC 3542116 s,Aschwaden Prediction,4107.75445125,0.6962383250419169,KIC 3542116,9.885491525,6925.0,227.7,,Exocomet KIC 3542116 3,5 banding 4,Conservative HZ,4.466933077194704,3.53547591947917,2.045161232590439,1.9390282759339075
KIC 3542116 t,Aschwaden Prediction,4381.604748,0.7268482371328558,KIC 3542116,9.885491525,6925.0,227.7,,Exocomet KIC 3542116 3,4 banding 3,Conservative HZ,4.466933077194704,3.53547591947917,2.045161232590439,1.9390282759339075
KIC 3542116 u,Aschwaden Prediction,8215.5089025,1.1052094495921159,KIC 3542116,9.885491525,6925.0,227.7,,Exocomet KIC 3542116 3,5 banding 2,Conservative HZ,4.466933077194704,3.53547591947917,2.045161232590439,1.9390282759339075
KIC 3542116 v,Aschwaden Prediction,9858.610682999999,1.2480502938311424,KIC 3542116,9.885491525,6925.0,227.7,,Exocomet KIC 3542116 3,3 banding 1,Conservative HZ,4.466933077194704,3.53547591947917,2.045161232590439,1.9390282759339075
KIC 3542116 w,Aschwaden Prediction,6572.407122,1.5874010519681994,KIC 3542116,9.885491525,6925.0,227.7,,Exocomet KIC 3542116 4,2 banding 1,Not in HZ,4.466933077194704,3.53547591947917,2.045161232590439,1.9390282759339075
KIC 3542116 x,Aschwaden Prediction,4929.3053414999995,1.3103706971044482,KIC 3542116,9.885491525,6925.0,227.7,,Exocomet KIC 3542116 4,3 banding 2,Not in HZ,4.466933077194704,3.53547591947917,2.045161232590439,1.9390282759339075
KIC 3542116 y,Aschwaden Prediction,5477.005935,1.4057211088362487,KIC 3542116,9.885491525,6925.0,227.7,,Exocomet KIC 3542116 4,5 banding 3,Not in HZ,4.466933077194704,3.53547591947917,2.045161232590439,1.9390282759339075
KIC 3542116 z,Aschwaden Prediction,4107.75445125,1.1603972084031948,KIC 3542116,9.885491525,6925.0,227.7,,Exocomet KIC 3542116 4,5 banding 4,Conservative HZ,4.466933077194704,3.53547591947917,2.045161232590439,1.9390282759339075
KIC 3542116 aa,Aschwaden Prediction,4381.604748,1.2114137285547597,KIC 3542116,9.885491525,6925.0,227.7,,Exocomet KIC 3542116 4,4 banding 3,Conservative HZ,4.466933077194704,3.53547591947917,2.045161232590439,1.9390282759339075
KIC 3542116 ba,Aschwaden Prediction,8215.5089025,1.8420157493201932,KIC 3542116,9.885491525,6925.0,227.7,,Exocomet KIC 3542116 4,5 banding 2,Not in HZ,4.466933077194704,3.53547591947917,2.045161232590439,1.9390282759339075
KIC 3542116 ca,Aschwaden Prediction,9858.610682999999,2.080083823051904,KIC 3542116,9.885491525,6925.0,227.7,,Exocomet KIC 3542116 4,3 banding 1,Not in HZ,4.466933077194704,3.53547591947917,2.045161232590439,1.9390282759339075
KIC 3542116 da,Aschwaden Prediction,6572.407122,1.5874010519681994,KIC 3542116,9.885491525,6925.0,227.7,,Exocomet KIC 3542116 5,2 banding 1,Not in HZ,4.466933077194704,3.53547591947917,2.045161232590439,1.9390282759339075
KIC 3542116 ea,Aschwaden Prediction,4929.3053414999995,1.3103706971044482,KIC 3542116,9.885491525,6925.0,227.7,,Exocomet KIC 3542116 5,3 banding 2,Not in HZ,4.466933077194704,3.53547591947917,2.045161232590439,1.9390282759339075
KIC 3542116 fa,Aschwaden Prediction,5477.005935,1.4057211088362487,KIC 3542116,9.885491525,6925.0,227.7,,Exocomet KIC 3542116 5,5 banding 3,Not in HZ,4.466933077194704,3.53547591947917,2.045161232590439,1.9390282759339075
KIC 3542116 ga,Aschwaden Prediction,4107.75445125,1.1603972084031948,KIC 3542116,9.885491525,6925.0,227.7,,Exocomet KIC 3542116 5,5 banding 4,Conservative HZ,4.466933077194704,3.53547591947917,2.045161232590439,1.9390282759339075
KIC 3542116 ha,Aschwaden Prediction,4381.604748,1.2114137285547597,KIC 3542116,9.885491525,6925.0,227.7,,Exocomet KIC 3542116 5,4 banding 3,Conservative HZ,4.466933077194704,3.53547591947917,2.045161232590439,1.9390282759339075
KIC 3542116 ia,Aschwaden Prediction,8215.5089025,1.8420157493201932,KIC 3542116,9.885491525,6925.0,227.7,,Exocomet KIC 3542116 5,5 banding 2,Not in HZ,4.466933077194704,3.53547591947917,2.045161232590439,1.9390282759339075
KIC 3542116 ja,Aschwaden Prediction,9858.610682999999,2.080083823051904,KIC 3542116,9.885491525,6925.0,227.7,,Exocomet KIC 3542116 5,3 banding 1,Not in HZ,4.466933077194704,3.53547591947917,2.045161232590439,1.9390282759339075
KIC 3542116 ka,Aschwaden Prediction,6572.407122,1.5874010519681994,KIC 3542116,9.885491525,6925.0,227.7,,Exocomet KIC 3542116 6,2 banding 1,Not in HZ,4.466933077194704,3.53547591947917,2.045161232590439,1.9390282759339075
KIC 3542116 la,Aschwaden Prediction,4929.3053414999995,1.3103706971044482,KIC 3542116,9.885491525,6925.0,227.7,,Exocomet KIC 3542116 6,3 banding 2,Not in HZ,4.466933077194704,3.53547591947917,2.045161232590439,1.9390282759339075
KIC 3542116 ma,Aschwaden Prediction,5477.005935,1.4057211088362487,KIC 3542116,9.885491525,6925.0,227.7,,Exocomet KIC 3542116 6,5 banding 3,Not in HZ,4.466933077194704,3.53547591947917,2.045161232590439,1.9390282759339075
KIC 3542116 na,Aschwaden Prediction,4107.75445125,1.1603972084031948,KIC 3542116,9.885491525,6925.0,227.7,,Exocomet KIC 3542116 6,5 banding 4,Conservative HZ,4.466933077194704,3.53547591947917,2.045161232590439,1.9390282759339075
KIC 3542116 oa,Aschwaden Prediction,4381.604748,1.2114137285547597,KIC 3542116,9.885491525,6925.0,227.7,,Exocomet KIC 3542116 6,4 banding 3,Conservative HZ,4.466933077194704,3.53547591947917,2.045161232590439,1.9390282759339075
KIC 3542116 pa,Aschwaden Prediction,8215.5089025,1.8420157493201932,KIC 3542116,9.885491525,6925.0,227.7,,Exocomet KIC 3542116 6,5 banding 2,Not in HZ,4.466933077194704,3.53547591947917,2.045161232590439,1.9390282759339075
KIC 3542116 qa,Aschwaden Prediction,9858.610682999999,2.080083823051904,KIC 3542116,9.885491525,6925.0,227.7,,Exocomet KIC 3542116 6,3 banding 1,Not in HZ,4.466933077194704,3.53547591947917,2.045161232590439,1.9390282759339075
KIC 3542116 ra,Aschwaden Prediction,6572.407122,8.730705785825096,KIC 3542116,9.885491525,6925.0,227.7,,Exocomet KIC 3542116 7,2 banding 1,Not in HZ,4.466933077194704,3.53547591947917,2.045161232590439,1.9390282759339075
KIC 3542116 sa,Aschwaden Prediction,4929.3053414999995,7.207038834074465,KIC 3542116,9.885491525,6925.0,227.7,,Exocomet KIC 3542116 7,3 banding 2,Not in HZ,4.466933077194704,3.53547591947917,2.045161232590439,1.9390282759339075
KIC 3542116 ta,Aschwaden Prediction,5477.005935,7.731466098599368,KIC 3542116,9.885491525,6925.0,227.7,,Exocomet KIC 3542116 7,5 banding 3,Not in HZ,4.466933077194704,3.53547591947917,2.045161232590439,1.9390282759339075
KIC 3542116 ua,Aschwaden Prediction,4107.75445125,6.3821846462175715,KIC 3542116,9.885491525,6925.0,227.7,,Exocomet KIC 3542116 7,5 banding 4,Not in HZ,4.466933077194704,3.53547591947917,2.045161232590439,1.9390282759339075
KIC 3542116 va,Aschwaden Prediction,4381.604748,6.662775507051179,KIC 3542116,9.885491525,6925.0,227.7,,Exocomet KIC 3542116 7,4 banding 3,Not in HZ,4.466933077194704,3.53547591947917,2.045161232590439,1.9390282759339075
KIC 3542116 wa,Aschwaden Prediction,8215.5089025,10.131086621261062,KIC 3542116,9.885491525,6925.0,227.7,,Exocomet KIC 3542116 7,5 banding 2,Not in HZ,4.466933077194704,3.53547591947917,2.045161232590439,1.9390282759339075
KIC 3542116 xa,Aschwaden Prediction,9858.610682999999,11.440461026785472,KIC 3542116,9.885491525,6925.0,227.7,,Exocomet KIC 3542116 7,3 banding 1,Not in HZ,4.466933077194704,3.53547591947917,2.045161232590439,1.9390282759339075
KOI-4302 b,Aschwaden Prediction,6.845016,0.07349666870612763,KOI-4302,9.885491525,6065.0,978.703,,KOI-4302.01,2 banding 1,Not in HZ,4.251665059074528,3.3658834793852543,1.9218955672649656,1.8221337657940244
KOI-4302 c,Aschwaden Prediction,5.133762,0.060670163275935954,KOI-4302,9.885491525,6065.0,978.703,,KOI-4302.01,3 banding 2,Not in HZ,4.251665059074528,3.3658834793852543,1.9218955672649656,1.8221337657940244
KOI-4302 d,Aschwaden Prediction,5.70418,0.06508488733911831,KOI-4302,9.885491525,6065.0,978.703,,KOI-4302.01,5 banding 3,Not in HZ,4.251665059074528,3.3658834793852543,1.9218955672649656,1.8221337657940244
KOI-4302 e,Aschwaden Prediction,4.278135,0.053726390749067925,KOI-4302,9.885491525,6065.0,978.703,,KOI-4302.01,5 banding 4,Not in HZ,4.251665059074528,3.3658834793852543,1.9218955672649656,1.8221337657940244
KOI-4302 f,Aschwaden Prediction,4.563344,0.05608845563208537,KOI-4302,9.885491525,6065.0,978.703,,KOI-4302.01,4 banding 3,Not in HZ,4.251665059074528,3.3658834793852543,1.9218955672649656,1.8221337657940244
KOI-4302 g,Aschwaden Prediction,8.55627,0.08528532919352495,KOI-4302,9.885491525,6065.0,978.703,,KOI-4302.01,5 banding 2,Not in HZ,4.251665059074528,3.3658834793852543,1.9218955672649656,1.8221337657940244
KOI-4302 h,Aschwaden Prediction,10.267524,0.09630788100730316,KOI-4302,9.885491525,6065.0,978.703,,KOI-4302.01,3 banding 1,Not in HZ,4.251665059074528,3.3658834793852543,1.9218955672649656,1.8221337657940244
KOI-972 b,Aschwaden Prediction,15.643862,0.15477160256689945,KOI-972,9.4,7800.0,227.0,,KOI-972.01,2 banding 1,Not in HZ,4.484536886551711,3.548959762060508,2.0610441815351557,1.954148426582737
KOI-972 c,Aschwaden Prediction,11.7328965,0.1277611429676837,KOI-972,9.4,7800.0,227.0,,KOI-972.01,3 banding 2,Not in HZ,4.484536886551711,3.548959762060508,2.0610441815351557,1.954148426582737
KOI-972 d,Aschwaden Prediction,13.036551666666668,0.13705780811153426,KOI-972,9.4,7800.0,227.0,,KOI-972.01,5 banding 3,Not in HZ,4.484536886551711,3.548959762060508,2.0610441815351557,1.954148426582737
KOI-972 e,Aschwaden Prediction,9.777413750000001,0.1131387278193115,KOI-972,9.4,7800.0,227.0,,KOI-972.01,5 banding 4,Not in HZ,4.484536886551711,3.548959762060508,2.0610441815351557,1.954148426582737
KOI-972 f,Aschwaden Prediction,10.429241333333334,0.11811283853408908,KOI-972,9.4,7800.0,227.0,,KOI-972.01,4 banding 3,Not in HZ,4.484536886551711,3.548959762060508,2.0610441815351557,1.954148426582737
KOI-972 g,Aschwaden Prediction,19.554827500000002,0.17959653555871885,KOI-972,9.4,7800.0,227.0,,KOI-972.01,5 banding 2,Not in HZ,4.484536886551711,3.548959762060508,2.0610441815351557,1.954148426582737
KOI-972 h,Aschwaden Prediction,23.465793,0.20280817274756066,KOI-972,9.4,7800.0,227.0,,KOI-972.01,3 banding 1,Not in HZ,4.484536886551711,3.548959762060508,2.0610441815351557,1.954148426582737
Kepler-152 b,Aschwaden Prediction,19.49531756,0.13238924773414784,Kepler-152,14.41,5050.0,441.09,,KOI-416.03,2 banding 1,Not in HZ,4.843309171681369,3.835452943283882,2.1235417878548195,2.0133238702326435
Kepler-152 c,Aschwaden Prediction,14.62148817,0.10928491613851098,Kepler-152,14.41,5050.0,441.09,,KOI-416.03,3 banding 2,Not in HZ,4.843309171681369,3.835452943283882,2.1235417878548195,2.0133238702326435
Kepler-152 d,Aschwaden Prediction,16.246097966666667,0.11723714047694314,Kepler-152,14.41,5050.0,441.09,,KOI-416.03,5 banding 3,Not in HZ,4.843309171681369,3.835452943283882,2.1235417878548195,2.0133238702326435
Kepler-152 e,Aschwaden Prediction,12.184573475,0.09677712718082646,Kepler-152,14.41,5050.0,441.09,,KOI-416.03,5 banding 4,Not in HZ,4.843309171681369,3.835452943283882,2.1235417878548195,2.0133238702326435
Kepler-152 f,Aschwaden Prediction,12.996878373333333,0.10103190496146697,Kepler-152,14.41,5050.0,441.09,,KOI-416.03,4 banding 3,Not in HZ,4.843309171681369,3.835452943283882,2.1235417878548195,2.0133238702326435
Kepler-152 g,Aschwaden Prediction,24.36914695,0.15362411349330413,Kepler-152,14.41,5050.0,441.09,,KOI-416.03,5 banding 2,Not in HZ,4.843309171681369,3.835452943283882,2.1235417878548195,2.0133238702326435
Kepler-152 h,Aschwaden Prediction,29.24297634,0.1734789908425288,Kepler-152,14.41,5050.0,441.09,,KOI-416.03,3 banding 1,Not in HZ,4.843309171681369,3.835452943283882,2.1235417878548195,2.0133238702326435
Kepler-1576 b,Aschwaden Prediction,11.11684,0.09746642459084745,Kepler-1576,9.885491525,5674.51,460.91,,KOI-4246.02,2 banding 1,Not in HZ,4.151863297071167,3.28727357969267,1.85879120964058,1.7623032213657832
Kepler-1576 c,Aschwaden Prediction,8.33763,0.08045676080221313,Kepler-1576,9.885491525,5674.51,460.91,,KOI-4246.02,3 banding 2,Not in HZ,4.151863297071167,3.28727357969267,1.85879120964058,1.7623032213657832
Kepler-1576 d,Aschwaden Prediction,9.264033333333332,0.08631127608254567,Kepler-1576,9.885491525,5674.51,460.91,,KOI-4246.02,5 banding 3,Not in HZ,4.151863297071167,3.28727357969267,1.85879120964058,1.7623032213657832
Kepler-1576 e,Aschwaden Prediction,6.9480249999999995,0.07124838859595617,Kepler-1576,9.885491525,5674.51,460.91,,KOI-4246.02,5 banding 4,Not in HZ,4.151863297071167,3.28727357969267,1.85879120964058,1.7623032213657832
Kepler-1576 f,Aschwaden Prediction,7.411226666666667,0.07438080293326227,Kepler-1576,9.885491525,5674.51,460.91,,KOI-4246.02,4 banding 3,Not in HZ,4.151863297071167,3.28727357969267,1.85879120964058,1.7623032213657832
Kepler-1576 g,Aschwaden Prediction,13.896049999999999,0.11309976700825987,Kepler-1576,9.885491525,5674.51,460.91,,KOI-4246.02,5 banding 2,Not in HZ,4.151863297071167,3.28727357969267,1.85879120964058,1.7623032213657832
Kepler-1576 h,Aschwaden Prediction,16.67526,0.12771714673538692,Kepler-1576,9.885491525,5674.51,460.91,,KOI-4246.02,3 banding 1,Not in HZ,4.151863297071167,3.28727357969267,1.85879120964058,1.7623032213657832
Kepler-160 f,Aschwaden Prediction,58.0,25.61150500874039,Kepler-160,9.885491525,5471.0,962.92,,Kepler-160 e,2 banding 1,Not in HZ,4.102782718617646,3.248619163217705,1.8257084272890063,1.7309393720664912
Kepler-160 g,Aschwaden Prediction,43.5,21.141831568390277,Kepler-160,9.885491525,5471.0,962.92,,Kepler-160 e,3 banding 2,Not in HZ,4.102782718617646,3.248619163217705,1.8257084272890063,1.7309393720664912
Kepler-160 h,Aschwaden Prediction,48.333333333333336,22.680237722667787,Kepler-160,9.885491525,5471.0,962.92,,Kepler-160 e,5 banding 3,Not in HZ,4.102782718617646,3.248619163217705,1.8257084272890063,1.7309393720664912
Kepler-160 i,Aschwaden Prediction,36.25,18.722123736971145,Kepler-160,9.885491525,5471.0,962.92,,Kepler-160 e,5 banding 4,Not in HZ,4.102782718617646,3.248619163217705,1.8257084272890063,1.7309393720664912
Kepler-160 j,Aschwaden Prediction,38.666666666666664,19.545236371154083,Kepler-160,9.885491525,5471.0,962.92,,Kepler-160 e,4 banding 3,Not in HZ,4.102782718617646,3.248619163217705,1.8257084272890063,1.7309393720664912
Kepler-160 k,Aschwaden Prediction,72.5,29.71951891514679,Kepler-160,9.885491525,5471.0,962.92,,Kepler-160 e,5 banding 2,Not in HZ,4.102782718617646,3.248619163217705,1.8257084272890063,1.7309393720664912
Kepler-160 l,Aschwaden Prediction,87.0,33.56056567219722,Kepler-160,9.885491525,5471.0,962.92,,Kepler-160 e,3 banding 1,Not in HZ,4.102782718617646,3.248619163217705,1.8257084272890063,1.7309393720664912
Kepler-1717 b,Aschwaden Prediction,22.324457,0.17001065266579415,Kepler-1717,9.885491525,6591.89,1008.79,,KOI-353.01,2 banding 1,Not in HZ,4.387869760645569,3.473183249959544,2.0015513236098856,1.8976676216129984
Kepler-1717 c,Aschwaden Prediction,16.74334275,0.1403407016598864,Kepler-1717,9.885491525,6591.89,1008.79,,KOI-353.01,3 banding 2,Not in HZ,4.387869760645569,3.473183249959544,2.0015513236098856,1.8976676216129984
Kepler-1717 d,Aschwaden Prediction,18.603714166666666,0.15055273075636225,Kepler-1717,9.885491525,6591.89,1008.79,,KOI-353.01,5 banding 3,Not in HZ,4.387869760645569,3.473183249959544,2.0015513236098856,1.8976676216129984
Kepler-1717 e,Aschwaden Prediction,13.952785624999999,0.12427854101998216,Kepler-1717,9.885491525,6591.89,1008.79,,KOI-353.01,5 banding 4,Not in HZ,4.387869760645569,3.473183249959544,2.0015513236098856,1.8976676216129984
Kepler-1717 f,Aschwaden Prediction,14.882971333333332,0.12974241032821476,Kepler-1717,9.885491525,6591.89,1008.79,,KOI-353.01,4 banding 3,Not in HZ,4.387869760645569,3.473183249959544,2.0015513236098856,1.8976676216129984
Kepler-1717 g,Aschwaden Prediction,27.905571249999998,0.19727988675219268,Kepler-1717,9.885491525,6591.89,1008.79,,KOI-353.01,5 banding 2,Not in HZ,4.387869760645569,3.473183249959544,2.0015513236098856,1.8976676216129984
Kepler-1717 h,Aschwaden Prediction,33.4866855,0.22277697744885894,Kepler-1717,9.885491525,6591.89,1008.79,,KOI-353.01,3 banding 1,Not in HZ,4.387869760645569,3.473183249959544,2.0015513236098856,1.8976676216129984
Kepler-1756 b,Aschwaden Prediction,9.4932965,0.07937005259840997,Kepler-1756,9.885491525,4915.0,756.88,,K01590.01,2 banding 1,Not in HZ,3.9858163954340293,3.1565149343068573,1.7382244390704367,1.648010304821764
Kepler-1756 c,Aschwaden Prediction,7.119972375,0.06551853485522241,Kepler-1756,9.885491525,4915.0,756.88,,K01590.01,3 banding 2,Not in HZ,3.9858163954340293,3.1565149343068573,1.7382244390704367,1.648010304821764
Kepler-1756 d,Aschwaden Prediction,7.911080416666667,0.07028605544181243,Kepler-1756,9.885491525,4915.0,756.88,,K01590.01,5 banding 3,Not in HZ,3.9858163954340293,3.1565149343068573,1.7382244390704367,1.648010304821764
Kepler-1756 e,Aschwaden Prediction,5.9333103125,0.05801986042015975,Kepler-1756,9.885491525,4915.0,756.88,,K01590.01,5 banding 4,Not in HZ,3.9858163954340293,3.1565149343068573,1.7382244390704367,1.648010304821764
Kepler-1756 f,Aschwaden Prediction,6.328864333333333,0.06057068642773799,Kepler-1756,9.885491525,4915.0,756.88,,K01590.01,4 banding 3,Not in HZ,3.9858163954340293,3.1565149343068573,1.7382244390704367,1.648010304821764
Kepler-1756 g,Aschwaden Prediction,11.866620625,0.09210078746600966,Kepler-1756,9.885491525,4915.0,756.88,,K01590.01,5 banding 2,Not in HZ,3.9858163954340293,3.1565149343068573,1.7382244390704367,1.648010304821764
Kepler-1756 h,Aschwaden Prediction,14.23994475,0.10400419115259521,Kepler-1756,9.885491525,4915.0,756.88,,K01590.01,3 banding 1,Not in HZ,3.9858163954340293,3.1565149343068573,1.7382244390704367,1.648010304821764
Kepler-1813 A b,Aschwaden Prediction,5.2924539,0.055559036818886985,Kepler-1813 A,15.682,5167.0,809.32,,K02248.02,2 banding 1,Not in HZ,5.08247812609038,4.024718007600531,2.238267247433855,2.1220904270699714
Kepler-1813 A c,Aschwaden Prediction,3.969340425,0.04586297439865569,Kepler-1813 A,15.682,5167.0,809.32,,K02248.02,3 banding 2,Not in HZ,5.08247812609038,4.024718007600531,2.238267247433855,2.1220904270699714
Kepler-1813 A d,Aschwaden Prediction,4.41037825,0.04920023880926871,Kepler-1813 A,15.682,5167.0,809.32,,K02248.02,5 banding 3,Not in HZ,5.08247812609038,4.024718007600531,2.238267247433855,2.1220904270699714
Kepler-1813 A e,Aschwaden Prediction,3.3077836874999997,0.040613902294111826,Kepler-1813 A,15.682,5167.0,809.32,,K02248.02,5 banding 4,Not in HZ,5.08247812609038,4.024718007600531,2.238267247433855,2.1220904270699714
Kepler-1813 A f,Aschwaden Prediction,3.5283026,0.042399480499416595,Kepler-1813 A,15.682,5167.0,809.32,,K02248.02,4 banding 3,Not in HZ,5.08247812609038,4.024718007600531,2.238267247433855,2.1220904270699714
Kepler-1813 A g,Aschwaden Prediction,6.6155673749999995,0.06447055122620676,Kepler-1813 A,15.682,5167.0,809.32,,K02248.02,5 banding 2,Not in HZ,5.08247812609038,4.024718007600531,2.238267247433855,2.1220904270699714
Kepler-1813 A h,Aschwaden Prediction,7.93868085,0.07280293380681666,Kepler-1813 A,15.682,5167.0,809.32,,K02248.02,3 banding 1,Not in HZ,5.08247812609038,4.024718007600531,2.238267247433855,2.1220904270699714
Kepler-1962 b,Aschwaden Prediction,6.67857284,0.06778202491904212,Kepler-1962,9.885491525,5766.0,866.826,,KOI-4524.02,2 banding 1,Not in HZ,4.174717463222522,3.305273890556888,1.8736856380997062,1.7764243433008082
Kepler-1962 c,Aschwaden Prediction,5.00892963,0.055952828766359944,Kepler-1962,9.885491525,5766.0,866.826,,KOI-4524.02,3 banding 2,Not in HZ,4.174717463222522,3.305273890556888,1.8736856380997062,1.7764243433008082
Kepler-1962 d,Aschwaden Prediction,5.565477366666666,0.06002429134730782,Kepler-1962,9.885491525,5766.0,866.826,,KOI-4524.02,5 banding 3,Not in HZ,4.174717463222522,3.305273890556888,1.8736856380997062,1.7764243433008082
Kepler-1962 e,Aschwaden Prediction,4.174108025,0.04954896079881642,Kepler-1962,9.885491525,5766.0,866.826,,KOI-4524.02,5 banding 4,Not in HZ,4.174717463222522,3.305273890556888,1.8736856380997062,1.7764243433008082
Kepler-1962 f,Aschwaden Prediction,4.4523818933333335,0.05172736620928824,Kepler-1962,9.885491525,5766.0,866.826,,KOI-4524.02,4 banding 3,Not in HZ,4.174717463222522,3.305273890556888,1.8736856380997062,1.7764243433008082
Kepler-1962 g,Aschwaden Prediction,8.34821605,0.07865407249597225,Kepler-1962,9.885491525,5766.0,866.826,,KOI-4524.02,5 banding 2,Not in HZ,4.174717463222522,3.305273890556888,1.8736856380997062,1.7764243433008082
Kepler-1962 h,Aschwaden Prediction,10.01785926,0.08881957924431631,Kepler-1962,9.885491525,5766.0,866.826,,KOI-4524.02,3 banding 1,Not in HZ,4.174717463222522,3.305273890556888,1.8736856380997062,1.7764243433008082
Kepler-1984 A b,Aschwaden Prediction,7.0621349,0.053812895661721954,Kepler-1984 A,16.19,3638.0,203.05,,K01681.01,2 banding 1,Not in HZ,4.912183515842144,3.891084431220892,2.0169033117135777,1.9123329852335698
Kepler-1984 A c,Aschwaden Prediction,5.296601175,0.04442156663184079,Kepler-1984 A,16.19,3638.0,203.05,,K01681.01,3 banding 2,Not in HZ,4.912183515842144,3.891084431220892,2.0169033117135777,1.9123329852335698
Kepler-1984 A d,Aschwaden Prediction,5.885112416666668,0.047653945589548836,Kepler-1984 A,16.19,3638.0,203.05,,K01681.01,5 banding 3,Not in HZ,4.912183515842144,3.891084431220892,2.0169033117135777,1.9123329852335698
Kepler-1984 A e,Aschwaden Prediction,4.413834312500001,0.039337465364868304,Kepler-1984 A,16.19,3638.0,203.05,,K01681.01,5 banding 4,Not in HZ,4.912183515842144,3.891084431220892,2.0169033117135777,1.9123329852335698
Kepler-1984 A f,Aschwaden Prediction,4.7080899333333335,0.041066925398006354,Kepler-1984 A,16.19,3638.0,203.05,,K01681.01,4 banding 3,Not in HZ,4.912183515842144,3.891084431220892,2.0169033117135777,1.9123329852335698
Kepler-1984 A g,Aschwaden Prediction,8.827668625000001,0.06244433390195456,Kepler-1984 A,16.19,3638.0,203.05,,K01681.01,5 banding 2,Not in HZ,4.912183515842144,3.891084431220892,2.0169033117135777,1.9123329852335698
Kepler-1984 A h,Aschwaden Prediction,10.59320235,0.07051484160145954,Kepler-1984 A,16.19,3638.0,203.05,,K01681.01,3 banding 1,Not in HZ,4.912183515842144,3.891084431220892,2.0169033117135777,1.9123329852335698
Kepler-1984 A i,Aschwaden Prediction,13.87822762,0.0844497359647082,Kepler-1984 A,16.19,3638.0,203.05,,K01681.03,2 banding 1,Not in HZ,4.912183515842144,3.891084431220892,2.0169033117135777,1.9123329852335698
Kepler-1984 A j,Aschwaden Prediction,10.408670715,0.06971172108595663,Kepler-1984 A,16.19,3638.0,203.05,,K01681.03,3 banding 2,Not in HZ,4.912183515842144,3.891084431220892,2.0169033117135777,1.9123329852335698
Kepler-1984 A k,Aschwaden Prediction,11.565189683333335,0.07478436299008842,Kepler-1984 A,16.19,3638.0,203.05,,K01681.03,5 banding 3,Not in HZ,4.912183515842144,3.891084431220892,2.0169033117135777,1.9123329852335698
Kepler-1984 A l,Aschwaden Prediction,8.6738922625,0.06173313148704996,Kepler-1984 A,16.19,3638.0,203.05,,K01681.03,5 banding 4,Not in HZ,4.912183515842144,3.891084431220892,2.0169033117135777,1.9123329852335698
Kepler-1984 A m,Aschwaden Prediction,9.252151746666668,0.06444721035911323,Kepler-1984 A,16.19,3638.0,203.05,,K01681.03,4 banding 3,Not in HZ,4.912183515842144,3.891084431220892,2.0169033117135777,1.9123329852335698
Kepler-1984 A n,Aschwaden Prediction,17.347784525,0.09799523786383427,Kepler-1984 A,16.19,3638.0,203.05,,K01681.03,5 banding 2,Not in HZ,4.912183515842144,3.891084431220892,2.0169033117135777,1.9123329852335698
Kepler-1984 A o,Aschwaden Prediction,20.81734143,0.11066045938636127,Kepler-1984 A,16.19,3638.0,203.05,,K01681.03,3 banding 1,Not in HZ,4.912183515842144,3.891084431220892,2.0169033117135777,1.9123329852335698
Kepler-1989 A b,Aschwaden Prediction,21.6408976,0.1520730207785535,Kepler-1989 A,14.29,5953.0,1252.13,,K00521.02,2 banding 1,Not in HZ,5.076810376611966,4.019258768840527,2.2891649605443556,2.1703374985508366
Kepler-1989 A c,Aschwaden Prediction,16.2306732,0.12553351278260613,Kepler-1989 A,14.29,5953.0,1252.13,,K00521.02,3 banding 2,Not in HZ,5.076810376611966,4.019258768840527,2.2891649605443556,2.1703374985508366
Kepler-1989 A d,Aschwaden Prediction,18.034081333333333,0.1346680822265126,Kepler-1989 A,14.29,5953.0,1252.13,,K00521.02,5 banding 3,Not in HZ,5.076810376611966,4.019258768840527,2.2891649605443556,2.1703374985508366
Kepler-1989 A e,Aschwaden Prediction,13.525561,0.11116605256502606,Kepler-1989 A,14.29,5953.0,1252.13,,K00521.02,5 banding 4,Not in HZ,5.076810376611966,4.019258768840527,2.2891649605443556,2.1703374985508366
Kepler-1989 A f,Aschwaden Prediction,14.427265066666665,0.11605343519554598,Kepler-1989 A,14.29,5953.0,1252.13,,K00521.02,4 banding 3,Not in HZ,5.076810376611966,4.019258768840527,2.2891649605443556,2.1703374985508366
Kepler-1989 A g,Aschwaden Prediction,27.051122,0.1764651087848745,Kepler-1989 A,14.29,5953.0,1252.13,,K00521.02,5 banding 2,Not in HZ,5.076810376611966,4.019258768840527,2.2891649605443556,2.1703374985508366
Kepler-1989 A h,Aschwaden Prediction,32.4613464,0.1992720302483724,Kepler-1989 A,14.29,5953.0,1252.13,,K00521.02,3 banding 1,Not in HZ,5.076810376611966,4.019258768840527,2.2891649605443556,2.1703374985508366
Kepler-1995 b,Aschwaden Prediction,10.95431858,0.09143430059336828,Kepler-1995,15.51,4693.0,595.331,,K02037.02,2 banding 1,Not in HZ,4.944894293446807,3.9162662513985915,2.1362946962057934,2.0254326341695315
Kepler-1995 c,Aschwaden Prediction,8.215738935000001,0.07547735215321622,Kepler-1995,15.51,4693.0,595.331,,K02037.02,3 banding 2,Not in HZ,4.944894293446807,3.9162662513985915,2.1362946962057934,2.0254326341695315
Kepler-1995 d,Aschwaden Prediction,9.128598816666667,0.08096953586896792,Kepler-1995,15.51,4693.0,595.331,,K02037.02,5 banding 3,Not in HZ,4.944894293446807,3.9162662513985915,2.1362946962057934,2.0254326341695315
Kepler-1995 e,Aschwaden Prediction,6.8464491125,0.06683887920402402,Kepler-1995,15.51,4693.0,595.331,,K02037.02,5 banding 4,Not in HZ,4.944894293446807,3.9162662513985915,2.1362946962057934,2.0254326341695315
Kepler-1995 f,Aschwaden Prediction,7.302879053333334,0.06977743076475416,Kepler-1995,15.51,4693.0,595.331,,K02037.02,4 banding 3,Not in HZ,4.944894293446807,3.9162662513985915,2.1362946962057934,2.0254326341695315
Kepler-1995 g,Aschwaden Prediction,13.692898225,0.10610010716084313,Kepler-1995,15.51,4693.0,595.331,,K02037.02,5 banding 2,Not in HZ,4.944894293446807,3.9162662513985915,2.1362946962057934,2.0254326341695315
Kepler-1995 h,Aschwaden Prediction,16.431477870000002,0.11981282820778967,Kepler-1995,15.51,4693.0,595.331,,K02037.02,3 banding 1,Not in HZ,4.944894293446807,3.9162662513985915,2.1362946962057934,2.0254326341695315
Kepler-271 A b,Aschwaden Prediction,34.9065904,0.195726549707679,Kepler-271 A,13.58,5645.65,404.542,,KOI-1151.04,2 banding 1,Not in HZ,4.8579014349233915,3.846320074075204,2.1731103570798136,2.060306521136799
Kepler-271 A c,Aschwaden Prediction,26.1799428,0.16156870695297848,Kepler-271 A,13.58,5645.65,404.542,,KOI-1151.04,3 banding 2,Not in HZ,4.8579014349233915,3.846320074075204,2.1731103570798136,2.060306521136799
Kepler-271 A d,Aschwaden Prediction,29.088825333333332,0.17332541271950946,Kepler-271 A,13.58,5645.65,404.542,,KOI-1151.04,5 banding 3,Not in HZ,4.8579014349233915,3.846320074075204,2.1731103570798136,2.060306521136799
Kepler-271 A e,Aschwaden Prediction,21.816619,0.14307697579611392,Kepler-271 A,13.58,5645.65,404.542,,KOI-1151.04,5 banding 4,Not in HZ,4.8579014349233915,3.846320074075204,2.1731103570798136,2.060306521136799
Kepler-271 A f,Aschwaden Prediction,23.271060266666666,0.1493673127308019,Kepler-271 A,13.58,5645.65,404.542,,KOI-1151.04,4 banding 3,Not in HZ,4.8579014349233915,3.846320074075204,2.1731103570798136,2.060306521136799
Kepler-271 A g,Aschwaden Prediction,43.633238,0.22712054189117983,Kepler-271 A,13.58,5645.65,404.542,,KOI-1151.04,5 banding 2,Not in HZ,4.8579014349233915,3.846320074075204,2.1731103570798136,2.060306521136799
Kepler-271 A h,Aschwaden Prediction,52.3598856,0.2564743353822998,Kepler-271 A,13.58,5645.65,404.542,,KOI-1151.04,3 banding 1,Not in HZ,4.8579014349233915,3.846320074075204,2.1731103570798136,2.060306521136799
Kepler-385 b,Aschwaden Prediction,6.7475193,25.61150500874039,Kepler-385,9.885491525,6326.0,1493.94,,KOI-2433.04,2 banding 1,Not in HZ,4.3198580708598895,3.4196025386421898,1.962563446208532,1.8606955275777428
Kepler-385 c,Aschwaden Prediction,5.060639475,21.141831568390277,Kepler-385,9.885491525,6326.0,1493.94,,KOI-2433.04,3 banding 2,Not in HZ,4.3198580708598895,3.4196025386421898,1.962563446208532,1.8606955275777428
Kepler-385 d,Aschwaden Prediction,5.62293275,22.680237722667787,Kepler-385,9.885491525,6326.0,1493.94,,KOI-2433.04,5 banding 3,Not in HZ,4.3198580708598895,3.4196025386421898,1.962563446208532,1.8606955275777428
Kepler-385 e,Aschwaden Prediction,4.2171995625,18.722123736971145,Kepler-385,9.885491525,6326.0,1493.94,,KOI-2433.04,5 banding 4,Not in HZ,4.3198580708598895,3.4196025386421898,1.962563446208532,1.8606955275777428
Kepler-385 f,Aschwaden Prediction,4.4983462,19.545236371154083,Kepler-385,9.885491525,6326.0,1493.94,,KOI-2433.04,4 banding 3,Not in HZ,4.3198580708598895,3.4196025386421898,1.962563446208532,1.8606955275777428
Kepler-385 g,Aschwaden Prediction,8.434399125,29.71951891514679,Kepler-385,9.885491525,6326.0,1493.94,,KOI-2433.04,5 banding 2,Not in HZ,4.3198580708598895,3.4196025386421898,1.962563446208532,1.8606955275777428
Kepler-385 h,Aschwaden Prediction,10.12127895,33.56056567219722,Kepler-385,9.885491525,6326.0,1493.94,,KOI-2433.04,3 banding 1,Not in HZ,4.3198580708598895,3.4196025386421898,1.962563446208532,1.8606955275777428
Kepler-385 i,Aschwaden Prediction,12.1265062,25.61150500874039,Kepler-385,9.885491525,6326.0,1493.94,,KOI-2433.06,2 banding 1,Not in HZ,4.3198580708598895,3.4196025386421898,1.962563446208532,1.8606955275777428
Kepler-385 j,Aschwaden Prediction,9.09487965,21.141831568390277,Kepler-385,9.885491525,6326.0,1493.94,,KOI-2433.06,3 banding 2,Not in HZ,4.3198580708598895,3.4196025386421898,1.962563446208532,1.8606955275777428
Kepler-385 k,Aschwaden Prediction,10.105421833333333,22.680237722667787,Kepler-385,9.885491525,6326.0,1493.94,,KOI-2433.06,5 banding 3,Not in HZ,4.3198580708598895,3.4196025386421898,1.962563446208532,1.8606955275777428
Kepler-385 l,Aschwaden Prediction,7.579066375,18.722123736971145,Kepler-385,9.885491525,6326.0,1493.94,,KOI-2433.06,5 banding 4,Not in HZ,4.3198580708598895,3.4196025386421898,1.962563446208532,1.8606955275777428
Kepler-385 m,Aschwaden Prediction,8.084337466666666,19.545236371154083,Kepler-385,9.885491525,6326.0,1493.94,,KOI-2433.06,4 banding 3,Not in HZ,4.3198580708598895,3.4196025386421898,1.962563446208532,1.8606955275777428
Kepler-385 n,Aschwaden Prediction,15.15813275,29.71951891514679,Kepler-385,9.885491525,6326.0,1493.94,,KOI-2433.06,5 banding 2,Not in HZ,4.3198580708598895,3.4196025386421898,1.962563446208532,1.8606955275777428
Kepler-385 o,Aschwaden Prediction,18.1897593,33.56056567219722,Kepler-385,9.885491525,6326.0,1493.94,,KOI-2433.06,3 banding 1,Not in HZ,4.3198580708598895,3.4196025386421898,1.962563446208532,1.8606955275777428
Kepler-385 p,Aschwaden Prediction,55.80852788,25.61150500874039,Kepler-385,9.885491525,6326.0,1493.94,,KOI-2433.07,2 banding 1,Not in HZ,4.3198580708598895,3.4196025386421898,1.962563446208532,1.8606955275777428
Kepler-385 q,Aschwaden Prediction,41.85639591,21.14183156839028,Kepler-385,9.885491525,6326.0,1493.94,,KOI-2433.07,3 banding 2,Not in HZ,4.3198580708598895,3.4196025386421898,1.962563446208532,1.8606955275777428
Kepler-385 r,Aschwaden Prediction,46.507106566666664,22.680237722667787,Kepler-385,9.885491525,6326.0,1493.94,,KOI-2433.07,5 banding 3,Not in HZ,4.3198580708598895,3.4196025386421898,1.962563446208532,1.8606955275777428
Kepler-385 s,Aschwaden Prediction,34.880329925,18.722123736971145,Kepler-385,9.885491525,6326.0,1493.94,,KOI-2433.07,5 banding 4,Not in HZ,4.3198580708598895,3.4196025386421898,1.962563446208532,1.8606955275777428
Kepler-385 t,Aschwaden Prediction,37.205685253333336,19.545236371154086,Kepler-385,9.885491525,6326.0,1493.94,,KOI-2433.07,4 banding 3,Not in HZ,4.3198580708598895,3.4196025386421898,1.962563446208532,1.8606955275777428
Kepler-385 u,Aschwaden Prediction,69.76065985,29.71951891514679,Kepler-385,9.885491525,6326.0,1493.94,,KOI-2433.07,5 banding 2,Not in HZ,4.3198580708598895,3.4196025386421898,1.962563446208532,1.8606955275777428
Kepler-385 v,Aschwaden Prediction,83.71279182,33.56056567219722,Kepler-385,9.885491525,6326.0,1493.94,,KOI-2433.07,3 banding 1,Not in HZ,4.3198580708598895,3.4196025386421898,1.962563446208532,1.8606955275777428
Kepler-492 d,Aschwaden Prediction,9.6252,0.08254485470234636,Kepler-492,9.885491525,5527.0,642.0,,KOI-205.02,2 banding 1,Not in HZ,4.1160166333331665,3.2590414889952752,1.834790063280078,1.739548958879157
Kepler-492 e,Aschwaden Prediction,7.2189,0.06813927624943131,Kepler-492,9.885491525,5527.0,642.0,,KOI-205.02,3 banding 2,Not in HZ,4.1160166333331665,3.2590414889952752,1.834790063280078,1.739548958879157
Kepler-492 f,Aschwaden Prediction,8.020999999999999,0.07309749765948492,Kepler-492,9.885491525,5527.0,642.0,,KOI-205.02,5 banding 3,Not in HZ,4.1160166333331665,3.2590414889952752,1.834790063280078,1.739548958879157
Kepler-492 g,Aschwaden Prediction,6.01575,0.06034065483696613,Kepler-492,9.885491525,5527.0,642.0,,KOI-205.02,5 banding 4,Not in HZ,4.1160166333331665,3.2590414889952752,1.834790063280078,1.739548958879157
Kepler-492 h,Aschwaden Prediction,6.416799999999999,0.0629935138848475,Kepler-492,9.885491525,5527.0,642.0,,KOI-205.02,4 banding 3,Not in HZ,4.1160166333331665,3.2590414889952752,1.834790063280078,1.739548958879157
Kepler-492 i,Aschwaden Prediction,12.0315,0.09578481896465005,Kepler-492,9.885491525,5527.0,642.0,,KOI-205.02,5 banding 2,Not in HZ,4.1160166333331665,3.2590414889952752,1.834790063280078,1.739548958879157
Kepler-492 j,Aschwaden Prediction,14.4378,0.10816435879869901,Kepler-492,9.885491525,5527.0,642.0,,KOI-205.02,3 banding 1,Not in HZ,4.1160166333331665,3.2590414889952752,1.834790063280078,1.739548958879157
Kepler-662 b,Aschwaden Prediction,10.08829014,0.07429036923211173,Kepler-662,9.885491525,4897.0,641.0,,KOI-750.02,2 banding 1,Not in HZ,3.982532239907675,3.153929239498607,1.7355137810569528,1.645441025743834
Kepler-662 c,Aschwaden Prediction,7.566217605,0.06132534862448818,Kepler-662,9.885491525,4897.0,641.0,,KOI-750.02,3 banding 2,Not in HZ,3.982532239907675,3.153929239498607,1.7355137810569528,1.645441025743834
Kepler-662 d,Aschwaden Prediction,8.40690845,0.06578774789353645,Kepler-662,9.885491525,4897.0,641.0,,KOI-750.02,5 banding 3,Not in HZ,3.982532239907675,3.153929239498607,1.7355137810569528,1.645441025743834
Kepler-662 e,Aschwaden Prediction,6.3051813375,0.05430658935326952,Kepler-662,9.885491525,4897.0,641.0,,KOI-750.02,5 banding 4,Not in HZ,3.982532239907675,3.153929239498607,1.7355137810569528,1.645441025743834
Kepler-662 f,Aschwaden Prediction,6.72552676,0.05669416249636277,Kepler-662,9.885491525,4897.0,641.0,,KOI-750.02,4 banding 3,Not in HZ,3.982532239907675,3.153929239498607,1.7355137810569528,1.645441025743834
Kepler-662 g,Aschwaden Prediction,12.610362675,0.08620633706818505,Kepler-662,9.885491525,4897.0,641.0,,KOI-750.02,5 banding 2,Not in HZ,3.982532239907675,3.153929239498607,1.7355137810569528,1.645441025743834
Kepler-662 h,Aschwaden Prediction,15.13243521,0.09734792291882911,Kepler-662,9.885491525,4897.0,641.0,,KOI-750.02,3 banding 1,Not in HZ,3.982532239907675,3.153929239498607,1.7355137810569528,1.645441025743834
Kepler-822 b,Aschwaden Prediction,42.0224136,0.22842701137822388,Kepler-822,9.885491525,5928.0,956.0,,KOI-1338.02,2 banding 1,Not in HZ,4.216079849735335,3.3378531339520903,1.8999422518893023,1.8013186204639207
Kepler-822 c,Aschwaden Prediction,31.516810200000002,0.1885623433133301,Kepler-822,9.885491525,5928.0,956.0,,KOI-1338.02,3 banding 2,Not in HZ,4.216079849735335,3.3378531339520903,1.8999422518893023,1.8013186204639207
Kepler-822 d,Aschwaden Prediction,35.018678,0.2022832675615362,Kepler-822,9.885491525,5928.0,956.0,,KOI-1338.02,5 banding 3,Not in HZ,4.216079849735335,3.3378531339520903,1.8999422518893023,1.8013186204639207
Kepler-822 e,Aschwaden Prediction,26.2640085,0.16698115828921972,Kepler-822,9.885491525,5928.0,956.0,,KOI-1338.02,5 banding 4,Not in HZ,4.216079849735335,3.3378531339520903,1.8999422518893023,1.8013186204639207
Kepler-822 f,Aschwaden Prediction,28.0149424,0.17432243553902993,Kepler-822,9.885491525,5928.0,956.0,,KOI-1338.02,4 banding 3,Not in HZ,4.216079849735335,3.3378531339520903,1.8999422518893023,1.8013186204639207
Kepler-822 g,Aschwaden Prediction,52.528017,0.2650660663271758,Kepler-822,9.885491525,5928.0,956.0,,KOI-1338.02,5 banding 2,Not in HZ,4.216079849735335,3.3378531339520903,1.8999422518893023,1.8013186204639207
Kepler-822 h,Aschwaden Prediction,63.033620400000004,0.299324062137169,Kepler-822,9.885491525,5928.0,956.0,,KOI-1338.02,3 banding 1,Not in HZ,4.216079849735335,3.3378531339520903,1.8999422518893023,1.8013186204639207
Kepler-87 b,Aschwaden Prediction,11.66784942,0.10000626627399656,Kepler-87,15.0,5600.0,1277.88,,KOI-1574.03,2 banding 1,Not in HZ,5.0918274565227755,4.031592139284628,2.27474720275067,2.1566678378922797
Kepler-87 c,Aschwaden Prediction,8.750887065,0.08255335391758026,Kepler-87,15.0,5600.0,1277.88,,KOI-1574.03,3 banding 2,Not in HZ,5.0918274565227755,4.031592139284628,2.27474720275067,2.1566678378922797
Kepler-87 d,Aschwaden Prediction,9.72320785,0.08856042985668366,Kepler-87,15.0,5600.0,1277.88,,KOI-1574.03,5 banding 3,Not in HZ,5.0918274565227755,4.031592139284628,2.27474720275067,2.1566678378922797
Kepler-87 e,Aschwaden Prediction,7.292405887499999,0.07310502412940127,Kepler-87,15.0,5600.0,1277.88,,KOI-1574.03,5 banding 4,Not in HZ,5.0918274565227755,4.031592139284628,2.27474720275067,2.1566678378922797
Kepler-87 f,Aschwaden Prediction,7.77856628,0.07631906489894986,Kepler-87,15.0,5600.0,1277.88,,KOI-1574.03,4 banding 3,Not in HZ,5.0918274565227755,4.031592139284628,2.27474720275067,2.1566678378922797
Kepler-87 g,Aschwaden Prediction,14.584811774999999,0.11604699220717217,Kepler-87,15.0,5600.0,1277.88,,KOI-1574.03,5 banding 2,Not in HZ,5.0918274565227755,4.031592139284628,2.27474720275067,2.1566678378922797
Kepler-87 h,Aschwaden Prediction,17.50177413,0.13104528085226996,Kepler-87,15.0,5600.0,1277.88,,KOI-1574.03,3 banding 1,Not in HZ,5.0918274565227755,4.031592139284628,2.27474720275067,2.1566678378922797
Kepler-879 d,Aschwaden Prediction,1.293432,0.02333479546393253,Kepler-879,9.885491525,5644.0,802.672,,Kepler-879 c,2 banding 1,Not in HZ,4.144340791508012,3.2813488731320337,1.8538222299130243,1.7575923075267261
Kepler-879 e,Aschwaden Prediction,0.9700739999999999,0.01926244924743539,Kepler-879,9.885491525,5644.0,802.672,,Kepler-879 c,3 banding 2,Not in HZ,4.144340791508012,3.2813488731320337,1.8538222299130243,1.7575923075267261
Kepler-879 f,Aschwaden Prediction,1.07786,0.020664100299892855,Kepler-879,9.885491525,5644.0,802.672,,Kepler-879 c,5 banding 3,Not in HZ,4.144340791508012,3.2813488731320337,1.8538222299130243,1.7575923075267261
Kepler-879 g,Aschwaden Prediction,0.808395,0.017057838963526962,Kepler-879,9.885491525,5644.0,802.672,,Kepler-879 c,5 banding 4,Not in HZ,4.144340791508012,3.2813488731320337,1.8538222299130243,1.7575923075267261
Kepler-879 h,Aschwaden Prediction,0.8622879999999999,0.017807781809754966,Kepler-879,9.885491525,5644.0,802.672,,Kepler-879 c,4 banding 3,Not in HZ,4.144340791508012,3.2813488731320337,1.8538222299130243,1.7575923075267261
Kepler-879 i,Aschwaden Prediction,1.61679,0.02707763151500684,Kepler-879,9.885491525,5644.0,802.672,,Kepler-879 c,5 banding 2,Not in HZ,4.144340791508012,3.2813488731320337,1.8538222299130243,1.7575923075267261
Kepler-879 j,Aschwaden Prediction,1.9401479999999998,0.030577232198862988,Kepler-879,9.885491525,5644.0,802.672,,Kepler-879 c,3 banding 1,Not in HZ,4.144340791508012,3.2813488731320337,1.8538222299130243,1.7575923075267261
Kepler-907 A b,Aschwaden Prediction,41.211002,0.2316018134821603,Kepler-907 A,9.885491525,6106.0,352.0,,KOI-1613.02,2 banding 1,Not in HZ,4.262375401699018,3.374320241889944,1.9283990440940628,1.8283002309814564
Kepler-907 A c,Aschwaden Prediction,30.9082515,0.191183084707539,Kepler-907 A,9.885491525,6106.0,352.0,,KOI-1613.02,3 banding 2,Not in HZ,4.262375401699018,3.374320241889944,1.9283990440940628,1.8283002309814564
Kepler-907 A d,Aschwaden Prediction,34.34250166666667,0.20509470977920868,Kepler-907 A,9.885491525,6106.0,352.0,,KOI-1613.02,5 banding 3,Not in HZ,4.262375401699018,3.374320241889944,1.9283990440940628,1.8283002309814564
Kepler-907 A e,Aschwaden Prediction,25.75687625,0.16930195270602613,Kepler-907 A,9.885491525,6106.0,352.0,,KOI-1613.02,5 banding 4,Not in HZ,4.262375401699018,3.374320241889944,1.9283990440940628,1.8283002309814564
Kepler-907 A f,Aschwaden Prediction,27.474001333333334,0.17674526299613944,Kepler-907 A,9.885491525,6106.0,352.0,,KOI-1613.02,4 banding 3,Not in HZ,4.262375401699018,3.374320241889944,1.9283990440940628,1.8283002309814564
Kepler-907 A g,Aschwaden Prediction,51.5137525,0.2687500978258162,Kepler-907 A,9.885491525,6106.0,352.0,,KOI-1613.02,5 banding 2,Not in HZ,4.262375401699018,3.374320241889944,1.9283990440940628,1.8283002309814564
Kepler-907 A h,Aschwaden Prediction,61.816503,0.30348422978327283,Kepler-907 A,9.885491525,6106.0,352.0,,KOI-1613.02,3 banding 1,Not in HZ,4.262375401699018,3.374320241889944,1.9283990440940628,1.8283002309814564
LkCa 15 e,Aschwaden Prediction,6572.407122,24.92219651590073,LkCa 15,12.03,4306.39,160.0,,LkCa 15 b,2 banding 1,Not in HZ,4.296180316521508,3.4027835161537023,1.8232719410321685,1.7286784063160272
LkCa 15 f,Aschwaden Prediction,4929.3053414999995,20.572819944539837,LkCa 15,12.03,4306.39,160.0,,LkCa 15 b,3 banding 2,Not in HZ,4.296180316521508,3.4027835161537023,1.8232719410321685,1.7286784063160272
LkCa 15 g,Aschwaden Prediction,5477.005935,22.069821408729105,LkCa 15,12.03,4306.39,160.0,,LkCa 15 b,5 banding 3,Not in HZ,4.296180316521508,3.4027835161537023,1.8232719410321685,1.7286784063160272
LkCa 15 h,Aschwaden Prediction,4107.75445125,18.218236171930158,LkCa 15,12.03,4306.39,160.0,,LkCa 15 b,5 banding 4,Not in HZ,4.296180316521508,3.4027835161537023,1.8232719410321685,1.7286784063160272
LkCa 15 i,Aschwaden Prediction,4381.604748,19.019195538309727,LkCa 15,12.03,4306.39,160.0,,LkCa 15 b,4 banding 3,Not in HZ,4.296180316521508,3.4027835161537023,1.8232719410321685,1.7286784063160272
LkCa 15 j,Aschwaden Prediction,8215.5089025,28.919647264327033,LkCa 15,12.03,4306.39,160.0,,LkCa 15 b,5 banding 2,Not in HZ,4.296180316521508,3.4027835161537023,1.8232719410321685,1.7286784063160272
LkCa 15 k,Aschwaden Prediction,9858.610682999999,32.657316021914895,LkCa 15,12.03,4306.39,160.0,,LkCa 15 b,3 banding 1,Not in HZ,4.296180316521508,3.4027835161537023,1.8232719410321685,1.7286784063160272
LkCa 15 l,Aschwaden Prediction,6572.407122,29.52565956660851,LkCa 15,12.03,4306.39,160.0,,LkCa 15 c,2 banding 1,Not in HZ,4.296180316521508,3.4027835161537023,1.8232719410321685,1.7286784063160272
LkCa 15 m,Aschwaden Prediction,4929.3053414999995,24.372894966142738,LkCa 15,12.03,4306.39,160.0,,LkCa 15 c,3 banding 2,Not in HZ,4.296180316521508,3.4027835161537023,1.8232719410321685,1.7286784063160272
LkCa 15 n,Aschwaden Prediction,5477.005935,26.146412624354227,LkCa 15,12.03,4306.39,160.0,,LkCa 15 c,5 banding 3,Not in HZ,4.296180316521508,3.4027835161537023,1.8232719410321685,1.7286784063160272
LkCa 15 o,Aschwaden Prediction,4107.75445125,21.583388076299425,LkCa 15,12.03,4306.39,160.0,,LkCa 15 c,5 banding 4,Not in HZ,4.296180316521508,3.4027835161537023,1.8232719410321685,1.7286784063160272
LkCa 15 p,Aschwaden Prediction,4381.604748,22.53229535111853,LkCa 15,12.03,4306.39,160.0,,LkCa 15 c,4 banding 3,Not in HZ,4.296180316521508,3.4027835161537023,1.8232719410321685,1.7286784063160272
LkCa 15 q,Aschwaden Prediction,8215.5089025,34.2614929373556,LkCa 15,12.03,4306.39,160.0,,LkCa 15 c,5 banding 2,Not in HZ,4.296180316521508,3.4027835161537023,1.8232719410321685,1.7286784063160272
LkCa 15 r,Aschwaden Prediction,9858.610682999999,38.68955910876542,LkCa 15,12.03,4306.39,160.0,,LkCa 15 c,3 banding 1,Not in HZ,4.296180316521508,3.4027835161537023,1.8232719410321685,1.7286784063160272
LoTr 5 A d,Aschwaden Prediction,11.9335,0.10556216995588526,LoTr 5 A,8.88,5410.0,498.798,,LoTr 5 Ab,2 banding 1,Not in HZ,3.875118670425618,3.0684102165562543,1.7210242786911096,1.6316899855508442
LoTr 5 A e,Aschwaden Prediction,8.950125,0.08713965135744581,LoTr 5 A,8.88,5410.0,498.798,,LoTr 5 Ab,3 banding 2,Not in HZ,3.875118670425618,3.0684102165562543,1.7210242786911096,1.6316899855508442
LoTr 5 A f,Aschwaden Prediction,9.944583333333334,0.09348045373761055,LoTr 5 A,8.88,5410.0,498.798,,LoTr 5 Ab,5 banding 3,Not in HZ,3.875118670425618,3.0684102165562543,1.7210242786911096,1.6316899855508442
LoTr 5 A g,Aschwaden Prediction,7.4584375000000005,0.07716641435881245,LoTr 5 A,8.88,5410.0,498.798,,LoTr 5 Ab,5 banding 4,Not in HZ,3.875118670425618,3.0684102165562543,1.7210242786911096,1.6316899855508442
LoTr 5 A h,Aschwaden Prediction,7.955666666666667,0.08055901294889152,LoTr 5 A,8.88,5410.0,498.798,,LoTr 5 Ab,4 banding 3,Not in HZ,3.875118670425618,3.0684102165562543,1.7210242786911096,1.6316899855508442
LoTr 5 A i,Aschwaden Prediction,14.916875000000001,0.12249404732979285,LoTr 5 A,8.88,5410.0,498.798,,LoTr 5 Ab,5 banding 2,Not in HZ,3.875118670425618,3.0684102165562543,1.7210242786911096,1.6316899855508442
LoTr 5 A j,Aschwaden Prediction,17.90025,0.13832557423295164,LoTr 5 A,8.88,5410.0,498.798,,LoTr 5 Ab,3 banding 1,Not in HZ,3.875118670425618,3.0684102165562543,1.7210242786911096,1.6316899855508442
MWC 480 d,Aschwaden Prediction,6572.407122,123.81728205351955,MWC 480,7.62,8460.0,161.8,,MWC 480 b,2 banding 1,Not in HZ,4.004266526037346,3.1690035913784147,1.8377042168893056,1.7424633354018992
MWC 480 e,Aschwaden Prediction,4929.3053414999995,102.20891437414696,MWC 480,7.62,8460.0,161.8,,MWC 480 b,3 banding 2,Not in HZ,4.004266526037346,3.1690035913784147,1.8377042168893056,1.7424633354018992
MWC 480 f,Aschwaden Prediction,5477.005935,109.6462464892274,MWC 480,7.62,8460.0,161.8,,MWC 480 b,5 banding 3,Not in HZ,4.004266526037346,3.1690035913784147,1.8377042168893056,1.7424633354018992
MWC 480 g,Aschwaden Prediction,4107.75445125,90.51098225544919,MWC 480,7.62,8460.0,161.8,,MWC 480 b,5 banding 4,Not in HZ,4.004266526037346,3.1690035913784147,1.8377042168893056,1.7424633354018992
MWC 480 h,Aschwaden Prediction,4381.604748,94.49027082727126,MWC 480,7.62,8460.0,161.8,,MWC 480 b,4 banding 3,Not in HZ,4.004266526037346,3.1690035913784147,1.8377042168893056,1.7424633354018992
MWC 480 i,Aschwaden Prediction,8215.5089025,143.67722844697508,MWC 480,7.62,8460.0,161.8,,MWC 480 b,5 banding 2,Not in HZ,4.004266526037346,3.1690035913784147,1.8377042168893056,1.7424633354018992
MWC 480 j,Aschwaden Prediction,9858.610682999999,162.2465381980485,MWC 480,7.62,8460.0,161.8,,MWC 480 b,3 banding 1,Not in HZ,4.004266526037346,3.1690035913784147,1.8377042168893056,1.7424633354018992
RX J1604.3-2130 A d,Aschwaden Prediction,6572.407122,15.239050098894714,RX J1604.3-2130 A,9.885491525,5688.237937,145.3,,RX J1604.3-2130 Ab,2 banding 1,Not in HZ,4.155264934775836,3.289952724194379,1.861027044326932,1.7644229502648114
RX J1604.3-2130 A e,Aschwaden Prediction,4929.3053414999995,12.579558692202703,RX J1604.3-2130 A,9.885491525,5688.237937,145.3,,RX J1604.3-2130 Ab,3 banding 2,Not in HZ,4.155264934775836,3.289952724194379,1.861027044326932,1.7644229502648114
RX J1604.3-2130 A f,Aschwaden Prediction,5477.005935,13.494922644827987,RX J1604.3-2130 A,9.885491525,5688.237937,145.3,,RX J1604.3-2130 Ab,5 banding 3,Not in HZ,4.155264934775836,3.289952724194379,1.861027044326932,1.7644229502648114
RX J1604.3-2130 A g,Aschwaden Prediction,4107.75445125,11.13981320067067,RX J1604.3-2130 A,9.885491525,5688.237937,145.3,,RX J1604.3-2130 Ab,5 banding 4,Not in HZ,4.155264934775836,3.289952724194379,1.861027044326932,1.7644229502648114
RX J1604.3-2130 A h,Aschwaden Prediction,4381.604748,11.629571794125694,RX J1604.3-2130 A,9.885491525,5688.237937,145.3,,RX J1604.3-2130 Ab,4 banding 3,Not in HZ,4.155264934775836,3.289952724194379,1.861027044326932,1.7644229502648114
RX J1604.3-2130 A i,Aschwaden Prediction,8215.5089025,17.683351193473854,RX J1604.3-2130 A,9.885491525,5688.237937,145.3,,RX J1604.3-2130 Ab,5 banding 2,Not in HZ,4.155264934775836,3.289952724194379,1.861027044326932,1.7644229502648114
RX J1604.3-2130 A j,Aschwaden Prediction,9858.610682999999,19.96880470129828,RX J1604.3-2130 A,9.885491525,5688.237937,145.3,,RX J1604.3-2130 Ab,3 banding 1,Not in HZ,4.155264934775836,3.289952724194379,1.861027044326932,1.7644229502648114
SAO 206462 d,Aschwaden Prediction,6572.407122,158.74010519681994,SAO 206462,8.7,5688.237937,302.4853135,,SAO 206462 b,2 banding 1,Not in HZ,3.898155966168649,3.086385354854148,1.7458751222647608,1.6552484518753583
SAO 206462 e,Aschwaden Prediction,4929.3053414999995,131.03706971044483,SAO 206462,8.7,5688.237937,302.4853135,,SAO 206462 b,3 banding 2,Not in HZ,3.898155966168649,3.086385354854148,1.7458751222647608,1.6552484518753583
SAO 206462 f,Aschwaden Prediction,5477.005935,140.57211088362487,SAO 206462,8.7,5688.237937,302.4853135,,SAO 206462 b,5 banding 3,Not in HZ,3.898155966168649,3.086385354854148,1.7458751222647608,1.6552484518753583
SAO 206462 g,Aschwaden Prediction,4107.75445125,116.03972084031949,SAO 206462,8.7,5688.237937,302.4853135,,SAO 206462 b,5 banding 4,Not in HZ,3.898155966168649,3.086385354854148,1.7458751222647608,1.6552484518753583
SAO 206462 h,Aschwaden Prediction,4381.604748,121.14137285547596,SAO 206462,8.7,5688.237937,302.4853135,,SAO 206462 b,4 banding 3,Not in HZ,3.898155966168649,3.086385354854148,1.7458751222647608,1.6552484518753583
SAO 206462 i,Aschwaden Prediction,8215.5089025,184.20157493201933,SAO 206462,8.7,5688.237937,302.4853135,,SAO 206462 b,5 banding 2,Not in HZ,3.898155966168649,3.086385354854148,1.7458751222647608,1.6552484518753583
SAO 206462 j,Aschwaden Prediction,9858.610682999999,208.00838230519042,SAO 206462,8.7,5688.237937,302.4853135,,SAO 206462 b,3 banding 1,Not in HZ,3.898155966168649,3.086385354854148,1.7458751222647608,1.6552484518753583
Sand 178 f,Aschwaden Prediction,39.98,25.61150500874039,Sand 178,14.0,3520.0,58.8285,,Sand 178 c,2 banding 1,Not in HZ,4.56052840973082,3.612576840670404,1.8615766009098846,1.7650734837163284
Sand 178 g,Aschwaden Prediction,29.985,21.141831568390277,Sand 178,14.0,3520.0,58.8285,,Sand 178 c,3 banding 2,Not in HZ,4.56052840973082,3.612576840670404,1.8615766009098846,1.7650734837163284
Sand 178 h,Aschwaden Prediction,33.31666666666666,22.680237722667787,Sand 178,14.0,3520.0,58.8285,,Sand 178 c,5 banding 3,Not in HZ,4.56052840973082,3.612576840670404,1.8615766009098846,1.7650734837163284
Sand 178 i,Aschwaden Prediction,24.987499999999997,18.722123736971145,Sand 178,14.0,3520.0,58.8285,,Sand 178 c,5 banding 4,Not in HZ,4.56052840973082,3.612576840670404,1.8615766009098846,1.7650734837163284
Sand 178 j,Aschwaden Prediction,26.653333333333332,19.545236371154086,Sand 178,14.0,3520.0,58.8285,,Sand 178 c,4 banding 3,Not in HZ,4.56052840973082,3.612576840670404,1.8615766009098846,1.7650734837163284
Sand 178 k,Aschwaden Prediction,49.974999999999994,29.71951891514679,Sand 178,14.0,3520.0,58.8285,,Sand 178 c,5 banding 2,Not in HZ,4.56052840973082,3.612576840670404,1.8615766009098846,1.7650734837163284
Sand 178 l,Aschwaden Prediction,59.97,33.56056567219722,Sand 178,14.0,3520.0,58.8285,,Sand 178 c,3 banding 1,Not in HZ,4.56052840973082,3.612576840670404,1.8615766009098846,1.7650734837163284
Sand 178 m,Aschwaden Prediction,372.74,25.61150500874039,Sand 178,14.0,3520.0,58.8285,,Sand 178 d,2 banding 1,Not in HZ,4.56052840973082,3.612576840670404,1.8615766009098846,1.7650734837163284
Sand 178 n,Aschwaden Prediction,279.555,21.141831568390277,Sand 178,14.0,3520.0,58.8285,,Sand 178 d,3 banding 2,Not in HZ,4.56052840973082,3.612576840670404,1.8615766009098846,1.7650734837163284
Sand 178 o,Aschwaden Prediction,310.6166666666667,22.680237722667787,Sand 178,14.0,3520.0,58.8285,,Sand 178 d,5 banding 3,Not in HZ,4.56052840973082,3.612576840670404,1.8615766009098846,1.7650734837163284
Sand 178 p,Aschwaden Prediction,232.9625,18.722123736971145,Sand 178,14.0,3520.0,58.8285,,Sand 178 d,5 banding 4,Not in HZ,4.56052840973082,3.612576840670404,1.8615766009098846,1.7650734837163284
Sand 178 q,Aschwaden Prediction,248.49333333333334,19.545236371154083,Sand 178,14.0,3520.0,58.8285,,Sand 178 d,4 banding 3,Not in HZ,4.56052840973082,3.612576840670404,1.8615766009098846,1.7650734837163284
Sand 178 r,Aschwaden Prediction,465.925,29.71951891514679,Sand 178,14.0,3520.0,58.8285,,Sand 178 d,5 banding 2,Not in HZ,4.56052840973082,3.612576840670404,1.8615766009098846,1.7650734837163284
Sand 178 s,Aschwaden Prediction,559.11,33.56056567219722,Sand 178,14.0,3520.0,58.8285,,Sand 178 d,3 banding 1,Not in HZ,4.56052840973082,3.612576840670404,1.8615766009098846,1.7650734837163284
T Tau N c,Aschwaden Prediction,6572.407122,19.048812623618392,T Tau N,10.12,4580.0,143.7,,T Tau N b,2 banding 1,Not in HZ,3.9768118178380023,3.1496464430611892,1.7094305346050187,1.6207262526795818
T Tau N d,Aschwaden Prediction,4929.3053414999995,15.724448365253378,T Tau N,10.12,4580.0,143.7,,T Tau N b,3 banding 2,Not in HZ,3.9768118178380023,3.1496464430611892,1.7094305346050187,1.6207262526795818
T Tau N e,Aschwaden Prediction,5477.005935,16.868653306034986,T Tau N,10.12,4580.0,143.7,,T Tau N b,5 banding 3,Not in HZ,3.9768118178380023,3.1496464430611892,1.7094305346050187,1.6207262526795818
T Tau N f,Aschwaden Prediction,4107.75445125,13.924766500838338,T Tau N,10.12,4580.0,143.7,,T Tau N b,5 banding 4,Not in HZ,3.9768118178380023,3.1496464430611892,1.7094305346050187,1.6207262526795818
T Tau N g,Aschwaden Prediction,4381.604748,14.536964742657116,T Tau N,10.12,4580.0,143.7,,T Tau N b,4 banding 3,Not in HZ,3.9768118178380023,3.1496464430611892,1.7094305346050187,1.6207262526795818
T Tau N h,Aschwaden Prediction,8215.5089025,22.104188991842317,T Tau N,10.12,4580.0,143.7,,T Tau N b,5 banding 2,Not in HZ,3.9768118178380023,3.1496464430611892,1.7094305346050187,1.6207262526795818
T Tau N i,Aschwaden Prediction,9858.610682999999,24.96100587662285,T Tau N,10.12,4580.0,143.7,,T Tau N b,3 banding 1,Not in HZ,3.9768118178380023,3.1496464430611892,1.7094305346050187,1.6207262526795818
TOI-1438 d,Aschwaden Prediction,10.279325,0.08889445891021916,TOI-1438,9.885491525,5269.0,110.51,,TOI-1438 b,2 banding 1,Not in HZ,4.057049100761274,3.2126037648148205,1.7932401256107293,1.7001598798546975
TOI-1438 e,Aschwaden Prediction,7.70949375,0.0733807590378491,TOI-1438,9.885491525,5269.0,110.51,,TOI-1438 b,3 banding 2,Not in HZ,4.057049100761274,3.2126037648148205,1.7932401256107293,1.7001598798546975
TOI-1438 f,Aschwaden Prediction,8.566104166666667,0.07872038209482993,TOI-1438,9.885491525,5269.0,110.51,,TOI-1438 b,5 banding 3,Not in HZ,4.057049100761274,3.2126037648148205,1.7932401256107293,1.7001598798546975
TOI-1438 g,Aschwaden Prediction,6.424578125,0.0649822436705789,TOI-1438,9.885491525,5269.0,110.51,,TOI-1438 b,5 banding 4,Not in HZ,4.057049100761274,3.2126037648148205,1.7932401256107293,1.7001598798546975
TOI-1438 h,Aschwaden Prediction,6.852883333333334,0.06783916879906655,TOI-1438,9.885491525,5269.0,110.51,,TOI-1438 b,4 banding 3,Not in HZ,4.057049100761274,3.2126037648148205,1.7932401256107293,1.7001598798546975
TOI-1438 i,Aschwaden Prediction,12.84915625,0.10315288196193081,TOI-1438,9.885491525,5269.0,110.51,,TOI-1438 b,5 banding 2,Not in HZ,4.057049100761274,3.2126037648148205,1.7932401256107293,1.7001598798546975
TOI-1438 j,Aschwaden Prediction,15.4189875,0.11648469409090663,TOI-1438,9.885491525,5269.0,110.51,,TOI-1438 b,3 banding 1,Not in HZ,4.057049100761274,3.2126037648148205,1.7932401256107293,1.7001598798546975
TOI-193 d,Aschwaden Prediction,1.5842,25.61150500874039,TOI-193,9.885491525,5222.0,302.4853135,,TOI-193 b,2 banding 1,Not in HZ,4.04690162758183,3.204613036850211,1.7857752463689445,1.693083545359642
TOI-193 e,Aschwaden Prediction,1.18815,21.141831568390277,TOI-193,9.885491525,5222.0,302.4853135,,TOI-193 b,3 banding 2,Not in HZ,4.04690162758183,3.204613036850211,1.7857752463689445,1.693083545359642
TOI-193 f,Aschwaden Prediction,1.3201666666666667,22.680237722667787,TOI-193,9.885491525,5222.0,302.4853135,,TOI-193 b,5 banding 3,Not in HZ,4.04690162758183,3.204613036850211,1.7857752463689445,1.693083545359642
TOI-193 g,Aschwaden Prediction,0.990125,18.722123736971145,TOI-193,9.885491525,5222.0,302.4853135,,TOI-193 b,5 banding 4,Not in HZ,4.04690162758183,3.204613036850211,1.7857752463689445,1.693083545359642
TOI-193 h,Aschwaden Prediction,1.0561333333333334,19.545236371154083,TOI-193,9.885491525,5222.0,302.4853135,,TOI-193 b,4 banding 3,Not in HZ,4.04690162758183,3.204613036850211,1.7857752463689445,1.693083545359642
TOI-193 i,Aschwaden Prediction,1.98025,29.71951891514679,TOI-193,9.885491525,5222.0,302.4853135,,TOI-193 b,5 banding 2,Not in HZ,4.04690162758183,3.204613036850211,1.7857752463689445,1.693083545359642
TOI-193 j,Aschwaden Prediction,2.3763,33.56056567219722,TOI-193,9.885491525,5222.0,302.4853135,,TOI-193 b,3 banding 1,Not in HZ,4.04690162758183,3.204613036850211,1.7857752463689445,1.693083545359642
TW Hya h,Aschwaden Prediction,7.12,0.06508344313069618,TW Hya,11.1,4050.0,60.0,,TW Hya c,2 banding 1,Not in HZ,4.098773007995753,3.2465740654798894,1.7178649772123877,1.6287597510986063
TW Hya i,Aschwaden Prediction,5.34,0.05372519858128238,TW Hya,11.1,4050.0,60.0,,TW Hya c,3 banding 2,Not in HZ,4.098773007995753,3.2465740654798894,1.7178649772123877,1.6287597510986063
TW Hya j,Aschwaden Prediction,5.933333333333334,0.0576345654622862,TW Hya,11.1,4050.0,60.0,,TW Hya c,5 banding 3,Not in HZ,4.098773007995753,3.2465740654798894,1.7178649772123877,1.6287597510986063
TW Hya k,Aschwaden Prediction,4.45,0.04757628554453099,TW Hya,11.1,4050.0,60.0,,TW Hya c,5 banding 4,Not in HZ,4.098773007995753,3.2465740654798894,1.7178649772123877,1.6287597510986063
TW Hya l,Aschwaden Prediction,4.746666666666667,0.04966796287074516,TW Hya,11.1,4050.0,60.0,,TW Hya c,4 banding 3,Not in HZ,4.098773007995753,3.2465740654798894,1.7178649772123877,1.6287597510986063
TW Hya m,Aschwaden Prediction,8.9,0.07552264572212793,TW Hya,11.1,4050.0,60.0,,TW Hya c,5 banding 2,Not in HZ,4.098773007995753,3.2465740654798894,1.7178649772123877,1.6287597510986063
TW Hya n,Aschwaden Prediction,10.68,0.08528343674512807,TW Hya,11.1,4050.0,60.0,,TW Hya c,3 banding 1,Not in HZ,4.098773007995753,3.2465740654798894,1.7178649772123877,1.6287597510986063
TW Hya o,Aschwaden Prediction,6572.407122,38.097625247236785,TW Hya,11.1,4050.0,60.0,,TW Hya d,2 banding 1,Not in HZ,4.098773007995753,3.2465740654798894,1.7178649772123877,1.6287597510986063
TW Hya p,Aschwaden Prediction,4929.3053414999995,31.448896730506757,TW Hya,11.1,4050.0,60.0,,TW Hya d,3 banding 2,Not in HZ,4.098773007995753,3.2465740654798894,1.7178649772123877,1.6287597510986063
TW Hya q,Aschwaden Prediction,5477.005935,33.73730661206997,TW Hya,11.1,4050.0,60.0,,TW Hya d,5 banding 3,Not in HZ,4.098773007995753,3.2465740654798894,1.7178649772123877,1.6287597510986063
TW Hya r,Aschwaden Prediction,4107.75445125,27.849533001676676,TW Hya,11.1,4050.0,60.0,,TW Hya d,5 banding 4,Not in HZ,4.098773007995753,3.2465740654798894,1.7178649772123877,1.6287597510986063
TW Hya s,Aschwaden Prediction,4381.604748,29.07392948531423,TW Hya,11.1,4050.0,60.0,,TW Hya d,4 banding 3,Not in HZ,4.098773007995753,3.2465740654798894,1.7178649772123877,1.6287597510986063
TW Hya t,Aschwaden Prediction,8215.5089025,44.208377983684635,TW Hya,11.1,4050.0,60.0,,TW Hya d,5 banding 2,Not in HZ,4.098773007995753,3.2465740654798894,1.7178649772123877,1.6287597510986063
TW Hya u,Aschwaden Prediction,9858.610682999999,49.9220117532457,TW Hya,11.1,4050.0,60.0,,TW Hya d,3 banding 1,Not in HZ,4.098773007995753,3.2465740654798894,1.7178649772123877,1.6287597510986063
TW Hya v,Aschwaden Prediction,6572.407122,126.99208415745595,TW Hya,11.1,4050.0,60.0,,TW Hya f,2 banding 1,Not in HZ,4.098773007995753,3.2465740654798894,1.7178649772123877,1.6287597510986063
TW Hya w,Aschwaden Prediction,4929.3053414999995,104.82965576835585,TW Hya,11.1,4050.0,60.0,,TW Hya f,3 banding 2,Not in HZ,4.098773007995753,3.2465740654798894,1.7178649772123877,1.6287597510986063
TW Hya x,Aschwaden Prediction,5477.005935,112.45768870689989,TW Hya,11.1,4050.0,60.0,,TW Hya f,5 banding 3,Not in HZ,4.098773007995753,3.2465740654798894,1.7178649772123877,1.6287597510986063
TW Hya y,Aschwaden Prediction,4107.75445125,92.83177667225559,TW Hya,11.1,4050.0,60.0,,TW Hya f,5 banding 4,Not in HZ,4.098773007995753,3.2465740654798894,1.7178649772123877,1.6287597510986063
TW Hya z,Aschwaden Prediction,4381.604748,96.91309828438078,TW Hya,11.1,4050.0,60.0,,TW Hya f,4 banding 3,Not in HZ,4.098773007995753,3.2465740654798894,1.7178649772123877,1.6287597510986063
TW Hya aa,Aschwaden Prediction,8215.5089025,147.36125994561544,TW Hya,11.1,4050.0,60.0,,TW Hya f,5 banding 2,Not in HZ,4.098773007995753,3.2465740654798894,1.7178649772123877,1.6287597510986063
TW Hya ba,Aschwaden Prediction,9858.610682999999,166.40670584415233,TW Hya,11.1,4050.0,60.0,,TW Hya f,3 banding 1,Not in HZ,4.098773007995753,3.2465740654798894,1.7178649772123877,1.6287597510986063
beta Pic b,Aschwaden Prediction,6572.407122,8.730705785825096,beta Pic,3.86,8052.0,19.3,,Exocomet beta Pic 1,2 banding 1,Not in HZ,2.876314377561869,2.2762418371258426,1.321699828979358,1.2531667161520263
beta Pic c,Aschwaden Prediction,4929.3053414999995,7.207038834074465,beta Pic,3.86,8052.0,19.3,,Exocomet beta Pic 1,3 banding 2,Not in HZ,2.876314377561869,2.2762418371258426,1.321699828979358,1.2531667161520263
beta Pic d,Aschwaden Prediction,5477.005935,7.731466098599368,beta Pic,3.86,8052.0,19.3,,Exocomet beta Pic 1,5 banding 3,Not in HZ,2.876314377561869,2.2762418371258426,1.321699828979358,1.2531667161520263
beta Pic e,Aschwaden Prediction,4107.75445125,6.3821846462175715,beta Pic,3.86,8052.0,19.3,,Exocomet beta Pic 1,5 banding 4,Not in HZ,2.876314377561869,2.2762418371258426,1.321699828979358,1.2531667161520263
beta Pic f,Aschwaden Prediction,4381.604748,6.662775507051179,beta Pic,3.86,8052.0,19.3,,Exocomet beta Pic 1,4 banding 3,Not in HZ,2.876314377561869,2.2762418371258426,1.321699828979358,1.2531667161520263
beta Pic g,Aschwaden Prediction,8215.5089025,10.131086621261062,beta Pic,3.86,8052.0,19.3,,Exocomet beta Pic 1,5 banding 2,Not in HZ,2.876314377561869,2.2762418371258426,1.321699828979358,1.2531667161520263
beta Pic h,Aschwaden Prediction,9858.610682999999,11.440461026785472,beta Pic,3.86,8052.0,19.3,,Exocomet beta Pic 1,3 banding 1,Not in HZ,2.876314377561869,2.2762418371258426,1.321699828979358,1.2531667161520263
delta Pav d,Aschwaden Prediction,114.0,0.4587589040188096,delta Pav,3.55,5590.39,6.094,,delta Pav b,2 banding 1,Conservative HZ,2.4756945517458604,1.960204007755433,1.1056909339913021,1.0482959013017048
delta Pav e,Aschwaden Prediction,85.5,0.3786971314631855,delta Pav,3.55,5590.39,6.094,,delta Pav b,3 banding 2,Conservative HZ,2.4756945517458604,1.960204007755433,1.1056909339913021,1.0482959013017048
delta Pav f,Aschwaden Prediction,95.0,0.40625340045367586,delta Pav,3.55,5590.39,6.094,,delta Pav b,5 banding 3,Conservative HZ,2.4756945517458604,1.960204007755433,1.1056909339913021,1.0482959013017048
delta Pav g,Aschwaden Prediction,71.25,0.3353547932285233,delta Pav,3.55,5590.39,6.094,,delta Pav b,5 banding 4,Optimistic HZ,2.4756945517458604,1.960204007755433,1.1056909339913021,1.0482959013017048
delta Pav h,Aschwaden Prediction,76.0,0.35009856755232555,delta Pav,3.55,5590.39,6.094,,delta Pav b,4 banding 3,Conservative HZ,2.4756945517458604,1.960204007755433,1.1056909339913021,1.0482959013017048
delta Pav i,Aschwaden Prediction,142.5,0.5323425515535358,delta Pav,3.55,5590.39,6.094,,delta Pav b,5 banding 2,Conservative HZ,2.4756945517458604,1.960204007755433,1.1056909339913021,1.0482959013017048
delta Pav j,Aschwaden Prediction,171.0,0.6011442248620003,delta Pav,3.55,5590.39,6.094,,delta Pav b,3 banding 1,Conservative HZ,2.4756945517458604,1.960204007755433,1.1056909339913021,1.0482959013017048
eps Crv d,Aschwaden Prediction,4.5834119,0.08413225575431456,eps Crv,2.98,4314.0,302.4853135,,eps Crv b,2 banding 1,Not in HZ,2.1387353404478797,1.6939797950897704,0.9079968675577511,0.8608886215915668
eps Crv e,Aschwaden Prediction,3.437558925,0.06944964694653576,eps Crv,2.98,4314.0,302.4853135,,eps Crv b,3 banding 2,Not in HZ,2.1387353404478797,1.6939797950897704,0.9079968675577511,0.8608886215915668
eps Crv f,Aschwaden Prediction,3.8195099166666666,0.07450321876832118,eps Crv,2.98,4314.0,302.4853135,,eps Crv b,5 banding 3,Not in HZ,2.1387353404478797,1.6939797950897704,0.9079968675577511,0.8608886215915668
eps Crv g,Aschwaden Prediction,2.8646324375,0.06150105204536933,eps Crv,2.98,4314.0,302.4853135,,eps Crv b,5 banding 4,Not in HZ,2.1387353404478797,1.6939797950897704,0.9079968675577511,0.8608886215915668
eps Crv h,Aschwaden Prediction,3.055607933333333,0.06420492761340227,eps Crv,2.98,4314.0,302.4853135,,eps Crv b,4 banding 3,Not in HZ,2.1387353404478797,1.6939797950897704,0.9079968675577511,0.8608886215915668
eps Crv i,Aschwaden Prediction,5.729264875,0.09762683471397024,eps Crv,2.98,4314.0,302.4853135,,eps Crv b,5 banding 2,Not in HZ,2.1387353404478797,1.6939797950897704,0.9079968675577511,0.8608886215915668
eps Crv j,Aschwaden Prediction,6.87511785,0.11024444262175091,eps Crv,2.98,4314.0,302.4853135,,eps Crv b,3 banding 1,Not in HZ,2.1387353404478797,1.6939797950897704,0.9079968675577511,0.8608886215915668
ome2 Sco d,Aschwaden Prediction,843.8497746,1.7477285582169875,ome2 Sco,4.33,5313.0,91.9469,,ome2 Sco b,2 banding 1,Not in HZ,2.691470484167191,2.13123237419159,1.1914638306906575,1.1296188882251776
ome2 Sco e,Aschwaden Prediction,632.88733095,1.4427181375119975,ome2 Sco,4.33,5313.0,91.9469,,ome2 Sco b,3 banding 2,Not in HZ,2.691470484167191,2.13123237419159,1.1914638306906575,1.1296188882251776
ome2 Sco f,Aschwaden Prediction,703.2081455000001,1.5476989408287098,ome2 Sco,4.33,5313.0,91.9469,,ome2 Sco b,5 banding 3,Not in HZ,2.691470484167191,2.13123237419159,1.1914638306906575,1.1296188882251776
ome2 Sco g,Aschwaden Prediction,527.4061091250001,1.2775973264519174,ome2 Sco,4.33,5313.0,91.9469,,ome2 Sco b,5 banding 4,Not in HZ,2.691470484167191,2.13123237419159,1.1914638306906575,1.1296188882251776
ome2 Sco h,Aschwaden Prediction,562.5665164000001,1.3337665151387907,ome2 Sco,4.33,5313.0,91.9469,,ome2 Sco b,4 banding 3,Not in HZ,2.691470484167191,2.13123237419159,1.1914638306906575,1.1296188882251776
ome2 Sco i,Aschwaden Prediction,1054.8122182500001,2.0280593400015325,ome2 Sco,4.33,5313.0,91.9469,,ome2 Sco b,5 banding 2,Not in HZ,2.691470484167191,2.13123237419159,1.1914638306906575,1.1296188882251776
ome2 Sco j,Aschwaden Prediction,1265.7746619,2.2901722891801457,ome2 Sco,4.33,5313.0,91.9469,,ome2 Sco b,3 banding 1,Not in HZ,2.691470484167191,2.13123237419159,1.1914638306906575,1.1296188882251776
psi UMa d,Aschwaden Prediction,927.2,2.285857514834207,psi UMa,3.01,4537.0,45.02477,,psi UMa b,2 banding 1,Not in HZ,2.1654181642396746,1.7150340958110595,0.9289843959901769,0.880779652348132
psi UMa e,Aschwaden Prediction,695.4000000000001,1.8869338038304058,psi UMa,3.01,4537.0,45.02477,,psi UMa b,3 banding 2,Not in HZ,2.1654181642396746,1.7150340958110595,0.9289843959901769,0.880779652348132
psi UMa f,Aschwaden Prediction,772.6666666666666,2.024238396724198,psi UMa,3.01,4537.0,45.02477,,psi UMa b,5 banding 3,Not in HZ,2.1654181642396746,1.7150340958110595,0.9289843959901769,0.880779652348132
psi UMa g,Aschwaden Prediction,579.5,1.6709719801006004,psi UMa,3.01,4537.0,45.02477,,psi UMa b,5 banding 4,Not in HZ,2.1654181642396746,1.7150340958110595,0.9289843959901769,0.880779652348132
psi UMa h,Aschwaden Prediction,618.1333333333333,1.744435769118854,psi UMa,3.01,4537.0,45.02477,,psi UMa b,4 banding 3,Not in HZ,2.1654181642396746,1.7150340958110595,0.9289843959901769,0.880779652348132
psi UMa i,Aschwaden Prediction,1159.0,2.652502679021078,psi UMa,3.01,4537.0,45.02477,,psi UMa b,5 banding 2,Not in HZ,2.1654181642396746,1.7150340958110595,0.9289843959901769,0.880779652348132
psi UMa j,Aschwaden Prediction,1390.8000000000002,2.9953207051947417,psi UMa,3.01,4537.0,45.02477,,psi UMa b,3 banding 1,Not in HZ,2.1654181642396746,1.7150340958110595,0.9289843959901769,0.880779652348132
tau Cet j,Aschwaden Prediction,27.93,0.16667711045666092,tau Cet,3.5,5344.0,3.65,,tau Cet b,2 banding 1,Not in HZ,2.42391658510186,1.919352734373336,1.0741561701138365,1.0183999279968026
tau Cet k,Aschwaden Prediction,20.947499999999998,0.13758892319596705,tau Cet,3.5,5344.0,3.65,,tau Cet b,3 banding 2,Not in HZ,2.42391658510186,1.919352734373336,1.0741561701138365,1.0183999279968026
tau Cet l,Aschwaden Prediction,23.275000000000002,0.14760071642780612,tau Cet,3.5,5344.0,3.65,,tau Cet b,5 banding 3,Not in HZ,2.42391658510186,1.919352734373336,1.0741561701138365,1.0183999279968026
tau Cet m,Aschwaden Prediction,17.45625,0.12184170688233545,tau Cet,3.5,5344.0,3.65,,tau Cet b,5 banding 4,Not in HZ,2.42391658510186,1.919352734373336,1.0741561701138365,1.0183999279968026
tau Cet n,Aschwaden Prediction,18.62,0.1271984414982498,tau Cet,3.5,5344.0,3.65,,tau Cet b,4 banding 3,Not in HZ,2.42391658510186,1.919352734373336,1.0741561701138365,1.0183999279968026
tau Cet o,Aschwaden Prediction,34.9125,0.1934116536786203,tau Cet,3.5,5344.0,3.65,,tau Cet b,5 banding 2,Not in HZ,2.42391658510186,1.919352734373336,1.0741561701138365,1.0183999279968026
tau Cet p,Aschwaden Prediction,41.894999999999996,0.21840880142044988,tau Cet,3.5,5344.0,3.65,,tau Cet b,3 banding 1,Not in HZ,2.42391658510186,1.919352734373336,1.0741561701138365,1.0183999279968026
tau Cet q,Aschwaden Prediction,70.724,0.3095432051337989,tau Cet,3.5,5344.0,3.65,,tau Cet c,2 banding 1,Optimistic HZ,2.42391658510186,1.919352734373336,1.0741561701138365,1.0183999279968026
tau Cet r,Aschwaden Prediction,53.043000000000006,0.2555222859353674,tau Cet,3.5,5344.0,3.65,,tau Cet c,3 banding 2,Not in HZ,2.42391658510186,1.919352734373336,1.0741561701138365,1.0183999279968026
tau Cet s,Aschwaden Prediction,58.93666666666667,0.2741156162230685,tau Cet,3.5,5344.0,3.65,,tau Cet c,5 banding 3,Not in HZ,2.42391658510186,1.919352734373336,1.0741561701138365,1.0183999279968026
tau Cet t,Aschwaden Prediction,44.2025,0.226277455638623,tau Cet,3.5,5344.0,3.65,,tau Cet c,5 banding 4,Not in HZ,2.42391658510186,1.919352734373336,1.0741561701138365,1.0183999279968026
tau Cet u,Aschwaden Prediction,47.14933333333334,0.23622567706817818,tau Cet,3.5,5344.0,3.65,,tau Cet c,4 banding 3,Not in HZ,2.42391658510186,1.919352734373336,1.0741561701138365,1.0183999279968026
tau Cet v,Aschwaden Prediction,88.405,0.3591930711174377,tau Cet,3.5,5344.0,3.65,,tau Cet c,5 banding 2,Conservative HZ,2.42391658510186,1.919352734373336,1.0741561701138365,1.0183999279968026
tau Cet w,Aschwaden Prediction,106.08600000000001,0.4056163454951213,tau Cet,3.5,5344.0,3.65,,tau Cet c,3 banding 1,Conservative HZ,2.42391658510186,1.919352734373336,1.0741561701138365,1.0183999279968026
tau Cet x,Aschwaden Prediction,188.22,0.5936879934361066,tau Cet,3.5,5344.0,3.65,,tau Cet d,2 banding 1,Conservative HZ,2.42391658510186,1.919352734373336,1.0741561701138365,1.0183999279968026
tau Cet y,Aschwaden Prediction,141.165,0.49007864071706364,tau Cet,3.5,5344.0,3.65,,tau Cet d,3 banding 2,Conservative HZ,2.42391658510186,1.919352734373336,1.0741561701138365,1.0183999279968026
tau Cet z,Aschwaden Prediction,156.85,0.525739694704757,tau Cet,3.5,5344.0,3.65,,tau Cet d,5 banding 3,Conservative HZ,2.42391658510186,1.919352734373336,1.0741561701138365,1.0183999279968026
tau Cet aa,Aschwaden Prediction,117.6375,0.43398855594279484,tau Cet,3.5,5344.0,3.65,,tau Cet d,5 banding 4,Conservative HZ,2.42391658510186,1.919352734373336,1.0741561701138365,1.0183999279968026
tau Cet ba,Aschwaden Prediction,125.48,0.4530687344794802,tau Cet,3.5,5344.0,3.65,,tau Cet d,4 banding 3,Conservative HZ,2.42391658510186,1.919352734373336,1.0741561701138365,1.0183999279968026
tau Cet ca,Aschwaden Prediction,235.275,0.6889138902457522,tau Cet,3.5,5344.0,3.65,,tau Cet d,5 banding 2,Conservative HZ,2.42391658510186,1.919352734373336,1.0741561701138365,1.0183999279968026
tau Cet da,Aschwaden Prediction,282.33,0.7779513498214121,tau Cet,3.5,5344.0,3.65,,tau Cet d,3 banding 1,Conservative HZ,2.42391658510186,1.919352734373336,1.0741561701138365,1.0183999279968026
